-- MySQL dump 10.13  Distrib 8.4.3, for Win64 (x86_64)
--
-- Host: localhost    Database: hajee_local
-- ------------------------------------------------------
-- Server version	8.4.3

/*!40101 SET @OLD_CHARACTER_SET_CLIENT=@@CHARACTER_SET_CLIENT */;
/*!40101 SET @OLD_CHARACTER_SET_RESULTS=@@CHARACTER_SET_RESULTS */;
/*!40101 SET @OLD_COLLATION_CONNECTION=@@COLLATION_CONNECTION */;
/*!50503 SET NAMES utf8mb4 */;
/*!40103 SET @OLD_TIME_ZONE=@@TIME_ZONE */;
/*!40103 SET TIME_ZONE='+00:00' */;
/*!40014 SET @OLD_UNIQUE_CHECKS=@@UNIQUE_CHECKS, UNIQUE_CHECKS=0 */;
/*!40014 SET @OLD_FOREIGN_KEY_CHECKS=@@FOREIGN_KEY_CHECKS, FOREIGN_KEY_CHECKS=0 */;
/*!40101 SET @OLD_SQL_MODE=@@SQL_MODE, SQL_MODE='NO_AUTO_VALUE_ON_ZERO' */;
/*!40111 SET @OLD_SQL_NOTES=@@SQL_NOTES, SQL_NOTES=0 */;

--
-- Table structure for table `achievements`
--

DROP TABLE IF EXISTS `achievements`;
/*!40101 SET @saved_cs_client     = @@character_set_client */;
/*!50503 SET character_set_client = utf8mb4 */;
CREATE TABLE `achievements` (
  `id` bigint unsigned NOT NULL AUTO_INCREMENT,
  `title` varchar(255) COLLATE utf8mb4_unicode_ci NOT NULL,
  `slug` varchar(255) COLLATE utf8mb4_unicode_ci NOT NULL,
  `excerpt` text COLLATE utf8mb4_unicode_ci,
  `content` longtext COLLATE utf8mb4_unicode_ci,
  `google_drive_folder_link` text COLLATE utf8mb4_unicode_ci,
  `image_url` text COLLATE utf8mb4_unicode_ci,
  `additional_images` longtext CHARACTER SET utf8mb4 COLLATE utf8mb4_bin,
  `author` varchar(255) COLLATE utf8mb4_unicode_ci DEFAULT NULL,
  `published_at` datetime DEFAULT NULL,
  `is_active` tinyint(1) NOT NULL DEFAULT '1',
  `order` int NOT NULL DEFAULT '0',
  `created_at` timestamp NULL DEFAULT NULL,
  `updated_at` timestamp NULL DEFAULT NULL,
  PRIMARY KEY (`id`),
  UNIQUE KEY `achievements_slug_unique` (`slug`),
  KEY `achievements_active_published_idx` (`is_active`,`published_at`),
  KEY `achievements_slug_idx` (`slug`),
  CONSTRAINT `achievements_chk_1` CHECK (json_valid(`additional_images`))
) ENGINE=InnoDB AUTO_INCREMENT=26 DEFAULT CHARSET=utf8mb4 COLLATE=utf8mb4_unicode_ci;
/*!40101 SET character_set_client = @saved_cs_client */;

--
-- Dumping data for table `achievements`
--

LOCK TABLES `achievements` WRITE;
/*!40000 ALTER TABLE `achievements` DISABLE KEYS */;
INSERT INTO `achievements` VALUES (10,'Champion in Debate for Democracy!','champion-in-debate-for-democracy',NULL,'<p>DCGPSC debate team became champion in Debate for Democracy parliamentary debate defeating Saint Joseph College in the final.&nbsp;</p>',NULL,'https://drive.google.com/file/d/1mfT1C2Fk3No-08x0PVzjo5zjwYesiynU/view?usp=sharing',NULL,'barisal-admin','2025-02-23 05:37:07',1,0,'2026-03-24 23:38:20','2026-03-24 23:42:25'),(11,'National Champion in Wildlife Olympiad!','national-champion-in-wildlife-olympiad',NULL,'<p>Zerin Tasnim, a student of class XII of this college, became the champion in Wildlife Olympiad 2024 at National level. Heartiest congratulations to her and her parents from DCGPSC family on this outstanding achievement.</p>',NULL,'https://drive.google.com/file/d/1BKEveMoZvlg9DsGp5nlK-3frE0UzTmc9/view?usp=sharing',NULL,'barisal-admin','2024-11-10 00:38:20',1,0,'2026-03-24 23:40:23','2026-03-24 23:43:02'),(12,'Outstanding Result in HSC 2024!','outstanding-result-in-hsc-2024',NULL,'<p>Out of 536 students, 534 passed and 306 achieved GPA 5.00.</p><p>Congrats to the successful students and their parents from DCGPSC family!</p>',NULL,'https://drive.google.com/file/d/1ydTYVMiipFx7sZTGYam9qhVH2ZgKQPqH/view?usp=sharing',NULL,'barisal-admin','2024-10-15 05:40:23',1,0,'2026-03-24 23:41:38','2026-03-24 23:43:24'),(13,'Great Achievements in Neutropedia 2.0 Fest!','great-achievements-in-neutropedia-20-fest',NULL,'<p>We are delighted to share the remarkable achievements of our students at the Neutropedia 2.0 Fest organized by BAFSDGT. Our students performed exceptionally well, and their hard work has paid off. Here are the highlights -</p><ul><li><strong>Green Pitch:</strong> Runner-up</li><li><strong>Wall Magazine:</strong> Champions</li><li><strong>Quiz: </strong>1st and 2nd Place</li><li><strong>Extempore Speech:</strong> Runner-up</li></ul><p>And, our students secured <strong>2nd place in the essay competition at BUET Environment Fest </strong>on June 10th.</p><p>Congratulations to all the successful students and teams from DCGPSC Family!</p>','https://drive.google.com/file/d/1fDh_O9usvkheCJ-UEvxcvGuRwR3wUoaC/view?usp=sharing','https://drive.google.com/file/d/1fDh_O9usvkheCJ-UEvxcvGuRwR3wUoaC/view?usp=sharing',NULL,'barisal-admin','2024-06-13 02:48:41',1,0,'2026-03-30 21:05:00','2026-03-30 21:40:34'),(15,'Outstanding Result in SSC - 2024','outstanding-result-in-ssc-2024',NULL,'<p>SSC Result 2024!</p><p>162 Students achieved GPA of 5.00 in SSC Examination.</p><p>Congrats to the successful student and their parents!</p>',NULL,'https://drive.google.com/file/d/12yY-7GLvsgF3uNaSNB66p3bDGdIBwV1t/view?usp=sharing',NULL,'barisal-admin','2024-03-31 03:09:43',1,0,'2026-03-30 21:10:15','2026-03-30 21:35:32'),(16,'Outstanding Result in SSC - 2023','outstanding-result-in-ssc-2023',NULL,'<p>Students brought out another glorious result in SSC - 2023. 126 Out of 177 students achieved GPA 5.00 with 100% pass rate. 10 out of 36 students secured GPA 5.00 in Business Studies group and 116 out of 141 students secured GPA 5.00 in Science group.</p><p>Congrats</p><p>to the successful students and guardians from DCGPSC family!</p>',NULL,'https://drive.google.com/file/d/1p7wsr2hrNQ1veklo3In3S_vMNTrJNFyX/view?usp=sharing',NULL,'barisal-admin','2023-08-28 03:10:15',1,0,'2026-03-30 21:11:59','2026-03-30 21:35:25'),(17,'First position in `Bangabandhu Srijonshil Medha Onneshon 2023`!','first-position-in-bangabandhu-srijonshil-medha-onneshon-2023',NULL,'<p>Samailah Tazrian, a student of class VIII, secured first position in \'Bhasha O Sahitya\' category in \'Bangabandhu Srijonshil Medha Onneshon 2023\' in VI to VIII group in Dhaka division.</p><p>Congrats to Samailah and her family!</p>',NULL,'https://drive.google.com/file/d/1HV_ESe-CkY5WTXwiySyImUqqn1owKY71/view?usp=sharing',NULL,'barisal-admin','2023-03-15 03:11:59',1,0,'2026-03-30 21:13:05','2026-03-30 21:35:08'),(18,'Outstanding result in HSC - 2022!','outstanding-result-in-hsc-2022',NULL,'<p>307 students got GPA 5.00 in HSC - 2022. 278 students in Science group and 29 students in Business Studies group achieved GPA 5.00. 450 students out of 451 passed.</p><p>Congrats to the successful students!</p>',NULL,'https://drive.google.com/file/d/1QiJuGbfHuP-Fq_GiQH2IZIiOSGdNYHVs/view?usp=sharing',NULL,'barisal-admin','2023-01-11 03:13:05',1,0,'2026-03-30 21:14:09','2026-03-30 21:39:10'),(19,'Champion in Badminton Singles!','champion-in-badminton-singles',NULL,'<p>One of our students became champion in Cantonment Thana \'Inter School Badminton Tournament - 2023\' in the singles.</p><p>Congrats to her!</p>',NULL,'https://drive.google.com/file/d/1PIg7jbPtoof3cJIkfZhgailw0U17Ki3r/view?usp=sharing',NULL,'barisal-admin','2023-01-11 03:14:09',1,0,'2026-03-30 21:15:30','2026-03-30 21:39:40'),(20,'Runners up in Basketball Tournament!','runners-up-in-basketball-tournament',NULL,'<p>DCGPSC Basketball team became runners up in the Cantonment Thana \'Inter School Basketball Competition - 2023\'.</p><p>Congrats to the successful team!</p>',NULL,'https://drive.google.com/file/d/1B9GoWv1cFXmJZrda8OKC-0wka4Woo8Xo/view?usp=sharing',NULL,'barisal-admin','2023-01-11 03:15:30',1,0,'2026-03-30 21:16:45','2026-03-30 21:32:51'),(21,'3 Students Awarded Scholarship in SSC – 2022!','3-students-awarded-scholarship-in-ssc-2022',NULL,'<p>3 of our students have awarded scholarship based on the result of SSC - 2022! They are -</p><p>105816 Maisha Binte Ahmad (Talent Pool)</p><p>105769 Nusratun Islam Neha (General Grade)</p><p>105771 Mahia Islam Shuci (General Grade)</p><p>Congratulations to them and their family for the wonderful result!</p>',NULL,'https://drive.google.com/file/d/1Yc46hPhQP5ekG5YwS_CAIwl--u7bZoIe/view?usp=sharing',NULL,'barisal-admin','2022-12-29 03:16:45',1,0,'2026-03-30 21:17:43','2026-03-30 21:37:43'),(22,'Outstanding Result in SSC - 2022!','outstanding-result-in-ssc-2022',NULL,'<p>Outstanding result in SSC - 2022</p><p>Passed 100%.</p><p>In Science Group GPA 5: 132 (Out of 135)</p><p>Business Studies Group GPA 5: 29 (Out of 49)</p><p>Congratulations to the successful students, their guardians, and all the teachers!</p>',NULL,'https://drive.google.com/file/d/1phCh5guiLO6CDrS3yF36NwPTlaGyzT0D/view?usp=sharing',NULL,'barisal-admin','2022-03-31 03:17:43',1,0,'2026-03-30 21:18:37','2026-03-30 21:32:05'),(23,'Outstanding Result is HSC - 2021!','outstanding-result-is-hsc-2021',NULL,'<p>Students brought out an outstanding result in HSC examination - 2021! All passed out of 272 students and 177 students obtained GPA 5.00! Congratulations to the successful students, their guardians, and all teachers for this brilliant success.&nbsp;</p>',NULL,'https://drive.google.com/file/d/1wvrWgq3jiAOdX7qZIbFare7lDlBT6ZM7/view?usp=sharing',NULL,'barisal-admin','2021-03-17 03:18:37',1,0,'2026-03-30 21:19:47','2026-03-30 21:31:47'),(24,'Outstanding Result is SSC - 2021!','outstanding-result-is-ssc-2021',NULL,'<p>Students brought out another glorious result in SSC Examination. In SSC - 2021, 113 students out of 159 students achieved GPA 5.00. In Science group 102 out of 118 students achieved GPA 5.00 while 11 out of 41 students achieved GPA 5.00. Pass percentage is 100%.</p><p>Congratulations to the successful students, their guardians and teachers for the brilliant success!</p>',NULL,'https://drive.google.com/file/d/1NMukX1qe2axkIVCUfefSZkLMUjn4ypTB/view?usp=sharing',NULL,'barisal-admin','2021-08-15 03:19:47',1,0,'2026-03-30 21:21:12','2026-03-30 21:31:02'),(25,'Outstanding Result in SSC - 2020!','outstanding-result-in-ssc-2020',NULL,'<p>Students brought out another outstanding result in SSC - 2020. 98 students out of 153 achieved GPA 5.00. Here are the result statistics is in the attached image.&nbsp;</p><p><br><br></p>',NULL,'https://drive.google.com/file/d/1oFpvyZHvn9xqEZ8EZMBpktT4MuH3Wrg7/view?usp=sharing',NULL,'barisal-admin','2020-05-30 03:21:12',1,0,'2026-03-30 21:22:09','2026-03-30 21:30:36');
/*!40000 ALTER TABLE `achievements` ENABLE KEYS */;
UNLOCK TABLES;

--
-- Table structure for table `cache`
--

DROP TABLE IF EXISTS `cache`;
/*!40101 SET @saved_cs_client     = @@character_set_client */;
/*!50503 SET character_set_client = utf8mb4 */;
CREATE TABLE `cache` (
  `key` varchar(255) COLLATE utf8mb4_unicode_ci NOT NULL,
  `value` mediumtext COLLATE utf8mb4_unicode_ci NOT NULL,
  `expiration` int NOT NULL,
  PRIMARY KEY (`key`)
) ENGINE=InnoDB DEFAULT CHARSET=utf8mb4 COLLATE=utf8mb4_unicode_ci;
/*!40101 SET character_set_client = @saved_cs_client */;

--
-- Dumping data for table `cache`
--

LOCK TABLES `cache` WRITE;
/*!40000 ALTER TABLE `cache` DISABLE KEYS */;
INSERT INTO `cache` VALUES ('laravel-cache-356a192b7913b04c54574d18c28d46e6395428ab','i:1;',1776241360),('laravel-cache-356a192b7913b04c54574d18c28d46e6395428ab:timer','i:1776241360;',1776241360),('laravel-cache-global.footer_settings','O:24:\"App\\Models\\FooterSetting\":33:{s:13:\"\0*\0connection\";s:5:\"mysql\";s:8:\"\0*\0table\";s:15:\"footer_settings\";s:13:\"\0*\0primaryKey\";s:2:\"id\";s:10:\"\0*\0keyType\";s:3:\"int\";s:12:\"incrementing\";b:1;s:7:\"\0*\0with\";a:0:{}s:12:\"\0*\0withCount\";a:0:{}s:19:\"preventsLazyLoading\";b:0;s:10:\"\0*\0perPage\";i:15;s:6:\"exists\";b:1;s:18:\"wasRecentlyCreated\";b:0;s:28:\"\0*\0escapeWhenCastingToString\";b:0;s:13:\"\0*\0attributes\";a:17:{s:2:\"id\";i:1;s:8:\"logo_url\";s:82:\"https://drive.google.com/file/d/1LpcYwD9mhMZcL-v1BM52V_dipYeqBpP6/view?usp=sharing\";s:11:\"school_name\";s:49:\"Dhaka Cantonment Girls\' Public School and College\";s:13:\"contact_title\";s:7:\"CONTACT\";s:14:\"contact_phones\";s:135:\"[{\"label\":\"Admin\",\"number\":\" 01769017725\"},{\"label\":\"Tuition Fee\",\"number\":\"01876862530\"},{\"label\":\"Transport\",\"number\":\"01769051740\"}]\";s:13:\"contact_email\";s:20:\"dcgpsc2005@gmail.com\";s:15:\"contact_address\";s:71:\"Signal Gate, Dhaka Cantonment\nDhaka-1206, Bangladesh.\nPhone (8am - 8pm)\";s:20:\"featured_links_title\";s:14:\"Featured Links\";s:14:\"featured_links\";s:86:\"[{\"title\":\"Education Board\",\"url\":\"https:\\/\\/www.dhakaeducationboard.gov.bd\\/site\\/\"}]\";s:14:\"facebook_title\";s:13:\"Facebook Page\";s:18:\"facebook_embed_url\";s:32:\"https://www.facebook.com/dcgpsc/\";s:12:\"facebook_url\";s:32:\"https://www.facebook.com/dcgpsc/\";s:11:\"twitter_url\";N;s:14:\"copyright_text\";s:60:\"Copyright ©2026 dcgpsc| Developed By Trust Innovation Ltd..\";s:18:\"privacy_policy_url\";N;s:10:\"created_at\";s:19:\"2025-11-22 20:27:15\";s:10:\"updated_at\";s:19:\"2026-03-16 10:17:49\";}s:11:\"\0*\0original\";a:17:{s:2:\"id\";i:1;s:8:\"logo_url\";s:82:\"https://drive.google.com/file/d/1LpcYwD9mhMZcL-v1BM52V_dipYeqBpP6/view?usp=sharing\";s:11:\"school_name\";s:49:\"Dhaka Cantonment Girls\' Public School and College\";s:13:\"contact_title\";s:7:\"CONTACT\";s:14:\"contact_phones\";s:135:\"[{\"label\":\"Admin\",\"number\":\" 01769017725\"},{\"label\":\"Tuition Fee\",\"number\":\"01876862530\"},{\"label\":\"Transport\",\"number\":\"01769051740\"}]\";s:13:\"contact_email\";s:20:\"dcgpsc2005@gmail.com\";s:15:\"contact_address\";s:71:\"Signal Gate, Dhaka Cantonment\nDhaka-1206, Bangladesh.\nPhone (8am - 8pm)\";s:20:\"featured_links_title\";s:14:\"Featured Links\";s:14:\"featured_links\";s:86:\"[{\"title\":\"Education Board\",\"url\":\"https:\\/\\/www.dhakaeducationboard.gov.bd\\/site\\/\"}]\";s:14:\"facebook_title\";s:13:\"Facebook Page\";s:18:\"facebook_embed_url\";s:32:\"https://www.facebook.com/dcgpsc/\";s:12:\"facebook_url\";s:32:\"https://www.facebook.com/dcgpsc/\";s:11:\"twitter_url\";N;s:14:\"copyright_text\";s:60:\"Copyright ©2026 dcgpsc| Developed By Trust Innovation Ltd..\";s:18:\"privacy_policy_url\";N;s:10:\"created_at\";s:19:\"2025-11-22 20:27:15\";s:10:\"updated_at\";s:19:\"2026-03-16 10:17:49\";}s:10:\"\0*\0changes\";a:0:{}s:11:\"\0*\0previous\";a:0:{}s:8:\"\0*\0casts\";a:2:{s:14:\"contact_phones\";s:5:\"array\";s:14:\"featured_links\";s:5:\"array\";}s:17:\"\0*\0classCastCache\";a:0:{}s:21:\"\0*\0attributeCastCache\";a:0:{}s:13:\"\0*\0dateFormat\";N;s:10:\"\0*\0appends\";a:0:{}s:19:\"\0*\0dispatchesEvents\";a:0:{}s:14:\"\0*\0observables\";a:0:{}s:12:\"\0*\0relations\";a:0:{}s:10:\"\0*\0touches\";a:0:{}s:27:\"\0*\0relationAutoloadCallback\";N;s:26:\"\0*\0relationAutoloadContext\";N;s:10:\"timestamps\";b:1;s:13:\"usesUniqueIds\";b:0;s:9:\"\0*\0hidden\";a:0:{}s:10:\"\0*\0visible\";a:0:{}s:11:\"\0*\0fillable\";a:14:{i:0;s:8:\"logo_url\";i:1;s:11:\"school_name\";i:2;s:13:\"contact_title\";i:3;s:14:\"contact_phones\";i:4;s:13:\"contact_email\";i:5;s:15:\"contact_address\";i:6;s:20:\"featured_links_title\";i:7;s:14:\"featured_links\";i:8;s:14:\"facebook_title\";i:9;s:18:\"facebook_embed_url\";i:10;s:12:\"facebook_url\";i:11;s:11:\"twitter_url\";i:12;s:14:\"copyright_text\";i:13;s:18:\"privacy_policy_url\";}s:10:\"\0*\0guarded\";a:1:{i:0;s:1:\"*\";}}',1776251388),('laravel-cache-global.header_settings','O:24:\"App\\Models\\HeaderSetting\":33:{s:13:\"\0*\0connection\";s:5:\"mysql\";s:8:\"\0*\0table\";s:15:\"header_settings\";s:13:\"\0*\0primaryKey\";s:2:\"id\";s:10:\"\0*\0keyType\";s:3:\"int\";s:12:\"incrementing\";b:1;s:7:\"\0*\0with\";a:0:{}s:12:\"\0*\0withCount\";a:0:{}s:19:\"preventsLazyLoading\";b:0;s:10:\"\0*\0perPage\";i:15;s:6:\"exists\";b:1;s:18:\"wasRecentlyCreated\";b:0;s:28:\"\0*\0escapeWhenCastingToString\";b:0;s:13:\"\0*\0attributes\";a:24:{s:2:\"id\";i:1;s:5:\"email\";s:20:\"dcgpsc2005@gmail.com\";s:6:\"phones\";s:26:\"[{\"number\":\"01769017725\"}]\";s:12:\"facebook_url\";N;s:11:\"youtube_url\";N;s:11:\"twitter_url\";N;s:13:\"instagram_url\";N;s:12:\"linkedin_url\";N;s:15:\"show_login_link\";i:0;s:12:\"show_top_bar\";i:0;s:8:\"logo_url\";s:82:\"https://drive.google.com/file/d/1WBejVYWV--Bsv6AD13ewkuyg5ptn4ZQ-/view?usp=sharing\";s:11:\"favicon_url\";s:82:\"https://drive.google.com/file/d/1LpcYwD9mhMZcL-v1BM52V_dipYeqBpP6/view?usp=sharing\";s:9:\"site_name\";s:49:\"Dhaka Cantonment Girls\' Public School and College\";s:15:\"is_shop_enabled\";i:0;s:19:\"site_name_font_size\";s:4:\"22px\";s:16:\"site_name_bangla\";s:132:\"ঢাকা ক্যান্টনমেন্ট গার্লস পাবলিক স্কুল এন্ড কলেজ\";s:4:\"eiin\";s:56:\"School Code : 1160 | College Code : 1114 | EIIN : 132090\";s:14:\"action_buttons\";s:394:\"[{\"url\":\"online-admission\",\"label\":\"Admission\",\"order\":\"2\",\"bg_color\":\"#f20000\",\"text_color\":\"#ffffff\"},{\"url\":\"https:\\/\\/admission.trusteduerp.xyz\\/job\\/apply?insId=1012\",\"label\":\"E-Recruement \",\"order\":\"1\",\"bg_color\":\"#00918d\",\"text_color\":\"#ffffff\"},{\"url\":\"https:\\/\\/s3.trusteduerp.xyz\\/st\\/login?insId=1012\",\"label\":\"Student Login\",\"order\":\"3\",\"bg_color\":\"#00a5d1\",\"text_color\":\"#ffffff\"}]\";s:18:\"show_notice_ticker\";i:1;s:19:\"notice_ticker_label\";s:13:\"LATEST NOTICE\";s:19:\"notice_ticker_limit\";i:3;s:15:\"ticker_position\";s:12:\"above_slider\";s:10:\"created_at\";s:19:\"2025-11-22 20:34:32\";s:10:\"updated_at\";s:19:\"2026-04-15 10:09:46\";}s:11:\"\0*\0original\";a:24:{s:2:\"id\";i:1;s:5:\"email\";s:20:\"dcgpsc2005@gmail.com\";s:6:\"phones\";s:26:\"[{\"number\":\"01769017725\"}]\";s:12:\"facebook_url\";N;s:11:\"youtube_url\";N;s:11:\"twitter_url\";N;s:13:\"instagram_url\";N;s:12:\"linkedin_url\";N;s:15:\"show_login_link\";i:0;s:12:\"show_top_bar\";i:0;s:8:\"logo_url\";s:82:\"https://drive.google.com/file/d/1WBejVYWV--Bsv6AD13ewkuyg5ptn4ZQ-/view?usp=sharing\";s:11:\"favicon_url\";s:82:\"https://drive.google.com/file/d/1LpcYwD9mhMZcL-v1BM52V_dipYeqBpP6/view?usp=sharing\";s:9:\"site_name\";s:49:\"Dhaka Cantonment Girls\' Public School and College\";s:15:\"is_shop_enabled\";i:0;s:19:\"site_name_font_size\";s:4:\"22px\";s:16:\"site_name_bangla\";s:132:\"ঢাকা ক্যান্টনমেন্ট গার্লস পাবলিক স্কুল এন্ড কলেজ\";s:4:\"eiin\";s:56:\"School Code : 1160 | College Code : 1114 | EIIN : 132090\";s:14:\"action_buttons\";s:394:\"[{\"url\":\"online-admission\",\"label\":\"Admission\",\"order\":\"2\",\"bg_color\":\"#f20000\",\"text_color\":\"#ffffff\"},{\"url\":\"https:\\/\\/admission.trusteduerp.xyz\\/job\\/apply?insId=1012\",\"label\":\"E-Recruement \",\"order\":\"1\",\"bg_color\":\"#00918d\",\"text_color\":\"#ffffff\"},{\"url\":\"https:\\/\\/s3.trusteduerp.xyz\\/st\\/login?insId=1012\",\"label\":\"Student Login\",\"order\":\"3\",\"bg_color\":\"#00a5d1\",\"text_color\":\"#ffffff\"}]\";s:18:\"show_notice_ticker\";i:1;s:19:\"notice_ticker_label\";s:13:\"LATEST NOTICE\";s:19:\"notice_ticker_limit\";i:3;s:15:\"ticker_position\";s:12:\"above_slider\";s:10:\"created_at\";s:19:\"2025-11-22 20:34:32\";s:10:\"updated_at\";s:19:\"2026-04-15 10:09:46\";}s:10:\"\0*\0changes\";a:0:{}s:11:\"\0*\0previous\";a:0:{}s:8:\"\0*\0casts\";a:7:{s:15:\"show_login_link\";s:7:\"boolean\";s:18:\"show_notice_ticker\";s:7:\"boolean\";s:15:\"is_shop_enabled\";s:7:\"boolean\";s:12:\"show_top_bar\";s:7:\"boolean\";s:6:\"phones\";s:5:\"array\";s:14:\"action_buttons\";s:5:\"array\";s:19:\"notice_ticker_limit\";s:7:\"integer\";}s:17:\"\0*\0classCastCache\";a:0:{}s:21:\"\0*\0attributeCastCache\";a:0:{}s:13:\"\0*\0dateFormat\";N;s:10:\"\0*\0appends\";a:0:{}s:19:\"\0*\0dispatchesEvents\";a:0:{}s:14:\"\0*\0observables\";a:0:{}s:12:\"\0*\0relations\";a:0:{}s:10:\"\0*\0touches\";a:0:{}s:27:\"\0*\0relationAutoloadCallback\";N;s:26:\"\0*\0relationAutoloadContext\";N;s:10:\"timestamps\";b:1;s:13:\"usesUniqueIds\";b:0;s:9:\"\0*\0hidden\";a:0:{}s:10:\"\0*\0visible\";a:0:{}s:11:\"\0*\0fillable\";a:21:{i:0;s:5:\"email\";i:1;s:6:\"phones\";i:2;s:12:\"facebook_url\";i:3;s:11:\"youtube_url\";i:4;s:11:\"twitter_url\";i:5;s:13:\"instagram_url\";i:6;s:12:\"linkedin_url\";i:7;s:15:\"show_login_link\";i:8;s:8:\"logo_url\";i:9;s:11:\"favicon_url\";i:10;s:9:\"site_name\";i:11;s:19:\"site_name_font_size\";i:12;s:16:\"site_name_bangla\";i:13;s:4:\"eiin\";i:14;s:14:\"action_buttons\";i:15;s:18:\"show_notice_ticker\";i:16;s:19:\"notice_ticker_label\";i:17;s:19:\"notice_ticker_limit\";i:18;s:15:\"ticker_position\";i:19;s:15:\"is_shop_enabled\";i:20;s:12:\"show_top_bar\";}s:10:\"\0*\0guarded\";a:1:{i:0;s:1:\"*\";}}',1776251388),('laravel-cache-global.important_links','O:39:\"Illuminate\\Database\\Eloquent\\Collection\":2:{s:8:\"\0*\0items\";a:7:{i:0;O:24:\"App\\Models\\ImportantLink\":33:{s:13:\"\0*\0connection\";s:5:\"mysql\";s:8:\"\0*\0table\";s:15:\"important_links\";s:13:\"\0*\0primaryKey\";s:2:\"id\";s:10:\"\0*\0keyType\";s:3:\"int\";s:12:\"incrementing\";b:1;s:7:\"\0*\0with\";a:0:{}s:12:\"\0*\0withCount\";a:0:{}s:19:\"preventsLazyLoading\";b:0;s:10:\"\0*\0perPage\";i:15;s:6:\"exists\";b:1;s:18:\"wasRecentlyCreated\";b:0;s:28:\"\0*\0escapeWhenCastingToString\";b:0;s:13:\"\0*\0attributes\";a:8:{s:2:\"id\";i:10;s:5:\"title\";s:14:\"Governing Body\";s:3:\"url\";s:15:\"/governing-body\";s:5:\"order\";i:0;s:9:\"is_active\";i:1;s:10:\"created_at\";s:19:\"2026-03-14 15:27:50\";s:10:\"updated_at\";s:19:\"2026-03-14 15:27:50\";s:7:\"menu_id\";i:44;}s:11:\"\0*\0original\";a:8:{s:2:\"id\";i:10;s:5:\"title\";s:14:\"Governing Body\";s:3:\"url\";s:15:\"/governing-body\";s:5:\"order\";i:0;s:9:\"is_active\";i:1;s:10:\"created_at\";s:19:\"2026-03-14 15:27:50\";s:10:\"updated_at\";s:19:\"2026-03-14 15:27:50\";s:7:\"menu_id\";i:44;}s:10:\"\0*\0changes\";a:0:{}s:11:\"\0*\0previous\";a:0:{}s:8:\"\0*\0casts\";a:2:{s:9:\"is_active\";s:7:\"boolean\";s:5:\"order\";s:7:\"integer\";}s:17:\"\0*\0classCastCache\";a:0:{}s:21:\"\0*\0attributeCastCache\";a:0:{}s:13:\"\0*\0dateFormat\";N;s:10:\"\0*\0appends\";a:0:{}s:19:\"\0*\0dispatchesEvents\";a:0:{}s:14:\"\0*\0observables\";a:0:{}s:12:\"\0*\0relations\";a:0:{}s:10:\"\0*\0touches\";a:0:{}s:27:\"\0*\0relationAutoloadCallback\";N;s:26:\"\0*\0relationAutoloadContext\";N;s:10:\"timestamps\";b:1;s:13:\"usesUniqueIds\";b:0;s:9:\"\0*\0hidden\";a:0:{}s:10:\"\0*\0visible\";a:0:{}s:11:\"\0*\0fillable\";a:5:{i:0;s:5:\"title\";i:1;s:3:\"url\";i:2;s:5:\"order\";i:3;s:9:\"is_active\";i:4;s:7:\"menu_id\";}s:10:\"\0*\0guarded\";a:1:{i:0;s:1:\"*\";}}i:1;O:24:\"App\\Models\\ImportantLink\":33:{s:13:\"\0*\0connection\";s:5:\"mysql\";s:8:\"\0*\0table\";s:15:\"important_links\";s:13:\"\0*\0primaryKey\";s:2:\"id\";s:10:\"\0*\0keyType\";s:3:\"int\";s:12:\"incrementing\";b:1;s:7:\"\0*\0with\";a:0:{}s:12:\"\0*\0withCount\";a:0:{}s:19:\"preventsLazyLoading\";b:0;s:10:\"\0*\0perPage\";i:15;s:6:\"exists\";b:1;s:18:\"wasRecentlyCreated\";b:0;s:28:\"\0*\0escapeWhenCastingToString\";b:0;s:13:\"\0*\0attributes\";a:8:{s:2:\"id\";i:12;s:5:\"title\";s:23:\"Message of the Chairman\";s:3:\"url\";s:40:\"/message/brig-gen-kazi-mustafizur-rahman\";s:5:\"order\";i:1;s:9:\"is_active\";i:1;s:10:\"created_at\";s:19:\"2026-03-23 15:44:33\";s:10:\"updated_at\";s:19:\"2026-03-23 15:44:33\";s:7:\"menu_id\";i:41;}s:11:\"\0*\0original\";a:8:{s:2:\"id\";i:12;s:5:\"title\";s:23:\"Message of the Chairman\";s:3:\"url\";s:40:\"/message/brig-gen-kazi-mustafizur-rahman\";s:5:\"order\";i:1;s:9:\"is_active\";i:1;s:10:\"created_at\";s:19:\"2026-03-23 15:44:33\";s:10:\"updated_at\";s:19:\"2026-03-23 15:44:33\";s:7:\"menu_id\";i:41;}s:10:\"\0*\0changes\";a:0:{}s:11:\"\0*\0previous\";a:0:{}s:8:\"\0*\0casts\";a:2:{s:9:\"is_active\";s:7:\"boolean\";s:5:\"order\";s:7:\"integer\";}s:17:\"\0*\0classCastCache\";a:0:{}s:21:\"\0*\0attributeCastCache\";a:0:{}s:13:\"\0*\0dateFormat\";N;s:10:\"\0*\0appends\";a:0:{}s:19:\"\0*\0dispatchesEvents\";a:0:{}s:14:\"\0*\0observables\";a:0:{}s:12:\"\0*\0relations\";a:0:{}s:10:\"\0*\0touches\";a:0:{}s:27:\"\0*\0relationAutoloadCallback\";N;s:26:\"\0*\0relationAutoloadContext\";N;s:10:\"timestamps\";b:1;s:13:\"usesUniqueIds\";b:0;s:9:\"\0*\0hidden\";a:0:{}s:10:\"\0*\0visible\";a:0:{}s:11:\"\0*\0fillable\";a:5:{i:0;s:5:\"title\";i:1;s:3:\"url\";i:2;s:5:\"order\";i:3;s:9:\"is_active\";i:4;s:7:\"menu_id\";}s:10:\"\0*\0guarded\";a:1:{i:0;s:1:\"*\";}}i:2;O:24:\"App\\Models\\ImportantLink\":33:{s:13:\"\0*\0connection\";s:5:\"mysql\";s:8:\"\0*\0table\";s:15:\"important_links\";s:13:\"\0*\0primaryKey\";s:2:\"id\";s:10:\"\0*\0keyType\";s:3:\"int\";s:12:\"incrementing\";b:1;s:7:\"\0*\0with\";a:0:{}s:12:\"\0*\0withCount\";a:0:{}s:19:\"preventsLazyLoading\";b:0;s:10:\"\0*\0perPage\";i:15;s:6:\"exists\";b:1;s:18:\"wasRecentlyCreated\";b:0;s:28:\"\0*\0escapeWhenCastingToString\";b:0;s:13:\"\0*\0attributes\";a:8:{s:2:\"id\";i:13;s:5:\"title\";s:20:\"Message of Principal\";s:3:\"url\";s:34:\"/message/col-md-mamun-azad-salehin\";s:5:\"order\";i:2;s:9:\"is_active\";i:1;s:10:\"created_at\";s:19:\"2026-03-23 15:44:45\";s:10:\"updated_at\";s:19:\"2026-03-23 15:44:45\";s:7:\"menu_id\";i:42;}s:11:\"\0*\0original\";a:8:{s:2:\"id\";i:13;s:5:\"title\";s:20:\"Message of Principal\";s:3:\"url\";s:34:\"/message/col-md-mamun-azad-salehin\";s:5:\"order\";i:2;s:9:\"is_active\";i:1;s:10:\"created_at\";s:19:\"2026-03-23 15:44:45\";s:10:\"updated_at\";s:19:\"2026-03-23 15:44:45\";s:7:\"menu_id\";i:42;}s:10:\"\0*\0changes\";a:0:{}s:11:\"\0*\0previous\";a:0:{}s:8:\"\0*\0casts\";a:2:{s:9:\"is_active\";s:7:\"boolean\";s:5:\"order\";s:7:\"integer\";}s:17:\"\0*\0classCastCache\";a:0:{}s:21:\"\0*\0attributeCastCache\";a:0:{}s:13:\"\0*\0dateFormat\";N;s:10:\"\0*\0appends\";a:0:{}s:19:\"\0*\0dispatchesEvents\";a:0:{}s:14:\"\0*\0observables\";a:0:{}s:12:\"\0*\0relations\";a:0:{}s:10:\"\0*\0touches\";a:0:{}s:27:\"\0*\0relationAutoloadCallback\";N;s:26:\"\0*\0relationAutoloadContext\";N;s:10:\"timestamps\";b:1;s:13:\"usesUniqueIds\";b:0;s:9:\"\0*\0hidden\";a:0:{}s:10:\"\0*\0visible\";a:0:{}s:11:\"\0*\0fillable\";a:5:{i:0;s:5:\"title\";i:1;s:3:\"url\";i:2;s:5:\"order\";i:3;s:9:\"is_active\";i:4;s:7:\"menu_id\";}s:10:\"\0*\0guarded\";a:1:{i:0;s:1:\"*\";}}i:3;O:24:\"App\\Models\\ImportantLink\":33:{s:13:\"\0*\0connection\";s:5:\"mysql\";s:8:\"\0*\0table\";s:15:\"important_links\";s:13:\"\0*\0primaryKey\";s:2:\"id\";s:10:\"\0*\0keyType\";s:3:\"int\";s:12:\"incrementing\";b:1;s:7:\"\0*\0with\";a:0:{}s:12:\"\0*\0withCount\";a:0:{}s:19:\"preventsLazyLoading\";b:0;s:10:\"\0*\0perPage\";i:15;s:6:\"exists\";b:1;s:18:\"wasRecentlyCreated\";b:0;s:28:\"\0*\0escapeWhenCastingToString\";b:0;s:13:\"\0*\0attributes\";a:8:{s:2:\"id\";i:14;s:5:\"title\";s:7:\"History\";s:3:\"url\";s:8:\"/history\";s:5:\"order\";i:4;s:9:\"is_active\";i:1;s:10:\"created_at\";s:19:\"2026-03-23 15:44:57\";s:10:\"updated_at\";s:19:\"2026-03-23 15:44:57\";s:7:\"menu_id\";i:38;}s:11:\"\0*\0original\";a:8:{s:2:\"id\";i:14;s:5:\"title\";s:7:\"History\";s:3:\"url\";s:8:\"/history\";s:5:\"order\";i:4;s:9:\"is_active\";i:1;s:10:\"created_at\";s:19:\"2026-03-23 15:44:57\";s:10:\"updated_at\";s:19:\"2026-03-23 15:44:57\";s:7:\"menu_id\";i:38;}s:10:\"\0*\0changes\";a:0:{}s:11:\"\0*\0previous\";a:0:{}s:8:\"\0*\0casts\";a:2:{s:9:\"is_active\";s:7:\"boolean\";s:5:\"order\";s:7:\"integer\";}s:17:\"\0*\0classCastCache\";a:0:{}s:21:\"\0*\0attributeCastCache\";a:0:{}s:13:\"\0*\0dateFormat\";N;s:10:\"\0*\0appends\";a:0:{}s:19:\"\0*\0dispatchesEvents\";a:0:{}s:14:\"\0*\0observables\";a:0:{}s:12:\"\0*\0relations\";a:0:{}s:10:\"\0*\0touches\";a:0:{}s:27:\"\0*\0relationAutoloadCallback\";N;s:26:\"\0*\0relationAutoloadContext\";N;s:10:\"timestamps\";b:1;s:13:\"usesUniqueIds\";b:0;s:9:\"\0*\0hidden\";a:0:{}s:10:\"\0*\0visible\";a:0:{}s:11:\"\0*\0fillable\";a:5:{i:0;s:5:\"title\";i:1;s:3:\"url\";i:2;s:5:\"order\";i:3;s:9:\"is_active\";i:4;s:7:\"menu_id\";}s:10:\"\0*\0guarded\";a:1:{i:0;s:1:\"*\";}}i:4;O:24:\"App\\Models\\ImportantLink\":33:{s:13:\"\0*\0connection\";s:5:\"mysql\";s:8:\"\0*\0table\";s:15:\"important_links\";s:13:\"\0*\0primaryKey\";s:2:\"id\";s:10:\"\0*\0keyType\";s:3:\"int\";s:12:\"incrementing\";b:1;s:7:\"\0*\0with\";a:0:{}s:12:\"\0*\0withCount\";a:0:{}s:19:\"preventsLazyLoading\";b:0;s:10:\"\0*\0perPage\";i:15;s:6:\"exists\";b:1;s:18:\"wasRecentlyCreated\";b:0;s:28:\"\0*\0escapeWhenCastingToString\";b:0;s:13:\"\0*\0attributes\";a:8:{s:2:\"id\";i:15;s:5:\"title\";s:16:\"Mission & Vision\";s:3:\"url\";s:15:\"/mission-vision\";s:5:\"order\";i:5;s:9:\"is_active\";i:1;s:10:\"created_at\";s:19:\"2026-03-23 15:45:35\";s:10:\"updated_at\";s:19:\"2026-03-23 15:45:35\";s:7:\"menu_id\";i:65;}s:11:\"\0*\0original\";a:8:{s:2:\"id\";i:15;s:5:\"title\";s:16:\"Mission & Vision\";s:3:\"url\";s:15:\"/mission-vision\";s:5:\"order\";i:5;s:9:\"is_active\";i:1;s:10:\"created_at\";s:19:\"2026-03-23 15:45:35\";s:10:\"updated_at\";s:19:\"2026-03-23 15:45:35\";s:7:\"menu_id\";i:65;}s:10:\"\0*\0changes\";a:0:{}s:11:\"\0*\0previous\";a:0:{}s:8:\"\0*\0casts\";a:2:{s:9:\"is_active\";s:7:\"boolean\";s:5:\"order\";s:7:\"integer\";}s:17:\"\0*\0classCastCache\";a:0:{}s:21:\"\0*\0attributeCastCache\";a:0:{}s:13:\"\0*\0dateFormat\";N;s:10:\"\0*\0appends\";a:0:{}s:19:\"\0*\0dispatchesEvents\";a:0:{}s:14:\"\0*\0observables\";a:0:{}s:12:\"\0*\0relations\";a:0:{}s:10:\"\0*\0touches\";a:0:{}s:27:\"\0*\0relationAutoloadCallback\";N;s:26:\"\0*\0relationAutoloadContext\";N;s:10:\"timestamps\";b:1;s:13:\"usesUniqueIds\";b:0;s:9:\"\0*\0hidden\";a:0:{}s:10:\"\0*\0visible\";a:0:{}s:11:\"\0*\0fillable\";a:5:{i:0;s:5:\"title\";i:1;s:3:\"url\";i:2;s:5:\"order\";i:3;s:9:\"is_active\";i:4;s:7:\"menu_id\";}s:10:\"\0*\0guarded\";a:1:{i:0;s:1:\"*\";}}i:5;O:24:\"App\\Models\\ImportantLink\":33:{s:13:\"\0*\0connection\";s:5:\"mysql\";s:8:\"\0*\0table\";s:15:\"important_links\";s:13:\"\0*\0primaryKey\";s:2:\"id\";s:10:\"\0*\0keyType\";s:3:\"int\";s:12:\"incrementing\";b:1;s:7:\"\0*\0with\";a:0:{}s:12:\"\0*\0withCount\";a:0:{}s:19:\"preventsLazyLoading\";b:0;s:10:\"\0*\0perPage\";i:15;s:6:\"exists\";b:1;s:18:\"wasRecentlyCreated\";b:0;s:28:\"\0*\0escapeWhenCastingToString\";b:0;s:13:\"\0*\0attributes\";a:8:{s:2:\"id\";i:16;s:5:\"title\";s:15:\"Infrastructure \";s:3:\"url\";s:15:\"/infrastructure\";s:5:\"order\";i:6;s:9:\"is_active\";i:1;s:10:\"created_at\";s:19:\"2026-04-02 07:35:48\";s:10:\"updated_at\";s:19:\"2026-04-02 07:35:48\";s:7:\"menu_id\";i:77;}s:11:\"\0*\0original\";a:8:{s:2:\"id\";i:16;s:5:\"title\";s:15:\"Infrastructure \";s:3:\"url\";s:15:\"/infrastructure\";s:5:\"order\";i:6;s:9:\"is_active\";i:1;s:10:\"created_at\";s:19:\"2026-04-02 07:35:48\";s:10:\"updated_at\";s:19:\"2026-04-02 07:35:48\";s:7:\"menu_id\";i:77;}s:10:\"\0*\0changes\";a:0:{}s:11:\"\0*\0previous\";a:0:{}s:8:\"\0*\0casts\";a:2:{s:9:\"is_active\";s:7:\"boolean\";s:5:\"order\";s:7:\"integer\";}s:17:\"\0*\0classCastCache\";a:0:{}s:21:\"\0*\0attributeCastCache\";a:0:{}s:13:\"\0*\0dateFormat\";N;s:10:\"\0*\0appends\";a:0:{}s:19:\"\0*\0dispatchesEvents\";a:0:{}s:14:\"\0*\0observables\";a:0:{}s:12:\"\0*\0relations\";a:0:{}s:10:\"\0*\0touches\";a:0:{}s:27:\"\0*\0relationAutoloadCallback\";N;s:26:\"\0*\0relationAutoloadContext\";N;s:10:\"timestamps\";b:1;s:13:\"usesUniqueIds\";b:0;s:9:\"\0*\0hidden\";a:0:{}s:10:\"\0*\0visible\";a:0:{}s:11:\"\0*\0fillable\";a:5:{i:0;s:5:\"title\";i:1;s:3:\"url\";i:2;s:5:\"order\";i:3;s:9:\"is_active\";i:4;s:7:\"menu_id\";}s:10:\"\0*\0guarded\";a:1:{i:0;s:1:\"*\";}}i:6;O:24:\"App\\Models\\ImportantLink\":33:{s:13:\"\0*\0connection\";s:5:\"mysql\";s:8:\"\0*\0table\";s:15:\"important_links\";s:13:\"\0*\0primaryKey\";s:2:\"id\";s:10:\"\0*\0keyType\";s:3:\"int\";s:12:\"incrementing\";b:1;s:7:\"\0*\0with\";a:0:{}s:12:\"\0*\0withCount\";a:0:{}s:19:\"preventsLazyLoading\";b:0;s:10:\"\0*\0perPage\";i:15;s:6:\"exists\";b:1;s:18:\"wasRecentlyCreated\";b:0;s:28:\"\0*\0escapeWhenCastingToString\";b:0;s:13:\"\0*\0attributes\";a:8:{s:2:\"id\";i:17;s:5:\"title\";s:13:\"Class Routine\";s:3:\"url\";s:14:\"/class-routine\";s:5:\"order\";i:8;s:9:\"is_active\";i:1;s:10:\"created_at\";s:19:\"2026-04-02 07:37:38\";s:10:\"updated_at\";s:19:\"2026-04-02 07:37:38\";s:7:\"menu_id\";i:71;}s:11:\"\0*\0original\";a:8:{s:2:\"id\";i:17;s:5:\"title\";s:13:\"Class Routine\";s:3:\"url\";s:14:\"/class-routine\";s:5:\"order\";i:8;s:9:\"is_active\";i:1;s:10:\"created_at\";s:19:\"2026-04-02 07:37:38\";s:10:\"updated_at\";s:19:\"2026-04-02 07:37:38\";s:7:\"menu_id\";i:71;}s:10:\"\0*\0changes\";a:0:{}s:11:\"\0*\0previous\";a:0:{}s:8:\"\0*\0casts\";a:2:{s:9:\"is_active\";s:7:\"boolean\";s:5:\"order\";s:7:\"integer\";}s:17:\"\0*\0classCastCache\";a:0:{}s:21:\"\0*\0attributeCastCache\";a:0:{}s:13:\"\0*\0dateFormat\";N;s:10:\"\0*\0appends\";a:0:{}s:19:\"\0*\0dispatchesEvents\";a:0:{}s:14:\"\0*\0observables\";a:0:{}s:12:\"\0*\0relations\";a:0:{}s:10:\"\0*\0touches\";a:0:{}s:27:\"\0*\0relationAutoloadCallback\";N;s:26:\"\0*\0relationAutoloadContext\";N;s:10:\"timestamps\";b:1;s:13:\"usesUniqueIds\";b:0;s:9:\"\0*\0hidden\";a:0:{}s:10:\"\0*\0visible\";a:0:{}s:11:\"\0*\0fillable\";a:5:{i:0;s:5:\"title\";i:1;s:3:\"url\";i:2;s:5:\"order\";i:3;s:9:\"is_active\";i:4;s:7:\"menu_id\";}s:10:\"\0*\0guarded\";a:1:{i:0;s:1:\"*\";}}}s:28:\"\0*\0escapeWhenCastingToString\";b:0;}',1776251365),('laravel-cache-global.location_map','O:22:\"App\\Models\\LocationMap\":33:{s:13:\"\0*\0connection\";s:5:\"mysql\";s:8:\"\0*\0table\";s:13:\"location_maps\";s:13:\"\0*\0primaryKey\";s:2:\"id\";s:10:\"\0*\0keyType\";s:3:\"int\";s:12:\"incrementing\";b:1;s:7:\"\0*\0with\";a:0:{}s:12:\"\0*\0withCount\";a:0:{}s:19:\"preventsLazyLoading\";b:0;s:10:\"\0*\0perPage\";i:15;s:6:\"exists\";b:1;s:18:\"wasRecentlyCreated\";b:0;s:28:\"\0*\0escapeWhenCastingToString\";b:0;s:13:\"\0*\0attributes\";a:10:{s:2:\"id\";i:1;s:5:\"title\";s:12:\"Our Location\";s:10:\"embed_code\";s:463:\"<iframe src=\"https://www.google.com/maps/embed?pb=!1m18!1m12!1m3!1d3649.970349337053!2d90.39465411013288!3d23.819653386026452!2m3!1f0!2f0!3f0!3m2!1i1024!2i768!4f13.1!3m3!1m2!1s0x3755c6e660af53b7%3A0x1ffc06334426208c!2sDhaka%20Cantonment%20Girls&#39;%20Public%20School%20%26%20College!5e0!3m2!1sen!2sbd!4v1773502495145!5m2!1sen!2sbd\" width=\"600\" height=\"450\" style=\"border:0;\" allowfullscreen=\"\" loading=\"lazy\" referrerpolicy=\"no-referrer-when-downgrade\"></iframe>\";s:7:\"address\";s:4:\"menu\";s:5:\"phone\";s:11:\"01913162085\";s:5:\"email\";s:20:\"shimulvisa@gmail.com\";s:9:\"is_active\";i:1;s:5:\"order\";i:0;s:10:\"created_at\";s:19:\"2026-01-01 01:45:51\";s:10:\"updated_at\";s:19:\"2026-03-14 15:35:43\";}s:11:\"\0*\0original\";a:10:{s:2:\"id\";i:1;s:5:\"title\";s:12:\"Our Location\";s:10:\"embed_code\";s:463:\"<iframe src=\"https://www.google.com/maps/embed?pb=!1m18!1m12!1m3!1d3649.970349337053!2d90.39465411013288!3d23.819653386026452!2m3!1f0!2f0!3f0!3m2!1i1024!2i768!4f13.1!3m3!1m2!1s0x3755c6e660af53b7%3A0x1ffc06334426208c!2sDhaka%20Cantonment%20Girls&#39;%20Public%20School%20%26%20College!5e0!3m2!1sen!2sbd!4v1773502495145!5m2!1sen!2sbd\" width=\"600\" height=\"450\" style=\"border:0;\" allowfullscreen=\"\" loading=\"lazy\" referrerpolicy=\"no-referrer-when-downgrade\"></iframe>\";s:7:\"address\";s:4:\"menu\";s:5:\"phone\";s:11:\"01913162085\";s:5:\"email\";s:20:\"shimulvisa@gmail.com\";s:9:\"is_active\";i:1;s:5:\"order\";i:0;s:10:\"created_at\";s:19:\"2026-01-01 01:45:51\";s:10:\"updated_at\";s:19:\"2026-03-14 15:35:43\";}s:10:\"\0*\0changes\";a:0:{}s:11:\"\0*\0previous\";a:0:{}s:8:\"\0*\0casts\";a:1:{s:9:\"is_active\";s:7:\"boolean\";}s:17:\"\0*\0classCastCache\";a:0:{}s:21:\"\0*\0attributeCastCache\";a:0:{}s:13:\"\0*\0dateFormat\";N;s:10:\"\0*\0appends\";a:0:{}s:19:\"\0*\0dispatchesEvents\";a:0:{}s:14:\"\0*\0observables\";a:0:{}s:12:\"\0*\0relations\";a:0:{}s:10:\"\0*\0touches\";a:0:{}s:27:\"\0*\0relationAutoloadCallback\";N;s:26:\"\0*\0relationAutoloadContext\";N;s:10:\"timestamps\";b:1;s:13:\"usesUniqueIds\";b:0;s:9:\"\0*\0hidden\";a:0:{}s:10:\"\0*\0visible\";a:0:{}s:11:\"\0*\0fillable\";a:7:{i:0;s:5:\"title\";i:1;s:10:\"embed_code\";i:2;s:7:\"address\";i:3;s:5:\"phone\";i:4;s:5:\"email\";i:5;s:9:\"is_active\";i:6;s:5:\"order\";}s:10:\"\0*\0guarded\";a:1:{i:0;s:1:\"*\";}}',1776251365),('laravel-cache-global.menu_cards','O:39:\"Illuminate\\Database\\Eloquent\\Collection\":2:{s:8:\"\0*\0items\";a:4:{i:0;O:19:\"App\\Models\\MenuCard\":33:{s:13:\"\0*\0connection\";s:5:\"mysql\";s:8:\"\0*\0table\";s:10:\"menu_cards\";s:13:\"\0*\0primaryKey\";s:2:\"id\";s:10:\"\0*\0keyType\";s:3:\"int\";s:12:\"incrementing\";b:1;s:7:\"\0*\0with\";a:0:{}s:12:\"\0*\0withCount\";a:0:{}s:19:\"preventsLazyLoading\";b:0;s:10:\"\0*\0perPage\";i:15;s:6:\"exists\";b:1;s:18:\"wasRecentlyCreated\";b:0;s:28:\"\0*\0escapeWhenCastingToString\";b:0;s:13:\"\0*\0attributes\";a:9:{s:2:\"id\";i:1;s:5:\"title\";s:5:\"About\";s:8:\"icon_url\";s:109:\"https://bacpsc.edu.bd/wp-content/uploads/2024/10/pngwing.com-6-qjw6xoa2zmq0bmfiy0y114xrtalnymruj74dk6aj1k.png\";s:8:\"bg_color\";s:7:\"#0a4d3c\";s:8:\"template\";s:10:\"template_1\";s:5:\"order\";i:1;s:9:\"is_active\";i:1;s:10:\"created_at\";s:19:\"2025-11-22 19:47:46\";s:10:\"updated_at\";s:19:\"2025-12-14 19:45:10\";}s:11:\"\0*\0original\";a:9:{s:2:\"id\";i:1;s:5:\"title\";s:5:\"About\";s:8:\"icon_url\";s:109:\"https://bacpsc.edu.bd/wp-content/uploads/2024/10/pngwing.com-6-qjw6xoa2zmq0bmfiy0y114xrtalnymruj74dk6aj1k.png\";s:8:\"bg_color\";s:7:\"#0a4d3c\";s:8:\"template\";s:10:\"template_1\";s:5:\"order\";i:1;s:9:\"is_active\";i:1;s:10:\"created_at\";s:19:\"2025-11-22 19:47:46\";s:10:\"updated_at\";s:19:\"2025-12-14 19:45:10\";}s:10:\"\0*\0changes\";a:0:{}s:11:\"\0*\0previous\";a:0:{}s:8:\"\0*\0casts\";a:1:{s:9:\"is_active\";s:7:\"boolean\";}s:17:\"\0*\0classCastCache\";a:0:{}s:21:\"\0*\0attributeCastCache\";a:0:{}s:13:\"\0*\0dateFormat\";N;s:10:\"\0*\0appends\";a:0:{}s:19:\"\0*\0dispatchesEvents\";a:0:{}s:14:\"\0*\0observables\";a:0:{}s:12:\"\0*\0relations\";a:1:{s:5:\"items\";O:39:\"Illuminate\\Database\\Eloquent\\Collection\":2:{s:8:\"\0*\0items\";a:4:{i:0;O:23:\"App\\Models\\MenuCardItem\":33:{s:13:\"\0*\0connection\";s:5:\"mysql\";s:8:\"\0*\0table\";s:15:\"menu_card_items\";s:13:\"\0*\0primaryKey\";s:2:\"id\";s:10:\"\0*\0keyType\";s:3:\"int\";s:12:\"incrementing\";b:1;s:7:\"\0*\0with\";a:0:{}s:12:\"\0*\0withCount\";a:0:{}s:19:\"preventsLazyLoading\";b:0;s:10:\"\0*\0perPage\";i:15;s:6:\"exists\";b:1;s:18:\"wasRecentlyCreated\";b:0;s:28:\"\0*\0escapeWhenCastingToString\";b:0;s:13:\"\0*\0attributes\";a:9:{s:2:\"id\";i:1;s:12:\"menu_card_id\";i:1;s:5:\"title\";s:7:\"History\";s:3:\"url\";N;s:7:\"page_id\";i:21;s:5:\"order\";i:1;s:9:\"is_active\";i:1;s:10:\"created_at\";s:19:\"2025-11-22 19:47:46\";s:10:\"updated_at\";s:19:\"2026-03-26 09:28:46\";}s:11:\"\0*\0original\";a:9:{s:2:\"id\";i:1;s:12:\"menu_card_id\";i:1;s:5:\"title\";s:7:\"History\";s:3:\"url\";N;s:7:\"page_id\";i:21;s:5:\"order\";i:1;s:9:\"is_active\";i:1;s:10:\"created_at\";s:19:\"2025-11-22 19:47:46\";s:10:\"updated_at\";s:19:\"2026-03-26 09:28:46\";}s:10:\"\0*\0changes\";a:0:{}s:11:\"\0*\0previous\";a:0:{}s:8:\"\0*\0casts\";a:1:{s:9:\"is_active\";s:7:\"boolean\";}s:17:\"\0*\0classCastCache\";a:0:{}s:21:\"\0*\0attributeCastCache\";a:0:{}s:13:\"\0*\0dateFormat\";N;s:10:\"\0*\0appends\";a:0:{}s:19:\"\0*\0dispatchesEvents\";a:0:{}s:14:\"\0*\0observables\";a:0:{}s:12:\"\0*\0relations\";a:0:{}s:10:\"\0*\0touches\";a:0:{}s:27:\"\0*\0relationAutoloadCallback\";N;s:26:\"\0*\0relationAutoloadContext\";N;s:10:\"timestamps\";b:1;s:13:\"usesUniqueIds\";b:0;s:9:\"\0*\0hidden\";a:0:{}s:10:\"\0*\0visible\";a:0:{}s:11:\"\0*\0fillable\";a:6:{i:0;s:12:\"menu_card_id\";i:1;s:5:\"title\";i:2;s:3:\"url\";i:3;s:7:\"page_id\";i:4;s:5:\"order\";i:5;s:9:\"is_active\";}s:10:\"\0*\0guarded\";a:1:{i:0;s:1:\"*\";}}i:1;O:23:\"App\\Models\\MenuCardItem\":33:{s:13:\"\0*\0connection\";s:5:\"mysql\";s:8:\"\0*\0table\";s:15:\"menu_card_items\";s:13:\"\0*\0primaryKey\";s:2:\"id\";s:10:\"\0*\0keyType\";s:3:\"int\";s:12:\"incrementing\";b:1;s:7:\"\0*\0with\";a:0:{}s:12:\"\0*\0withCount\";a:0:{}s:19:\"preventsLazyLoading\";b:0;s:10:\"\0*\0perPage\";i:15;s:6:\"exists\";b:1;s:18:\"wasRecentlyCreated\";b:0;s:28:\"\0*\0escapeWhenCastingToString\";b:0;s:13:\"\0*\0attributes\";a:9:{s:2:\"id\";i:2;s:12:\"menu_card_id\";i:1;s:5:\"title\";s:14:\"Governing Body\";s:3:\"url\";N;s:7:\"page_id\";i:23;s:5:\"order\";i:2;s:9:\"is_active\";i:1;s:10:\"created_at\";s:19:\"2025-11-22 19:48:51\";s:10:\"updated_at\";s:19:\"2026-03-26 09:28:46\";}s:11:\"\0*\0original\";a:9:{s:2:\"id\";i:2;s:12:\"menu_card_id\";i:1;s:5:\"title\";s:14:\"Governing Body\";s:3:\"url\";N;s:7:\"page_id\";i:23;s:5:\"order\";i:2;s:9:\"is_active\";i:1;s:10:\"created_at\";s:19:\"2025-11-22 19:48:51\";s:10:\"updated_at\";s:19:\"2026-03-26 09:28:46\";}s:10:\"\0*\0changes\";a:0:{}s:11:\"\0*\0previous\";a:0:{}s:8:\"\0*\0casts\";a:1:{s:9:\"is_active\";s:7:\"boolean\";}s:17:\"\0*\0classCastCache\";a:0:{}s:21:\"\0*\0attributeCastCache\";a:0:{}s:13:\"\0*\0dateFormat\";N;s:10:\"\0*\0appends\";a:0:{}s:19:\"\0*\0dispatchesEvents\";a:0:{}s:14:\"\0*\0observables\";a:0:{}s:12:\"\0*\0relations\";a:0:{}s:10:\"\0*\0touches\";a:0:{}s:27:\"\0*\0relationAutoloadCallback\";N;s:26:\"\0*\0relationAutoloadContext\";N;s:10:\"timestamps\";b:1;s:13:\"usesUniqueIds\";b:0;s:9:\"\0*\0hidden\";a:0:{}s:10:\"\0*\0visible\";a:0:{}s:11:\"\0*\0fillable\";a:6:{i:0;s:12:\"menu_card_id\";i:1;s:5:\"title\";i:2;s:3:\"url\";i:3;s:7:\"page_id\";i:4;s:5:\"order\";i:5;s:9:\"is_active\";}s:10:\"\0*\0guarded\";a:1:{i:0;s:1:\"*\";}}i:2;O:23:\"App\\Models\\MenuCardItem\":33:{s:13:\"\0*\0connection\";s:5:\"mysql\";s:8:\"\0*\0table\";s:15:\"menu_card_items\";s:13:\"\0*\0primaryKey\";s:2:\"id\";s:10:\"\0*\0keyType\";s:3:\"int\";s:12:\"incrementing\";b:1;s:7:\"\0*\0with\";a:0:{}s:12:\"\0*\0withCount\";a:0:{}s:19:\"preventsLazyLoading\";b:0;s:10:\"\0*\0perPage\";i:15;s:6:\"exists\";b:1;s:18:\"wasRecentlyCreated\";b:0;s:28:\"\0*\0escapeWhenCastingToString\";b:0;s:13:\"\0*\0attributes\";a:9:{s:2:\"id\";i:3;s:12:\"menu_card_id\";i:1;s:5:\"title\";s:16:\"Mission & Vision\";s:3:\"url\";N;s:7:\"page_id\";i:44;s:5:\"order\";i:3;s:9:\"is_active\";i:1;s:10:\"created_at\";s:19:\"2025-12-14 22:50:30\";s:10:\"updated_at\";s:19:\"2026-03-26 09:28:46\";}s:11:\"\0*\0original\";a:9:{s:2:\"id\";i:3;s:12:\"menu_card_id\";i:1;s:5:\"title\";s:16:\"Mission & Vision\";s:3:\"url\";N;s:7:\"page_id\";i:44;s:5:\"order\";i:3;s:9:\"is_active\";i:1;s:10:\"created_at\";s:19:\"2025-12-14 22:50:30\";s:10:\"updated_at\";s:19:\"2026-03-26 09:28:46\";}s:10:\"\0*\0changes\";a:0:{}s:11:\"\0*\0previous\";a:0:{}s:8:\"\0*\0casts\";a:1:{s:9:\"is_active\";s:7:\"boolean\";}s:17:\"\0*\0classCastCache\";a:0:{}s:21:\"\0*\0attributeCastCache\";a:0:{}s:13:\"\0*\0dateFormat\";N;s:10:\"\0*\0appends\";a:0:{}s:19:\"\0*\0dispatchesEvents\";a:0:{}s:14:\"\0*\0observables\";a:0:{}s:12:\"\0*\0relations\";a:0:{}s:10:\"\0*\0touches\";a:0:{}s:27:\"\0*\0relationAutoloadCallback\";N;s:26:\"\0*\0relationAutoloadContext\";N;s:10:\"timestamps\";b:1;s:13:\"usesUniqueIds\";b:0;s:9:\"\0*\0hidden\";a:0:{}s:10:\"\0*\0visible\";a:0:{}s:11:\"\0*\0fillable\";a:6:{i:0;s:12:\"menu_card_id\";i:1;s:5:\"title\";i:2;s:3:\"url\";i:3;s:7:\"page_id\";i:4;s:5:\"order\";i:5;s:9:\"is_active\";}s:10:\"\0*\0guarded\";a:1:{i:0;s:1:\"*\";}}i:3;O:23:\"App\\Models\\MenuCardItem\":33:{s:13:\"\0*\0connection\";s:5:\"mysql\";s:8:\"\0*\0table\";s:15:\"menu_card_items\";s:13:\"\0*\0primaryKey\";s:2:\"id\";s:10:\"\0*\0keyType\";s:3:\"int\";s:12:\"incrementing\";b:1;s:7:\"\0*\0with\";a:0:{}s:12:\"\0*\0withCount\";a:0:{}s:19:\"preventsLazyLoading\";b:0;s:10:\"\0*\0perPage\";i:15;s:6:\"exists\";b:1;s:18:\"wasRecentlyCreated\";b:0;s:28:\"\0*\0escapeWhenCastingToString\";b:0;s:13:\"\0*\0attributes\";a:9:{s:2:\"id\";i:4;s:12:\"menu_card_id\";i:1;s:5:\"title\";s:11:\"At a Glance\";s:3:\"url\";N;s:7:\"page_id\";i:20;s:5:\"order\";i:4;s:9:\"is_active\";i:1;s:10:\"created_at\";s:19:\"2025-12-14 22:52:06\";s:10:\"updated_at\";s:19:\"2026-03-26 09:28:46\";}s:11:\"\0*\0original\";a:9:{s:2:\"id\";i:4;s:12:\"menu_card_id\";i:1;s:5:\"title\";s:11:\"At a Glance\";s:3:\"url\";N;s:7:\"page_id\";i:20;s:5:\"order\";i:4;s:9:\"is_active\";i:1;s:10:\"created_at\";s:19:\"2025-12-14 22:52:06\";s:10:\"updated_at\";s:19:\"2026-03-26 09:28:46\";}s:10:\"\0*\0changes\";a:0:{}s:11:\"\0*\0previous\";a:0:{}s:8:\"\0*\0casts\";a:1:{s:9:\"is_active\";s:7:\"boolean\";}s:17:\"\0*\0classCastCache\";a:0:{}s:21:\"\0*\0attributeCastCache\";a:0:{}s:13:\"\0*\0dateFormat\";N;s:10:\"\0*\0appends\";a:0:{}s:19:\"\0*\0dispatchesEvents\";a:0:{}s:14:\"\0*\0observables\";a:0:{}s:12:\"\0*\0relations\";a:0:{}s:10:\"\0*\0touches\";a:0:{}s:27:\"\0*\0relationAutoloadCallback\";N;s:26:\"\0*\0relationAutoloadContext\";N;s:10:\"timestamps\";b:1;s:13:\"usesUniqueIds\";b:0;s:9:\"\0*\0hidden\";a:0:{}s:10:\"\0*\0visible\";a:0:{}s:11:\"\0*\0fillable\";a:6:{i:0;s:12:\"menu_card_id\";i:1;s:5:\"title\";i:2;s:3:\"url\";i:3;s:7:\"page_id\";i:4;s:5:\"order\";i:5;s:9:\"is_active\";}s:10:\"\0*\0guarded\";a:1:{i:0;s:1:\"*\";}}}s:28:\"\0*\0escapeWhenCastingToString\";b:0;}}s:10:\"\0*\0touches\";a:0:{}s:27:\"\0*\0relationAutoloadCallback\";N;s:26:\"\0*\0relationAutoloadContext\";N;s:10:\"timestamps\";b:1;s:13:\"usesUniqueIds\";b:0;s:9:\"\0*\0hidden\";a:0:{}s:10:\"\0*\0visible\";a:0:{}s:11:\"\0*\0fillable\";a:6:{i:0;s:5:\"title\";i:1;s:8:\"icon_url\";i:2;s:8:\"bg_color\";i:3;s:8:\"template\";i:4;s:5:\"order\";i:5;s:9:\"is_active\";}s:10:\"\0*\0guarded\";a:1:{i:0;s:1:\"*\";}}i:1;O:19:\"App\\Models\\MenuCard\":33:{s:13:\"\0*\0connection\";s:5:\"mysql\";s:8:\"\0*\0table\";s:10:\"menu_cards\";s:13:\"\0*\0primaryKey\";s:2:\"id\";s:10:\"\0*\0keyType\";s:3:\"int\";s:12:\"incrementing\";b:1;s:7:\"\0*\0with\";a:0:{}s:12:\"\0*\0withCount\";a:0:{}s:19:\"preventsLazyLoading\";b:0;s:10:\"\0*\0perPage\";i:15;s:6:\"exists\";b:1;s:18:\"wasRecentlyCreated\";b:0;s:28:\"\0*\0escapeWhenCastingToString\";b:0;s:13:\"\0*\0attributes\";a:9:{s:2:\"id\";i:2;s:5:\"title\";s:13:\"Academic Info\";s:8:\"icon_url\";s:117:\"https://bacpsc.edu.bd/wp-content/uploads/2024/10/school-icon-png-14040-pzdxpp8il32glqq3zma2c8b3htb2falm60ey31hv54.png\";s:8:\"bg_color\";s:7:\"#0a4d3c\";s:8:\"template\";s:10:\"template_1\";s:5:\"order\";i:2;s:9:\"is_active\";i:1;s:10:\"created_at\";s:19:\"2025-12-09 21:29:59\";s:10:\"updated_at\";s:19:\"2025-12-14 22:46:31\";}s:11:\"\0*\0original\";a:9:{s:2:\"id\";i:2;s:5:\"title\";s:13:\"Academic Info\";s:8:\"icon_url\";s:117:\"https://bacpsc.edu.bd/wp-content/uploads/2024/10/school-icon-png-14040-pzdxpp8il32glqq3zma2c8b3htb2falm60ey31hv54.png\";s:8:\"bg_color\";s:7:\"#0a4d3c\";s:8:\"template\";s:10:\"template_1\";s:5:\"order\";i:2;s:9:\"is_active\";i:1;s:10:\"created_at\";s:19:\"2025-12-09 21:29:59\";s:10:\"updated_at\";s:19:\"2025-12-14 22:46:31\";}s:10:\"\0*\0changes\";a:0:{}s:11:\"\0*\0previous\";a:0:{}s:8:\"\0*\0casts\";a:1:{s:9:\"is_active\";s:7:\"boolean\";}s:17:\"\0*\0classCastCache\";a:0:{}s:21:\"\0*\0attributeCastCache\";a:0:{}s:13:\"\0*\0dateFormat\";N;s:10:\"\0*\0appends\";a:0:{}s:19:\"\0*\0dispatchesEvents\";a:0:{}s:14:\"\0*\0observables\";a:0:{}s:12:\"\0*\0relations\";a:1:{s:5:\"items\";O:39:\"Illuminate\\Database\\Eloquent\\Collection\":2:{s:8:\"\0*\0items\";a:4:{i:0;O:23:\"App\\Models\\MenuCardItem\":33:{s:13:\"\0*\0connection\";s:5:\"mysql\";s:8:\"\0*\0table\";s:15:\"menu_card_items\";s:13:\"\0*\0primaryKey\";s:2:\"id\";s:10:\"\0*\0keyType\";s:3:\"int\";s:12:\"incrementing\";b:1;s:7:\"\0*\0with\";a:0:{}s:12:\"\0*\0withCount\";a:0:{}s:19:\"preventsLazyLoading\";b:0;s:10:\"\0*\0perPage\";i:15;s:6:\"exists\";b:1;s:18:\"wasRecentlyCreated\";b:0;s:28:\"\0*\0escapeWhenCastingToString\";b:0;s:13:\"\0*\0attributes\";a:9:{s:2:\"id\";i:5;s:12:\"menu_card_id\";i:2;s:5:\"title\";s:12:\"Exam Routine\";s:3:\"url\";N;s:7:\"page_id\";i:52;s:5:\"order\";i:1;s:9:\"is_active\";i:1;s:10:\"created_at\";s:19:\"2025-12-14 22:55:15\";s:10:\"updated_at\";s:19:\"2026-04-01 17:22:24\";}s:11:\"\0*\0original\";a:9:{s:2:\"id\";i:5;s:12:\"menu_card_id\";i:2;s:5:\"title\";s:12:\"Exam Routine\";s:3:\"url\";N;s:7:\"page_id\";i:52;s:5:\"order\";i:1;s:9:\"is_active\";i:1;s:10:\"created_at\";s:19:\"2025-12-14 22:55:15\";s:10:\"updated_at\";s:19:\"2026-04-01 17:22:24\";}s:10:\"\0*\0changes\";a:0:{}s:11:\"\0*\0previous\";a:0:{}s:8:\"\0*\0casts\";a:1:{s:9:\"is_active\";s:7:\"boolean\";}s:17:\"\0*\0classCastCache\";a:0:{}s:21:\"\0*\0attributeCastCache\";a:0:{}s:13:\"\0*\0dateFormat\";N;s:10:\"\0*\0appends\";a:0:{}s:19:\"\0*\0dispatchesEvents\";a:0:{}s:14:\"\0*\0observables\";a:0:{}s:12:\"\0*\0relations\";a:0:{}s:10:\"\0*\0touches\";a:0:{}s:27:\"\0*\0relationAutoloadCallback\";N;s:26:\"\0*\0relationAutoloadContext\";N;s:10:\"timestamps\";b:1;s:13:\"usesUniqueIds\";b:0;s:9:\"\0*\0hidden\";a:0:{}s:10:\"\0*\0visible\";a:0:{}s:11:\"\0*\0fillable\";a:6:{i:0;s:12:\"menu_card_id\";i:1;s:5:\"title\";i:2;s:3:\"url\";i:3;s:7:\"page_id\";i:4;s:5:\"order\";i:5;s:9:\"is_active\";}s:10:\"\0*\0guarded\";a:1:{i:0;s:1:\"*\";}}i:1;O:23:\"App\\Models\\MenuCardItem\":33:{s:13:\"\0*\0connection\";s:5:\"mysql\";s:8:\"\0*\0table\";s:15:\"menu_card_items\";s:13:\"\0*\0primaryKey\";s:2:\"id\";s:10:\"\0*\0keyType\";s:3:\"int\";s:12:\"incrementing\";b:1;s:7:\"\0*\0with\";a:0:{}s:12:\"\0*\0withCount\";a:0:{}s:19:\"preventsLazyLoading\";b:0;s:10:\"\0*\0perPage\";i:15;s:6:\"exists\";b:1;s:18:\"wasRecentlyCreated\";b:0;s:28:\"\0*\0escapeWhenCastingToString\";b:0;s:13:\"\0*\0attributes\";a:9:{s:2:\"id\";i:6;s:12:\"menu_card_id\";i:2;s:5:\"title\";s:8:\"Syllabus\";s:3:\"url\";N;s:7:\"page_id\";i:24;s:5:\"order\";i:2;s:9:\"is_active\";i:1;s:10:\"created_at\";s:19:\"2025-12-14 22:55:15\";s:10:\"updated_at\";s:19:\"2026-04-01 17:21:30\";}s:11:\"\0*\0original\";a:9:{s:2:\"id\";i:6;s:12:\"menu_card_id\";i:2;s:5:\"title\";s:8:\"Syllabus\";s:3:\"url\";N;s:7:\"page_id\";i:24;s:5:\"order\";i:2;s:9:\"is_active\";i:1;s:10:\"created_at\";s:19:\"2025-12-14 22:55:15\";s:10:\"updated_at\";s:19:\"2026-04-01 17:21:30\";}s:10:\"\0*\0changes\";a:0:{}s:11:\"\0*\0previous\";a:0:{}s:8:\"\0*\0casts\";a:1:{s:9:\"is_active\";s:7:\"boolean\";}s:17:\"\0*\0classCastCache\";a:0:{}s:21:\"\0*\0attributeCastCache\";a:0:{}s:13:\"\0*\0dateFormat\";N;s:10:\"\0*\0appends\";a:0:{}s:19:\"\0*\0dispatchesEvents\";a:0:{}s:14:\"\0*\0observables\";a:0:{}s:12:\"\0*\0relations\";a:0:{}s:10:\"\0*\0touches\";a:0:{}s:27:\"\0*\0relationAutoloadCallback\";N;s:26:\"\0*\0relationAutoloadContext\";N;s:10:\"timestamps\";b:1;s:13:\"usesUniqueIds\";b:0;s:9:\"\0*\0hidden\";a:0:{}s:10:\"\0*\0visible\";a:0:{}s:11:\"\0*\0fillable\";a:6:{i:0;s:12:\"menu_card_id\";i:1;s:5:\"title\";i:2;s:3:\"url\";i:3;s:7:\"page_id\";i:4;s:5:\"order\";i:5;s:9:\"is_active\";}s:10:\"\0*\0guarded\";a:1:{i:0;s:1:\"*\";}}i:2;O:23:\"App\\Models\\MenuCardItem\":33:{s:13:\"\0*\0connection\";s:5:\"mysql\";s:8:\"\0*\0table\";s:15:\"menu_card_items\";s:13:\"\0*\0primaryKey\";s:2:\"id\";s:10:\"\0*\0keyType\";s:3:\"int\";s:12:\"incrementing\";b:1;s:7:\"\0*\0with\";a:0:{}s:12:\"\0*\0withCount\";a:0:{}s:19:\"preventsLazyLoading\";b:0;s:10:\"\0*\0perPage\";i:15;s:6:\"exists\";b:1;s:18:\"wasRecentlyCreated\";b:0;s:28:\"\0*\0escapeWhenCastingToString\";b:0;s:13:\"\0*\0attributes\";a:9:{s:2:\"id\";i:7;s:12:\"menu_card_id\";i:2;s:5:\"title\";s:13:\"Class Routine\";s:3:\"url\";N;s:7:\"page_id\";i:51;s:5:\"order\";i:3;s:9:\"is_active\";i:1;s:10:\"created_at\";s:19:\"2025-12-14 22:55:15\";s:10:\"updated_at\";s:19:\"2026-04-01 17:21:30\";}s:11:\"\0*\0original\";a:9:{s:2:\"id\";i:7;s:12:\"menu_card_id\";i:2;s:5:\"title\";s:13:\"Class Routine\";s:3:\"url\";N;s:7:\"page_id\";i:51;s:5:\"order\";i:3;s:9:\"is_active\";i:1;s:10:\"created_at\";s:19:\"2025-12-14 22:55:15\";s:10:\"updated_at\";s:19:\"2026-04-01 17:21:30\";}s:10:\"\0*\0changes\";a:0:{}s:11:\"\0*\0previous\";a:0:{}s:8:\"\0*\0casts\";a:1:{s:9:\"is_active\";s:7:\"boolean\";}s:17:\"\0*\0classCastCache\";a:0:{}s:21:\"\0*\0attributeCastCache\";a:0:{}s:13:\"\0*\0dateFormat\";N;s:10:\"\0*\0appends\";a:0:{}s:19:\"\0*\0dispatchesEvents\";a:0:{}s:14:\"\0*\0observables\";a:0:{}s:12:\"\0*\0relations\";a:0:{}s:10:\"\0*\0touches\";a:0:{}s:27:\"\0*\0relationAutoloadCallback\";N;s:26:\"\0*\0relationAutoloadContext\";N;s:10:\"timestamps\";b:1;s:13:\"usesUniqueIds\";b:0;s:9:\"\0*\0hidden\";a:0:{}s:10:\"\0*\0visible\";a:0:{}s:11:\"\0*\0fillable\";a:6:{i:0;s:12:\"menu_card_id\";i:1;s:5:\"title\";i:2;s:3:\"url\";i:3;s:7:\"page_id\";i:4;s:5:\"order\";i:5;s:9:\"is_active\";}s:10:\"\0*\0guarded\";a:1:{i:0;s:1:\"*\";}}i:3;O:23:\"App\\Models\\MenuCardItem\":33:{s:13:\"\0*\0connection\";s:5:\"mysql\";s:8:\"\0*\0table\";s:15:\"menu_card_items\";s:13:\"\0*\0primaryKey\";s:2:\"id\";s:10:\"\0*\0keyType\";s:3:\"int\";s:12:\"incrementing\";b:1;s:7:\"\0*\0with\";a:0:{}s:12:\"\0*\0withCount\";a:0:{}s:19:\"preventsLazyLoading\";b:0;s:10:\"\0*\0perPage\";i:15;s:6:\"exists\";b:1;s:18:\"wasRecentlyCreated\";b:0;s:28:\"\0*\0escapeWhenCastingToString\";b:0;s:13:\"\0*\0attributes\";a:9:{s:2:\"id\";i:8;s:12:\"menu_card_id\";i:2;s:5:\"title\";s:17:\"Academic Calendar\";s:3:\"url\";N;s:7:\"page_id\";i:25;s:5:\"order\";i:4;s:9:\"is_active\";i:1;s:10:\"created_at\";s:19:\"2025-12-14 22:55:15\";s:10:\"updated_at\";s:19:\"2026-04-01 17:21:30\";}s:11:\"\0*\0original\";a:9:{s:2:\"id\";i:8;s:12:\"menu_card_id\";i:2;s:5:\"title\";s:17:\"Academic Calendar\";s:3:\"url\";N;s:7:\"page_id\";i:25;s:5:\"order\";i:4;s:9:\"is_active\";i:1;s:10:\"created_at\";s:19:\"2025-12-14 22:55:15\";s:10:\"updated_at\";s:19:\"2026-04-01 17:21:30\";}s:10:\"\0*\0changes\";a:0:{}s:11:\"\0*\0previous\";a:0:{}s:8:\"\0*\0casts\";a:1:{s:9:\"is_active\";s:7:\"boolean\";}s:17:\"\0*\0classCastCache\";a:0:{}s:21:\"\0*\0attributeCastCache\";a:0:{}s:13:\"\0*\0dateFormat\";N;s:10:\"\0*\0appends\";a:0:{}s:19:\"\0*\0dispatchesEvents\";a:0:{}s:14:\"\0*\0observables\";a:0:{}s:12:\"\0*\0relations\";a:0:{}s:10:\"\0*\0touches\";a:0:{}s:27:\"\0*\0relationAutoloadCallback\";N;s:26:\"\0*\0relationAutoloadContext\";N;s:10:\"timestamps\";b:1;s:13:\"usesUniqueIds\";b:0;s:9:\"\0*\0hidden\";a:0:{}s:10:\"\0*\0visible\";a:0:{}s:11:\"\0*\0fillable\";a:6:{i:0;s:12:\"menu_card_id\";i:1;s:5:\"title\";i:2;s:3:\"url\";i:3;s:7:\"page_id\";i:4;s:5:\"order\";i:5;s:9:\"is_active\";}s:10:\"\0*\0guarded\";a:1:{i:0;s:1:\"*\";}}}s:28:\"\0*\0escapeWhenCastingToString\";b:0;}}s:10:\"\0*\0touches\";a:0:{}s:27:\"\0*\0relationAutoloadCallback\";N;s:26:\"\0*\0relationAutoloadContext\";N;s:10:\"timestamps\";b:1;s:13:\"usesUniqueIds\";b:0;s:9:\"\0*\0hidden\";a:0:{}s:10:\"\0*\0visible\";a:0:{}s:11:\"\0*\0fillable\";a:6:{i:0;s:5:\"title\";i:1;s:8:\"icon_url\";i:2;s:8:\"bg_color\";i:3;s:8:\"template\";i:4;s:5:\"order\";i:5;s:9:\"is_active\";}s:10:\"\0*\0guarded\";a:1:{i:0;s:1:\"*\";}}i:2;O:19:\"App\\Models\\MenuCard\":33:{s:13:\"\0*\0connection\";s:5:\"mysql\";s:8:\"\0*\0table\";s:10:\"menu_cards\";s:13:\"\0*\0primaryKey\";s:2:\"id\";s:10:\"\0*\0keyType\";s:3:\"int\";s:12:\"incrementing\";b:1;s:7:\"\0*\0with\";a:0:{}s:12:\"\0*\0withCount\";a:0:{}s:19:\"preventsLazyLoading\";b:0;s:10:\"\0*\0perPage\";i:15;s:6:\"exists\";b:1;s:18:\"wasRecentlyCreated\";b:0;s:28:\"\0*\0escapeWhenCastingToString\";b:0;s:13:\"\0*\0attributes\";a:9:{s:2:\"id\";i:4;s:5:\"title\";s:14:\"Administration\";s:8:\"icon_url\";s:76:\"https://bacpsc.edu.bd/wp-content/uploads/2024/10/pngwing.com-2-300x300-1.png\";s:8:\"bg_color\";s:7:\"#0a4d3c\";s:8:\"template\";s:10:\"template_1\";s:5:\"order\";i:4;s:9:\"is_active\";i:1;s:10:\"created_at\";s:19:\"2025-12-14 22:45:05\";s:10:\"updated_at\";s:19:\"2025-12-14 22:47:41\";}s:11:\"\0*\0original\";a:9:{s:2:\"id\";i:4;s:5:\"title\";s:14:\"Administration\";s:8:\"icon_url\";s:76:\"https://bacpsc.edu.bd/wp-content/uploads/2024/10/pngwing.com-2-300x300-1.png\";s:8:\"bg_color\";s:7:\"#0a4d3c\";s:8:\"template\";s:10:\"template_1\";s:5:\"order\";i:4;s:9:\"is_active\";i:1;s:10:\"created_at\";s:19:\"2025-12-14 22:45:05\";s:10:\"updated_at\";s:19:\"2025-12-14 22:47:41\";}s:10:\"\0*\0changes\";a:0:{}s:11:\"\0*\0previous\";a:0:{}s:8:\"\0*\0casts\";a:1:{s:9:\"is_active\";s:7:\"boolean\";}s:17:\"\0*\0classCastCache\";a:0:{}s:21:\"\0*\0attributeCastCache\";a:0:{}s:13:\"\0*\0dateFormat\";N;s:10:\"\0*\0appends\";a:0:{}s:19:\"\0*\0dispatchesEvents\";a:0:{}s:14:\"\0*\0observables\";a:0:{}s:12:\"\0*\0relations\";a:1:{s:5:\"items\";O:39:\"Illuminate\\Database\\Eloquent\\Collection\":2:{s:8:\"\0*\0items\";a:4:{i:0;O:23:\"App\\Models\\MenuCardItem\":33:{s:13:\"\0*\0connection\";s:5:\"mysql\";s:8:\"\0*\0table\";s:15:\"menu_card_items\";s:13:\"\0*\0primaryKey\";s:2:\"id\";s:10:\"\0*\0keyType\";s:3:\"int\";s:12:\"incrementing\";b:1;s:7:\"\0*\0with\";a:0:{}s:12:\"\0*\0withCount\";a:0:{}s:19:\"preventsLazyLoading\";b:0;s:10:\"\0*\0perPage\";i:15;s:6:\"exists\";b:1;s:18:\"wasRecentlyCreated\";b:0;s:28:\"\0*\0escapeWhenCastingToString\";b:0;s:13:\"\0*\0attributes\";a:9:{s:2:\"id\";i:9;s:12:\"menu_card_id\";i:4;s:5:\"title\";s:14:\"Governing Body\";s:3:\"url\";N;s:7:\"page_id\";i:23;s:5:\"order\";i:1;s:9:\"is_active\";i:1;s:10:\"created_at\";s:19:\"2026-04-01 17:25:55\";s:10:\"updated_at\";s:19:\"2026-04-01 17:25:55\";}s:11:\"\0*\0original\";a:9:{s:2:\"id\";i:9;s:12:\"menu_card_id\";i:4;s:5:\"title\";s:14:\"Governing Body\";s:3:\"url\";N;s:7:\"page_id\";i:23;s:5:\"order\";i:1;s:9:\"is_active\";i:1;s:10:\"created_at\";s:19:\"2026-04-01 17:25:55\";s:10:\"updated_at\";s:19:\"2026-04-01 17:25:55\";}s:10:\"\0*\0changes\";a:0:{}s:11:\"\0*\0previous\";a:0:{}s:8:\"\0*\0casts\";a:1:{s:9:\"is_active\";s:7:\"boolean\";}s:17:\"\0*\0classCastCache\";a:0:{}s:21:\"\0*\0attributeCastCache\";a:0:{}s:13:\"\0*\0dateFormat\";N;s:10:\"\0*\0appends\";a:0:{}s:19:\"\0*\0dispatchesEvents\";a:0:{}s:14:\"\0*\0observables\";a:0:{}s:12:\"\0*\0relations\";a:0:{}s:10:\"\0*\0touches\";a:0:{}s:27:\"\0*\0relationAutoloadCallback\";N;s:26:\"\0*\0relationAutoloadContext\";N;s:10:\"timestamps\";b:1;s:13:\"usesUniqueIds\";b:0;s:9:\"\0*\0hidden\";a:0:{}s:10:\"\0*\0visible\";a:0:{}s:11:\"\0*\0fillable\";a:6:{i:0;s:12:\"menu_card_id\";i:1;s:5:\"title\";i:2;s:3:\"url\";i:3;s:7:\"page_id\";i:4;s:5:\"order\";i:5;s:9:\"is_active\";}s:10:\"\0*\0guarded\";a:1:{i:0;s:1:\"*\";}}i:1;O:23:\"App\\Models\\MenuCardItem\":33:{s:13:\"\0*\0connection\";s:5:\"mysql\";s:8:\"\0*\0table\";s:15:\"menu_card_items\";s:13:\"\0*\0primaryKey\";s:2:\"id\";s:10:\"\0*\0keyType\";s:3:\"int\";s:12:\"incrementing\";b:1;s:7:\"\0*\0with\";a:0:{}s:12:\"\0*\0withCount\";a:0:{}s:19:\"preventsLazyLoading\";b:0;s:10:\"\0*\0perPage\";i:15;s:6:\"exists\";b:1;s:18:\"wasRecentlyCreated\";b:0;s:28:\"\0*\0escapeWhenCastingToString\";b:0;s:13:\"\0*\0attributes\";a:9:{s:2:\"id\";i:10;s:12:\"menu_card_id\";i:4;s:5:\"title\";s:23:\"Message of the Chairman\";s:3:\"url\";s:70:\"https://dcgpsc.trusteduerp.com/message/brig-gen-kazi-mustafizur-rahman\";s:7:\"page_id\";N;s:5:\"order\";i:1;s:9:\"is_active\";i:1;s:10:\"created_at\";s:19:\"2026-04-01 17:25:55\";s:10:\"updated_at\";s:19:\"2026-04-01 17:25:55\";}s:11:\"\0*\0original\";a:9:{s:2:\"id\";i:10;s:12:\"menu_card_id\";i:4;s:5:\"title\";s:23:\"Message of the Chairman\";s:3:\"url\";s:70:\"https://dcgpsc.trusteduerp.com/message/brig-gen-kazi-mustafizur-rahman\";s:7:\"page_id\";N;s:5:\"order\";i:1;s:9:\"is_active\";i:1;s:10:\"created_at\";s:19:\"2026-04-01 17:25:55\";s:10:\"updated_at\";s:19:\"2026-04-01 17:25:55\";}s:10:\"\0*\0changes\";a:0:{}s:11:\"\0*\0previous\";a:0:{}s:8:\"\0*\0casts\";a:1:{s:9:\"is_active\";s:7:\"boolean\";}s:17:\"\0*\0classCastCache\";a:0:{}s:21:\"\0*\0attributeCastCache\";a:0:{}s:13:\"\0*\0dateFormat\";N;s:10:\"\0*\0appends\";a:0:{}s:19:\"\0*\0dispatchesEvents\";a:0:{}s:14:\"\0*\0observables\";a:0:{}s:12:\"\0*\0relations\";a:0:{}s:10:\"\0*\0touches\";a:0:{}s:27:\"\0*\0relationAutoloadCallback\";N;s:26:\"\0*\0relationAutoloadContext\";N;s:10:\"timestamps\";b:1;s:13:\"usesUniqueIds\";b:0;s:9:\"\0*\0hidden\";a:0:{}s:10:\"\0*\0visible\";a:0:{}s:11:\"\0*\0fillable\";a:6:{i:0;s:12:\"menu_card_id\";i:1;s:5:\"title\";i:2;s:3:\"url\";i:3;s:7:\"page_id\";i:4;s:5:\"order\";i:5;s:9:\"is_active\";}s:10:\"\0*\0guarded\";a:1:{i:0;s:1:\"*\";}}i:2;O:23:\"App\\Models\\MenuCardItem\":33:{s:13:\"\0*\0connection\";s:5:\"mysql\";s:8:\"\0*\0table\";s:15:\"menu_card_items\";s:13:\"\0*\0primaryKey\";s:2:\"id\";s:10:\"\0*\0keyType\";s:3:\"int\";s:12:\"incrementing\";b:1;s:7:\"\0*\0with\";a:0:{}s:12:\"\0*\0withCount\";a:0:{}s:19:\"preventsLazyLoading\";b:0;s:10:\"\0*\0perPage\";i:15;s:6:\"exists\";b:1;s:18:\"wasRecentlyCreated\";b:0;s:28:\"\0*\0escapeWhenCastingToString\";b:0;s:13:\"\0*\0attributes\";a:9:{s:2:\"id\";i:11;s:12:\"menu_card_id\";i:4;s:5:\"title\";s:24:\"Message of the Principal\";s:3:\"url\";s:64:\"https://dcgpsc.trusteduerp.com/message/col-md-mamun-azad-salehin\";s:7:\"page_id\";N;s:5:\"order\";i:2;s:9:\"is_active\";i:1;s:10:\"created_at\";s:19:\"2026-04-01 17:25:55\";s:10:\"updated_at\";s:19:\"2026-04-01 17:25:55\";}s:11:\"\0*\0original\";a:9:{s:2:\"id\";i:11;s:12:\"menu_card_id\";i:4;s:5:\"title\";s:24:\"Message of the Principal\";s:3:\"url\";s:64:\"https://dcgpsc.trusteduerp.com/message/col-md-mamun-azad-salehin\";s:7:\"page_id\";N;s:5:\"order\";i:2;s:9:\"is_active\";i:1;s:10:\"created_at\";s:19:\"2026-04-01 17:25:55\";s:10:\"updated_at\";s:19:\"2026-04-01 17:25:55\";}s:10:\"\0*\0changes\";a:0:{}s:11:\"\0*\0previous\";a:0:{}s:8:\"\0*\0casts\";a:1:{s:9:\"is_active\";s:7:\"boolean\";}s:17:\"\0*\0classCastCache\";a:0:{}s:21:\"\0*\0attributeCastCache\";a:0:{}s:13:\"\0*\0dateFormat\";N;s:10:\"\0*\0appends\";a:0:{}s:19:\"\0*\0dispatchesEvents\";a:0:{}s:14:\"\0*\0observables\";a:0:{}s:12:\"\0*\0relations\";a:0:{}s:10:\"\0*\0touches\";a:0:{}s:27:\"\0*\0relationAutoloadCallback\";N;s:26:\"\0*\0relationAutoloadContext\";N;s:10:\"timestamps\";b:1;s:13:\"usesUniqueIds\";b:0;s:9:\"\0*\0hidden\";a:0:{}s:10:\"\0*\0visible\";a:0:{}s:11:\"\0*\0fillable\";a:6:{i:0;s:12:\"menu_card_id\";i:1;s:5:\"title\";i:2;s:3:\"url\";i:3;s:7:\"page_id\";i:4;s:5:\"order\";i:5;s:9:\"is_active\";}s:10:\"\0*\0guarded\";a:1:{i:0;s:1:\"*\";}}i:3;O:23:\"App\\Models\\MenuCardItem\":33:{s:13:\"\0*\0connection\";s:5:\"mysql\";s:8:\"\0*\0table\";s:15:\"menu_card_items\";s:13:\"\0*\0primaryKey\";s:2:\"id\";s:10:\"\0*\0keyType\";s:3:\"int\";s:12:\"incrementing\";b:1;s:7:\"\0*\0with\";a:0:{}s:12:\"\0*\0withCount\";a:0:{}s:19:\"preventsLazyLoading\";b:0;s:10:\"\0*\0perPage\";i:15;s:6:\"exists\";b:1;s:18:\"wasRecentlyCreated\";b:0;s:28:\"\0*\0escapeWhenCastingToString\";b:0;s:13:\"\0*\0attributes\";a:9:{s:2:\"id\";i:12;s:12:\"menu_card_id\";i:4;s:5:\"title\";s:18:\"Teacher and Staff \";s:3:\"url\";s:48:\"https://s3.trusteduerp.xyz/op/teacher?insId=1012\";s:7:\"page_id\";N;s:5:\"order\";i:4;s:9:\"is_active\";i:1;s:10:\"created_at\";s:19:\"2026-04-01 17:26:43\";s:10:\"updated_at\";s:19:\"2026-04-01 17:26:43\";}s:11:\"\0*\0original\";a:9:{s:2:\"id\";i:12;s:12:\"menu_card_id\";i:4;s:5:\"title\";s:18:\"Teacher and Staff \";s:3:\"url\";s:48:\"https://s3.trusteduerp.xyz/op/teacher?insId=1012\";s:7:\"page_id\";N;s:5:\"order\";i:4;s:9:\"is_active\";i:1;s:10:\"created_at\";s:19:\"2026-04-01 17:26:43\";s:10:\"updated_at\";s:19:\"2026-04-01 17:26:43\";}s:10:\"\0*\0changes\";a:0:{}s:11:\"\0*\0previous\";a:0:{}s:8:\"\0*\0casts\";a:1:{s:9:\"is_active\";s:7:\"boolean\";}s:17:\"\0*\0classCastCache\";a:0:{}s:21:\"\0*\0attributeCastCache\";a:0:{}s:13:\"\0*\0dateFormat\";N;s:10:\"\0*\0appends\";a:0:{}s:19:\"\0*\0dispatchesEvents\";a:0:{}s:14:\"\0*\0observables\";a:0:{}s:12:\"\0*\0relations\";a:0:{}s:10:\"\0*\0touches\";a:0:{}s:27:\"\0*\0relationAutoloadCallback\";N;s:26:\"\0*\0relationAutoloadContext\";N;s:10:\"timestamps\";b:1;s:13:\"usesUniqueIds\";b:0;s:9:\"\0*\0hidden\";a:0:{}s:10:\"\0*\0visible\";a:0:{}s:11:\"\0*\0fillable\";a:6:{i:0;s:12:\"menu_card_id\";i:1;s:5:\"title\";i:2;s:3:\"url\";i:3;s:7:\"page_id\";i:4;s:5:\"order\";i:5;s:9:\"is_active\";}s:10:\"\0*\0guarded\";a:1:{i:0;s:1:\"*\";}}}s:28:\"\0*\0escapeWhenCastingToString\";b:0;}}s:10:\"\0*\0touches\";a:0:{}s:27:\"\0*\0relationAutoloadCallback\";N;s:26:\"\0*\0relationAutoloadContext\";N;s:10:\"timestamps\";b:1;s:13:\"usesUniqueIds\";b:0;s:9:\"\0*\0hidden\";a:0:{}s:10:\"\0*\0visible\";a:0:{}s:11:\"\0*\0fillable\";a:6:{i:0;s:5:\"title\";i:1;s:8:\"icon_url\";i:2;s:8:\"bg_color\";i:3;s:8:\"template\";i:4;s:5:\"order\";i:5;s:9:\"is_active\";}s:10:\"\0*\0guarded\";a:1:{i:0;s:1:\"*\";}}i:3;O:19:\"App\\Models\\MenuCard\":33:{s:13:\"\0*\0connection\";s:5:\"mysql\";s:8:\"\0*\0table\";s:10:\"menu_cards\";s:13:\"\0*\0primaryKey\";s:2:\"id\";s:10:\"\0*\0keyType\";s:3:\"int\";s:12:\"incrementing\";b:1;s:7:\"\0*\0with\";a:0:{}s:12:\"\0*\0withCount\";a:0:{}s:19:\"preventsLazyLoading\";b:0;s:10:\"\0*\0perPage\";i:15;s:6:\"exists\";b:1;s:18:\"wasRecentlyCreated\";b:0;s:28:\"\0*\0escapeWhenCastingToString\";b:0;s:13:\"\0*\0attributes\";a:9:{s:2:\"id\";i:5;s:5:\"title\";s:8:\"Download\";s:8:\"icon_url\";s:109:\"https://bacpsc.edu.bd/wp-content/uploads/2024/10/pngwing.com-1-q1mcc20kb9pnbp6i2e0av4bmi1g44gltvkxcl1p0q0.png\";s:8:\"bg_color\";s:7:\"#0a4d3c\";s:8:\"template\";s:10:\"template_1\";s:5:\"order\";i:5;s:9:\"is_active\";i:1;s:10:\"created_at\";s:19:\"2025-12-14 22:45:16\";s:10:\"updated_at\";s:19:\"2025-12-14 22:48:15\";}s:11:\"\0*\0original\";a:9:{s:2:\"id\";i:5;s:5:\"title\";s:8:\"Download\";s:8:\"icon_url\";s:109:\"https://bacpsc.edu.bd/wp-content/uploads/2024/10/pngwing.com-1-q1mcc20kb9pnbp6i2e0av4bmi1g44gltvkxcl1p0q0.png\";s:8:\"bg_color\";s:7:\"#0a4d3c\";s:8:\"template\";s:10:\"template_1\";s:5:\"order\";i:5;s:9:\"is_active\";i:1;s:10:\"created_at\";s:19:\"2025-12-14 22:45:16\";s:10:\"updated_at\";s:19:\"2025-12-14 22:48:15\";}s:10:\"\0*\0changes\";a:0:{}s:11:\"\0*\0previous\";a:0:{}s:8:\"\0*\0casts\";a:1:{s:9:\"is_active\";s:7:\"boolean\";}s:17:\"\0*\0classCastCache\";a:0:{}s:21:\"\0*\0attributeCastCache\";a:0:{}s:13:\"\0*\0dateFormat\";N;s:10:\"\0*\0appends\";a:0:{}s:19:\"\0*\0dispatchesEvents\";a:0:{}s:14:\"\0*\0observables\";a:0:{}s:12:\"\0*\0relations\";a:1:{s:5:\"items\";O:39:\"Illuminate\\Database\\Eloquent\\Collection\":2:{s:8:\"\0*\0items\";a:3:{i:0;O:23:\"App\\Models\\MenuCardItem\":33:{s:13:\"\0*\0connection\";s:5:\"mysql\";s:8:\"\0*\0table\";s:15:\"menu_card_items\";s:13:\"\0*\0primaryKey\";s:2:\"id\";s:10:\"\0*\0keyType\";s:3:\"int\";s:12:\"incrementing\";b:1;s:7:\"\0*\0with\";a:0:{}s:12:\"\0*\0withCount\";a:0:{}s:19:\"preventsLazyLoading\";b:0;s:10:\"\0*\0perPage\";i:15;s:6:\"exists\";b:1;s:18:\"wasRecentlyCreated\";b:0;s:28:\"\0*\0escapeWhenCastingToString\";b:0;s:13:\"\0*\0attributes\";a:9:{s:2:\"id\";i:15;s:12:\"menu_card_id\";i:5;s:5:\"title\";s:18:\"Public Exam Result\";s:3:\"url\";N;s:7:\"page_id\";i:58;s:5:\"order\";i:0;s:9:\"is_active\";i:1;s:10:\"created_at\";s:19:\"2026-04-02 07:40:24\";s:10:\"updated_at\";s:19:\"2026-04-02 07:40:24\";}s:11:\"\0*\0original\";a:9:{s:2:\"id\";i:15;s:12:\"menu_card_id\";i:5;s:5:\"title\";s:18:\"Public Exam Result\";s:3:\"url\";N;s:7:\"page_id\";i:58;s:5:\"order\";i:0;s:9:\"is_active\";i:1;s:10:\"created_at\";s:19:\"2026-04-02 07:40:24\";s:10:\"updated_at\";s:19:\"2026-04-02 07:40:24\";}s:10:\"\0*\0changes\";a:0:{}s:11:\"\0*\0previous\";a:0:{}s:8:\"\0*\0casts\";a:1:{s:9:\"is_active\";s:7:\"boolean\";}s:17:\"\0*\0classCastCache\";a:0:{}s:21:\"\0*\0attributeCastCache\";a:0:{}s:13:\"\0*\0dateFormat\";N;s:10:\"\0*\0appends\";a:0:{}s:19:\"\0*\0dispatchesEvents\";a:0:{}s:14:\"\0*\0observables\";a:0:{}s:12:\"\0*\0relations\";a:0:{}s:10:\"\0*\0touches\";a:0:{}s:27:\"\0*\0relationAutoloadCallback\";N;s:26:\"\0*\0relationAutoloadContext\";N;s:10:\"timestamps\";b:1;s:13:\"usesUniqueIds\";b:0;s:9:\"\0*\0hidden\";a:0:{}s:10:\"\0*\0visible\";a:0:{}s:11:\"\0*\0fillable\";a:6:{i:0;s:12:\"menu_card_id\";i:1;s:5:\"title\";i:2;s:3:\"url\";i:3;s:7:\"page_id\";i:4;s:5:\"order\";i:5;s:9:\"is_active\";}s:10:\"\0*\0guarded\";a:1:{i:0;s:1:\"*\";}}i:1;O:23:\"App\\Models\\MenuCardItem\":33:{s:13:\"\0*\0connection\";s:5:\"mysql\";s:8:\"\0*\0table\";s:15:\"menu_card_items\";s:13:\"\0*\0primaryKey\";s:2:\"id\";s:10:\"\0*\0keyType\";s:3:\"int\";s:12:\"incrementing\";b:1;s:7:\"\0*\0with\";a:0:{}s:12:\"\0*\0withCount\";a:0:{}s:19:\"preventsLazyLoading\";b:0;s:10:\"\0*\0perPage\";i:15;s:6:\"exists\";b:1;s:18:\"wasRecentlyCreated\";b:0;s:28:\"\0*\0escapeWhenCastingToString\";b:0;s:13:\"\0*\0attributes\";a:9:{s:2:\"id\";i:13;s:12:\"menu_card_id\";i:5;s:5:\"title\";s:13:\"Class Routine\";s:3:\"url\";N;s:7:\"page_id\";i:51;s:5:\"order\";i:1;s:9:\"is_active\";i:1;s:10:\"created_at\";s:19:\"2026-04-02 07:40:24\";s:10:\"updated_at\";s:19:\"2026-04-02 07:40:24\";}s:11:\"\0*\0original\";a:9:{s:2:\"id\";i:13;s:12:\"menu_card_id\";i:5;s:5:\"title\";s:13:\"Class Routine\";s:3:\"url\";N;s:7:\"page_id\";i:51;s:5:\"order\";i:1;s:9:\"is_active\";i:1;s:10:\"created_at\";s:19:\"2026-04-02 07:40:24\";s:10:\"updated_at\";s:19:\"2026-04-02 07:40:24\";}s:10:\"\0*\0changes\";a:0:{}s:11:\"\0*\0previous\";a:0:{}s:8:\"\0*\0casts\";a:1:{s:9:\"is_active\";s:7:\"boolean\";}s:17:\"\0*\0classCastCache\";a:0:{}s:21:\"\0*\0attributeCastCache\";a:0:{}s:13:\"\0*\0dateFormat\";N;s:10:\"\0*\0appends\";a:0:{}s:19:\"\0*\0dispatchesEvents\";a:0:{}s:14:\"\0*\0observables\";a:0:{}s:12:\"\0*\0relations\";a:0:{}s:10:\"\0*\0touches\";a:0:{}s:27:\"\0*\0relationAutoloadCallback\";N;s:26:\"\0*\0relationAutoloadContext\";N;s:10:\"timestamps\";b:1;s:13:\"usesUniqueIds\";b:0;s:9:\"\0*\0hidden\";a:0:{}s:10:\"\0*\0visible\";a:0:{}s:11:\"\0*\0fillable\";a:6:{i:0;s:12:\"menu_card_id\";i:1;s:5:\"title\";i:2;s:3:\"url\";i:3;s:7:\"page_id\";i:4;s:5:\"order\";i:5;s:9:\"is_active\";}s:10:\"\0*\0guarded\";a:1:{i:0;s:1:\"*\";}}i:2;O:23:\"App\\Models\\MenuCardItem\":33:{s:13:\"\0*\0connection\";s:5:\"mysql\";s:8:\"\0*\0table\";s:15:\"menu_card_items\";s:13:\"\0*\0primaryKey\";s:2:\"id\";s:10:\"\0*\0keyType\";s:3:\"int\";s:12:\"incrementing\";b:1;s:7:\"\0*\0with\";a:0:{}s:12:\"\0*\0withCount\";a:0:{}s:19:\"preventsLazyLoading\";b:0;s:10:\"\0*\0perPage\";i:15;s:6:\"exists\";b:1;s:18:\"wasRecentlyCreated\";b:0;s:28:\"\0*\0escapeWhenCastingToString\";b:0;s:13:\"\0*\0attributes\";a:9:{s:2:\"id\";i:14;s:12:\"menu_card_id\";i:5;s:5:\"title\";s:12:\"Exam Routine\";s:3:\"url\";N;s:7:\"page_id\";i:52;s:5:\"order\";i:2;s:9:\"is_active\";i:1;s:10:\"created_at\";s:19:\"2026-04-02 07:40:24\";s:10:\"updated_at\";s:19:\"2026-04-02 07:40:24\";}s:11:\"\0*\0original\";a:9:{s:2:\"id\";i:14;s:12:\"menu_card_id\";i:5;s:5:\"title\";s:12:\"Exam Routine\";s:3:\"url\";N;s:7:\"page_id\";i:52;s:5:\"order\";i:2;s:9:\"is_active\";i:1;s:10:\"created_at\";s:19:\"2026-04-02 07:40:24\";s:10:\"updated_at\";s:19:\"2026-04-02 07:40:24\";}s:10:\"\0*\0changes\";a:0:{}s:11:\"\0*\0previous\";a:0:{}s:8:\"\0*\0casts\";a:1:{s:9:\"is_active\";s:7:\"boolean\";}s:17:\"\0*\0classCastCache\";a:0:{}s:21:\"\0*\0attributeCastCache\";a:0:{}s:13:\"\0*\0dateFormat\";N;s:10:\"\0*\0appends\";a:0:{}s:19:\"\0*\0dispatchesEvents\";a:0:{}s:14:\"\0*\0observables\";a:0:{}s:12:\"\0*\0relations\";a:0:{}s:10:\"\0*\0touches\";a:0:{}s:27:\"\0*\0relationAutoloadCallback\";N;s:26:\"\0*\0relationAutoloadContext\";N;s:10:\"timestamps\";b:1;s:13:\"usesUniqueIds\";b:0;s:9:\"\0*\0hidden\";a:0:{}s:10:\"\0*\0visible\";a:0:{}s:11:\"\0*\0fillable\";a:6:{i:0;s:12:\"menu_card_id\";i:1;s:5:\"title\";i:2;s:3:\"url\";i:3;s:7:\"page_id\";i:4;s:5:\"order\";i:5;s:9:\"is_active\";}s:10:\"\0*\0guarded\";a:1:{i:0;s:1:\"*\";}}}s:28:\"\0*\0escapeWhenCastingToString\";b:0;}}s:10:\"\0*\0touches\";a:0:{}s:27:\"\0*\0relationAutoloadCallback\";N;s:26:\"\0*\0relationAutoloadContext\";N;s:10:\"timestamps\";b:1;s:13:\"usesUniqueIds\";b:0;s:9:\"\0*\0hidden\";a:0:{}s:10:\"\0*\0visible\";a:0:{}s:11:\"\0*\0fillable\";a:6:{i:0;s:5:\"title\";i:1;s:8:\"icon_url\";i:2;s:8:\"bg_color\";i:3;s:8:\"template\";i:4;s:5:\"order\";i:5;s:9:\"is_active\";}s:10:\"\0*\0guarded\";a:1:{i:0;s:1:\"*\";}}}s:28:\"\0*\0escapeWhenCastingToString\";b:0;}',1776251365),('laravel-cache-global.menus','O:39:\"Illuminate\\Database\\Eloquent\\Collection\":2:{s:8:\"\0*\0items\";a:11:{i:0;O:15:\"App\\Models\\Menu\":33:{s:13:\"\0*\0connection\";s:5:\"mysql\";s:8:\"\0*\0table\";s:5:\"menus\";s:13:\"\0*\0primaryKey\";s:2:\"id\";s:10:\"\0*\0keyType\";s:3:\"int\";s:12:\"incrementing\";b:1;s:7:\"\0*\0with\";a:0:{}s:12:\"\0*\0withCount\";a:0:{}s:19:\"preventsLazyLoading\";b:0;s:10:\"\0*\0perPage\";i:15;s:6:\"exists\";b:1;s:18:\"wasRecentlyCreated\";b:0;s:28:\"\0*\0escapeWhenCastingToString\";b:0;s:13:\"\0*\0attributes\";a:11:{s:2:\"id\";i:1;s:5:\"title\";s:4:\"Home\";s:3:\"url\";s:1:\"/\";s:7:\"page_id\";N;s:9:\"parent_id\";N;s:5:\"order\";i:1;s:9:\"is_active\";i:1;s:14:\"is_highlighted\";i:0;s:15:\"highlight_color\";N;s:10:\"created_at\";s:19:\"2025-11-22 12:44:21\";s:10:\"updated_at\";s:19:\"2025-11-22 12:44:21\";}s:11:\"\0*\0original\";a:11:{s:2:\"id\";i:1;s:5:\"title\";s:4:\"Home\";s:3:\"url\";s:1:\"/\";s:7:\"page_id\";N;s:9:\"parent_id\";N;s:5:\"order\";i:1;s:9:\"is_active\";i:1;s:14:\"is_highlighted\";i:0;s:15:\"highlight_color\";N;s:10:\"created_at\";s:19:\"2025-11-22 12:44:21\";s:10:\"updated_at\";s:19:\"2025-11-22 12:44:21\";}s:10:\"\0*\0changes\";a:0:{}s:11:\"\0*\0previous\";a:0:{}s:8:\"\0*\0casts\";a:0:{}s:17:\"\0*\0classCastCache\";a:0:{}s:21:\"\0*\0attributeCastCache\";a:0:{}s:13:\"\0*\0dateFormat\";N;s:10:\"\0*\0appends\";a:0:{}s:19:\"\0*\0dispatchesEvents\";a:0:{}s:14:\"\0*\0observables\";a:0:{}s:12:\"\0*\0relations\";a:1:{s:8:\"children\";O:39:\"Illuminate\\Database\\Eloquent\\Collection\":2:{s:8:\"\0*\0items\";a:0:{}s:28:\"\0*\0escapeWhenCastingToString\";b:0;}}s:10:\"\0*\0touches\";a:0:{}s:27:\"\0*\0relationAutoloadCallback\";N;s:26:\"\0*\0relationAutoloadContext\";N;s:10:\"timestamps\";b:1;s:13:\"usesUniqueIds\";b:0;s:9:\"\0*\0hidden\";a:0:{}s:10:\"\0*\0visible\";a:0:{}s:11:\"\0*\0fillable\";a:8:{i:0;s:5:\"title\";i:1;s:3:\"url\";i:2;s:9:\"parent_id\";i:3;s:7:\"page_id\";i:4;s:5:\"order\";i:5;s:9:\"is_active\";i:6;s:14:\"is_highlighted\";i:7;s:15:\"highlight_color\";}s:10:\"\0*\0guarded\";a:1:{i:0;s:1:\"*\";}}i:1;O:15:\"App\\Models\\Menu\":33:{s:13:\"\0*\0connection\";s:5:\"mysql\";s:8:\"\0*\0table\";s:5:\"menus\";s:13:\"\0*\0primaryKey\";s:2:\"id\";s:10:\"\0*\0keyType\";s:3:\"int\";s:12:\"incrementing\";b:1;s:7:\"\0*\0with\";a:0:{}s:12:\"\0*\0withCount\";a:0:{}s:19:\"preventsLazyLoading\";b:0;s:10:\"\0*\0perPage\";i:15;s:6:\"exists\";b:1;s:18:\"wasRecentlyCreated\";b:0;s:28:\"\0*\0escapeWhenCastingToString\";b:0;s:13:\"\0*\0attributes\";a:11:{s:2:\"id\";i:2;s:5:\"title\";s:5:\"About\";s:3:\"url\";N;s:7:\"page_id\";i:57;s:9:\"parent_id\";N;s:5:\"order\";i:2;s:9:\"is_active\";i:1;s:14:\"is_highlighted\";i:0;s:15:\"highlight_color\";N;s:10:\"created_at\";s:19:\"2025-11-22 12:44:21\";s:10:\"updated_at\";s:19:\"2026-04-02 05:23:29\";}s:11:\"\0*\0original\";a:11:{s:2:\"id\";i:2;s:5:\"title\";s:5:\"About\";s:3:\"url\";N;s:7:\"page_id\";i:57;s:9:\"parent_id\";N;s:5:\"order\";i:2;s:9:\"is_active\";i:1;s:14:\"is_highlighted\";i:0;s:15:\"highlight_color\";N;s:10:\"created_at\";s:19:\"2025-11-22 12:44:21\";s:10:\"updated_at\";s:19:\"2026-04-02 05:23:29\";}s:10:\"\0*\0changes\";a:0:{}s:11:\"\0*\0previous\";a:0:{}s:8:\"\0*\0casts\";a:0:{}s:17:\"\0*\0classCastCache\";a:0:{}s:21:\"\0*\0attributeCastCache\";a:0:{}s:13:\"\0*\0dateFormat\";N;s:10:\"\0*\0appends\";a:0:{}s:19:\"\0*\0dispatchesEvents\";a:0:{}s:14:\"\0*\0observables\";a:0:{}s:12:\"\0*\0relations\";a:1:{s:8:\"children\";O:39:\"Illuminate\\Database\\Eloquent\\Collection\":2:{s:8:\"\0*\0items\";a:5:{i:0;O:15:\"App\\Models\\Menu\":33:{s:13:\"\0*\0connection\";s:5:\"mysql\";s:8:\"\0*\0table\";s:5:\"menus\";s:13:\"\0*\0primaryKey\";s:2:\"id\";s:10:\"\0*\0keyType\";s:3:\"int\";s:12:\"incrementing\";b:1;s:7:\"\0*\0with\";a:0:{}s:12:\"\0*\0withCount\";a:0:{}s:19:\"preventsLazyLoading\";b:0;s:10:\"\0*\0perPage\";i:15;s:6:\"exists\";b:1;s:18:\"wasRecentlyCreated\";b:0;s:28:\"\0*\0escapeWhenCastingToString\";b:0;s:13:\"\0*\0attributes\";a:11:{s:2:\"id\";i:38;s:5:\"title\";s:7:\"History\";s:3:\"url\";N;s:7:\"page_id\";i:21;s:9:\"parent_id\";i:2;s:5:\"order\";i:2;s:9:\"is_active\";i:1;s:14:\"is_highlighted\";i:0;s:15:\"highlight_color\";N;s:10:\"created_at\";s:19:\"2025-12-29 18:00:45\";s:10:\"updated_at\";s:19:\"2025-12-29 18:00:45\";}s:11:\"\0*\0original\";a:11:{s:2:\"id\";i:38;s:5:\"title\";s:7:\"History\";s:3:\"url\";N;s:7:\"page_id\";i:21;s:9:\"parent_id\";i:2;s:5:\"order\";i:2;s:9:\"is_active\";i:1;s:14:\"is_highlighted\";i:0;s:15:\"highlight_color\";N;s:10:\"created_at\";s:19:\"2025-12-29 18:00:45\";s:10:\"updated_at\";s:19:\"2025-12-29 18:00:45\";}s:10:\"\0*\0changes\";a:0:{}s:11:\"\0*\0previous\";a:0:{}s:8:\"\0*\0casts\";a:0:{}s:17:\"\0*\0classCastCache\";a:0:{}s:21:\"\0*\0attributeCastCache\";a:0:{}s:13:\"\0*\0dateFormat\";N;s:10:\"\0*\0appends\";a:0:{}s:19:\"\0*\0dispatchesEvents\";a:0:{}s:14:\"\0*\0observables\";a:0:{}s:12:\"\0*\0relations\";a:0:{}s:10:\"\0*\0touches\";a:0:{}s:27:\"\0*\0relationAutoloadCallback\";N;s:26:\"\0*\0relationAutoloadContext\";N;s:10:\"timestamps\";b:1;s:13:\"usesUniqueIds\";b:0;s:9:\"\0*\0hidden\";a:0:{}s:10:\"\0*\0visible\";a:0:{}s:11:\"\0*\0fillable\";a:8:{i:0;s:5:\"title\";i:1;s:3:\"url\";i:2;s:9:\"parent_id\";i:3;s:7:\"page_id\";i:4;s:5:\"order\";i:5;s:9:\"is_active\";i:6;s:14:\"is_highlighted\";i:7;s:15:\"highlight_color\";}s:10:\"\0*\0guarded\";a:1:{i:0;s:1:\"*\";}}i:1;O:15:\"App\\Models\\Menu\":33:{s:13:\"\0*\0connection\";s:5:\"mysql\";s:8:\"\0*\0table\";s:5:\"menus\";s:13:\"\0*\0primaryKey\";s:2:\"id\";s:10:\"\0*\0keyType\";s:3:\"int\";s:12:\"incrementing\";b:1;s:7:\"\0*\0with\";a:0:{}s:12:\"\0*\0withCount\";a:0:{}s:19:\"preventsLazyLoading\";b:0;s:10:\"\0*\0perPage\";i:15;s:6:\"exists\";b:1;s:18:\"wasRecentlyCreated\";b:0;s:28:\"\0*\0escapeWhenCastingToString\";b:0;s:13:\"\0*\0attributes\";a:11:{s:2:\"id\";i:77;s:5:\"title\";s:15:\"Infrastructure \";s:3:\"url\";N;s:7:\"page_id\";i:57;s:9:\"parent_id\";i:2;s:5:\"order\";i:2;s:9:\"is_active\";i:1;s:14:\"is_highlighted\";i:0;s:15:\"highlight_color\";N;s:10:\"created_at\";s:19:\"2026-04-02 05:23:55\";s:10:\"updated_at\";s:19:\"2026-04-02 05:23:55\";}s:11:\"\0*\0original\";a:11:{s:2:\"id\";i:77;s:5:\"title\";s:15:\"Infrastructure \";s:3:\"url\";N;s:7:\"page_id\";i:57;s:9:\"parent_id\";i:2;s:5:\"order\";i:2;s:9:\"is_active\";i:1;s:14:\"is_highlighted\";i:0;s:15:\"highlight_color\";N;s:10:\"created_at\";s:19:\"2026-04-02 05:23:55\";s:10:\"updated_at\";s:19:\"2026-04-02 05:23:55\";}s:10:\"\0*\0changes\";a:0:{}s:11:\"\0*\0previous\";a:0:{}s:8:\"\0*\0casts\";a:0:{}s:17:\"\0*\0classCastCache\";a:0:{}s:21:\"\0*\0attributeCastCache\";a:0:{}s:13:\"\0*\0dateFormat\";N;s:10:\"\0*\0appends\";a:0:{}s:19:\"\0*\0dispatchesEvents\";a:0:{}s:14:\"\0*\0observables\";a:0:{}s:12:\"\0*\0relations\";a:0:{}s:10:\"\0*\0touches\";a:0:{}s:27:\"\0*\0relationAutoloadCallback\";N;s:26:\"\0*\0relationAutoloadContext\";N;s:10:\"timestamps\";b:1;s:13:\"usesUniqueIds\";b:0;s:9:\"\0*\0hidden\";a:0:{}s:10:\"\0*\0visible\";a:0:{}s:11:\"\0*\0fillable\";a:8:{i:0;s:5:\"title\";i:1;s:3:\"url\";i:2;s:9:\"parent_id\";i:3;s:7:\"page_id\";i:4;s:5:\"order\";i:5;s:9:\"is_active\";i:6;s:14:\"is_highlighted\";i:7;s:15:\"highlight_color\";}s:10:\"\0*\0guarded\";a:1:{i:0;s:1:\"*\";}}i:2;O:15:\"App\\Models\\Menu\":33:{s:13:\"\0*\0connection\";s:5:\"mysql\";s:8:\"\0*\0table\";s:5:\"menus\";s:13:\"\0*\0primaryKey\";s:2:\"id\";s:10:\"\0*\0keyType\";s:3:\"int\";s:12:\"incrementing\";b:1;s:7:\"\0*\0with\";a:0:{}s:12:\"\0*\0withCount\";a:0:{}s:19:\"preventsLazyLoading\";b:0;s:10:\"\0*\0perPage\";i:15;s:6:\"exists\";b:1;s:18:\"wasRecentlyCreated\";b:0;s:28:\"\0*\0escapeWhenCastingToString\";b:0;s:13:\"\0*\0attributes\";a:11:{s:2:\"id\";i:65;s:5:\"title\";s:16:\"Mission & Vision\";s:3:\"url\";N;s:7:\"page_id\";i:44;s:9:\"parent_id\";i:2;s:5:\"order\";i:4;s:9:\"is_active\";i:1;s:14:\"is_highlighted\";i:0;s:15:\"highlight_color\";N;s:10:\"created_at\";s:19:\"2026-03-23 15:26:00\";s:10:\"updated_at\";s:19:\"2026-03-23 15:26:00\";}s:11:\"\0*\0original\";a:11:{s:2:\"id\";i:65;s:5:\"title\";s:16:\"Mission & Vision\";s:3:\"url\";N;s:7:\"page_id\";i:44;s:9:\"parent_id\";i:2;s:5:\"order\";i:4;s:9:\"is_active\";i:1;s:14:\"is_highlighted\";i:0;s:15:\"highlight_color\";N;s:10:\"created_at\";s:19:\"2026-03-23 15:26:00\";s:10:\"updated_at\";s:19:\"2026-03-23 15:26:00\";}s:10:\"\0*\0changes\";a:0:{}s:11:\"\0*\0previous\";a:0:{}s:8:\"\0*\0casts\";a:0:{}s:17:\"\0*\0classCastCache\";a:0:{}s:21:\"\0*\0attributeCastCache\";a:0:{}s:13:\"\0*\0dateFormat\";N;s:10:\"\0*\0appends\";a:0:{}s:19:\"\0*\0dispatchesEvents\";a:0:{}s:14:\"\0*\0observables\";a:0:{}s:12:\"\0*\0relations\";a:0:{}s:10:\"\0*\0touches\";a:0:{}s:27:\"\0*\0relationAutoloadCallback\";N;s:26:\"\0*\0relationAutoloadContext\";N;s:10:\"timestamps\";b:1;s:13:\"usesUniqueIds\";b:0;s:9:\"\0*\0hidden\";a:0:{}s:10:\"\0*\0visible\";a:0:{}s:11:\"\0*\0fillable\";a:8:{i:0;s:5:\"title\";i:1;s:3:\"url\";i:2;s:9:\"parent_id\";i:3;s:7:\"page_id\";i:4;s:5:\"order\";i:5;s:9:\"is_active\";i:6;s:14:\"is_highlighted\";i:7;s:15:\"highlight_color\";}s:10:\"\0*\0guarded\";a:1:{i:0;s:1:\"*\";}}i:3;O:15:\"App\\Models\\Menu\":33:{s:13:\"\0*\0connection\";s:5:\"mysql\";s:8:\"\0*\0table\";s:5:\"menus\";s:13:\"\0*\0primaryKey\";s:2:\"id\";s:10:\"\0*\0keyType\";s:3:\"int\";s:12:\"incrementing\";b:1;s:7:\"\0*\0with\";a:0:{}s:12:\"\0*\0withCount\";a:0:{}s:19:\"preventsLazyLoading\";b:0;s:10:\"\0*\0perPage\";i:15;s:6:\"exists\";b:1;s:18:\"wasRecentlyCreated\";b:0;s:28:\"\0*\0escapeWhenCastingToString\";b:0;s:13:\"\0*\0attributes\";a:11:{s:2:\"id\";i:69;s:5:\"title\";s:12:\"Achievements\";s:3:\"url\";s:13:\"/achievements\";s:7:\"page_id\";N;s:9:\"parent_id\";i:2;s:5:\"order\";i:5;s:9:\"is_active\";i:1;s:14:\"is_highlighted\";i:0;s:15:\"highlight_color\";N;s:10:\"created_at\";s:19:\"2026-03-31 03:41:47\";s:10:\"updated_at\";s:19:\"2026-03-31 03:45:41\";}s:11:\"\0*\0original\";a:11:{s:2:\"id\";i:69;s:5:\"title\";s:12:\"Achievements\";s:3:\"url\";s:13:\"/achievements\";s:7:\"page_id\";N;s:9:\"parent_id\";i:2;s:5:\"order\";i:5;s:9:\"is_active\";i:1;s:14:\"is_highlighted\";i:0;s:15:\"highlight_color\";N;s:10:\"created_at\";s:19:\"2026-03-31 03:41:47\";s:10:\"updated_at\";s:19:\"2026-03-31 03:45:41\";}s:10:\"\0*\0changes\";a:0:{}s:11:\"\0*\0previous\";a:0:{}s:8:\"\0*\0casts\";a:0:{}s:17:\"\0*\0classCastCache\";a:0:{}s:21:\"\0*\0attributeCastCache\";a:0:{}s:13:\"\0*\0dateFormat\";N;s:10:\"\0*\0appends\";a:0:{}s:19:\"\0*\0dispatchesEvents\";a:0:{}s:14:\"\0*\0observables\";a:0:{}s:12:\"\0*\0relations\";a:0:{}s:10:\"\0*\0touches\";a:0:{}s:27:\"\0*\0relationAutoloadCallback\";N;s:26:\"\0*\0relationAutoloadContext\";N;s:10:\"timestamps\";b:1;s:13:\"usesUniqueIds\";b:0;s:9:\"\0*\0hidden\";a:0:{}s:10:\"\0*\0visible\";a:0:{}s:11:\"\0*\0fillable\";a:8:{i:0;s:5:\"title\";i:1;s:3:\"url\";i:2;s:9:\"parent_id\";i:3;s:7:\"page_id\";i:4;s:5:\"order\";i:5;s:9:\"is_active\";i:6;s:14:\"is_highlighted\";i:7;s:15:\"highlight_color\";}s:10:\"\0*\0guarded\";a:1:{i:0;s:1:\"*\";}}i:4;O:15:\"App\\Models\\Menu\":33:{s:13:\"\0*\0connection\";s:5:\"mysql\";s:8:\"\0*\0table\";s:5:\"menus\";s:13:\"\0*\0primaryKey\";s:2:\"id\";s:10:\"\0*\0keyType\";s:3:\"int\";s:12:\"incrementing\";b:1;s:7:\"\0*\0with\";a:0:{}s:12:\"\0*\0withCount\";a:0:{}s:19:\"preventsLazyLoading\";b:0;s:10:\"\0*\0perPage\";i:15;s:6:\"exists\";b:1;s:18:\"wasRecentlyCreated\";b:0;s:28:\"\0*\0escapeWhenCastingToString\";b:0;s:13:\"\0*\0attributes\";a:11:{s:2:\"id\";i:70;s:5:\"title\";s:13:\"News & Events\";s:3:\"url\";s:5:\"/news\";s:7:\"page_id\";N;s:9:\"parent_id\";i:2;s:5:\"order\";i:6;s:9:\"is_active\";i:1;s:14:\"is_highlighted\";i:0;s:15:\"highlight_color\";N;s:10:\"created_at\";s:19:\"2026-03-31 03:44:15\";s:10:\"updated_at\";s:19:\"2026-03-31 03:44:15\";}s:11:\"\0*\0original\";a:11:{s:2:\"id\";i:70;s:5:\"title\";s:13:\"News & Events\";s:3:\"url\";s:5:\"/news\";s:7:\"page_id\";N;s:9:\"parent_id\";i:2;s:5:\"order\";i:6;s:9:\"is_active\";i:1;s:14:\"is_highlighted\";i:0;s:15:\"highlight_color\";N;s:10:\"created_at\";s:19:\"2026-03-31 03:44:15\";s:10:\"updated_at\";s:19:\"2026-03-31 03:44:15\";}s:10:\"\0*\0changes\";a:0:{}s:11:\"\0*\0previous\";a:0:{}s:8:\"\0*\0casts\";a:0:{}s:17:\"\0*\0classCastCache\";a:0:{}s:21:\"\0*\0attributeCastCache\";a:0:{}s:13:\"\0*\0dateFormat\";N;s:10:\"\0*\0appends\";a:0:{}s:19:\"\0*\0dispatchesEvents\";a:0:{}s:14:\"\0*\0observables\";a:0:{}s:12:\"\0*\0relations\";a:0:{}s:10:\"\0*\0touches\";a:0:{}s:27:\"\0*\0relationAutoloadCallback\";N;s:26:\"\0*\0relationAutoloadContext\";N;s:10:\"timestamps\";b:1;s:13:\"usesUniqueIds\";b:0;s:9:\"\0*\0hidden\";a:0:{}s:10:\"\0*\0visible\";a:0:{}s:11:\"\0*\0fillable\";a:8:{i:0;s:5:\"title\";i:1;s:3:\"url\";i:2;s:9:\"parent_id\";i:3;s:7:\"page_id\";i:4;s:5:\"order\";i:5;s:9:\"is_active\";i:6;s:14:\"is_highlighted\";i:7;s:15:\"highlight_color\";}s:10:\"\0*\0guarded\";a:1:{i:0;s:1:\"*\";}}}s:28:\"\0*\0escapeWhenCastingToString\";b:0;}}s:10:\"\0*\0touches\";a:0:{}s:27:\"\0*\0relationAutoloadCallback\";N;s:26:\"\0*\0relationAutoloadContext\";N;s:10:\"timestamps\";b:1;s:13:\"usesUniqueIds\";b:0;s:9:\"\0*\0hidden\";a:0:{}s:10:\"\0*\0visible\";a:0:{}s:11:\"\0*\0fillable\";a:8:{i:0;s:5:\"title\";i:1;s:3:\"url\";i:2;s:9:\"parent_id\";i:3;s:7:\"page_id\";i:4;s:5:\"order\";i:5;s:9:\"is_active\";i:6;s:14:\"is_highlighted\";i:7;s:15:\"highlight_color\";}s:10:\"\0*\0guarded\";a:1:{i:0;s:1:\"*\";}}i:2;O:15:\"App\\Models\\Menu\":33:{s:13:\"\0*\0connection\";s:5:\"mysql\";s:8:\"\0*\0table\";s:5:\"menus\";s:13:\"\0*\0primaryKey\";s:2:\"id\";s:10:\"\0*\0keyType\";s:3:\"int\";s:12:\"incrementing\";b:1;s:7:\"\0*\0with\";a:0:{}s:12:\"\0*\0withCount\";a:0:{}s:19:\"preventsLazyLoading\";b:0;s:10:\"\0*\0perPage\";i:15;s:6:\"exists\";b:1;s:18:\"wasRecentlyCreated\";b:0;s:28:\"\0*\0escapeWhenCastingToString\";b:0;s:13:\"\0*\0attributes\";a:11:{s:2:\"id\";i:3;s:5:\"title\";s:8:\"Academic\";s:3:\"url\";N;s:7:\"page_id\";i:53;s:9:\"parent_id\";N;s:5:\"order\";i:2;s:9:\"is_active\";i:1;s:14:\"is_highlighted\";i:0;s:15:\"highlight_color\";N;s:10:\"created_at\";s:19:\"2025-11-22 12:44:21\";s:10:\"updated_at\";s:19:\"2026-04-02 05:25:46\";}s:11:\"\0*\0original\";a:11:{s:2:\"id\";i:3;s:5:\"title\";s:8:\"Academic\";s:3:\"url\";N;s:7:\"page_id\";i:53;s:9:\"parent_id\";N;s:5:\"order\";i:2;s:9:\"is_active\";i:1;s:14:\"is_highlighted\";i:0;s:15:\"highlight_color\";N;s:10:\"created_at\";s:19:\"2025-11-22 12:44:21\";s:10:\"updated_at\";s:19:\"2026-04-02 05:25:46\";}s:10:\"\0*\0changes\";a:0:{}s:11:\"\0*\0previous\";a:0:{}s:8:\"\0*\0casts\";a:0:{}s:17:\"\0*\0classCastCache\";a:0:{}s:21:\"\0*\0attributeCastCache\";a:0:{}s:13:\"\0*\0dateFormat\";N;s:10:\"\0*\0appends\";a:0:{}s:19:\"\0*\0dispatchesEvents\";a:0:{}s:14:\"\0*\0observables\";a:0:{}s:12:\"\0*\0relations\";a:1:{s:8:\"children\";O:39:\"Illuminate\\Database\\Eloquent\\Collection\":2:{s:8:\"\0*\0items\";a:5:{i:0;O:15:\"App\\Models\\Menu\":33:{s:13:\"\0*\0connection\";s:5:\"mysql\";s:8:\"\0*\0table\";s:5:\"menus\";s:13:\"\0*\0primaryKey\";s:2:\"id\";s:10:\"\0*\0keyType\";s:3:\"int\";s:12:\"incrementing\";b:1;s:7:\"\0*\0with\";a:0:{}s:12:\"\0*\0withCount\";a:0:{}s:19:\"preventsLazyLoading\";b:0;s:10:\"\0*\0perPage\";i:15;s:6:\"exists\";b:1;s:18:\"wasRecentlyCreated\";b:0;s:28:\"\0*\0escapeWhenCastingToString\";b:0;s:13:\"\0*\0attributes\";a:11:{s:2:\"id\";i:78;s:5:\"title\";s:6:\"Notice\";s:3:\"url\";s:8:\"/notices\";s:7:\"page_id\";N;s:9:\"parent_id\";i:3;s:5:\"order\";i:1;s:9:\"is_active\";i:1;s:14:\"is_highlighted\";i:0;s:15:\"highlight_color\";N;s:10:\"created_at\";s:19:\"2026-04-02 05:28:00\";s:10:\"updated_at\";s:19:\"2026-04-02 05:28:00\";}s:11:\"\0*\0original\";a:11:{s:2:\"id\";i:78;s:5:\"title\";s:6:\"Notice\";s:3:\"url\";s:8:\"/notices\";s:7:\"page_id\";N;s:9:\"parent_id\";i:3;s:5:\"order\";i:1;s:9:\"is_active\";i:1;s:14:\"is_highlighted\";i:0;s:15:\"highlight_color\";N;s:10:\"created_at\";s:19:\"2026-04-02 05:28:00\";s:10:\"updated_at\";s:19:\"2026-04-02 05:28:00\";}s:10:\"\0*\0changes\";a:0:{}s:11:\"\0*\0previous\";a:0:{}s:8:\"\0*\0casts\";a:0:{}s:17:\"\0*\0classCastCache\";a:0:{}s:21:\"\0*\0attributeCastCache\";a:0:{}s:13:\"\0*\0dateFormat\";N;s:10:\"\0*\0appends\";a:0:{}s:19:\"\0*\0dispatchesEvents\";a:0:{}s:14:\"\0*\0observables\";a:0:{}s:12:\"\0*\0relations\";a:0:{}s:10:\"\0*\0touches\";a:0:{}s:27:\"\0*\0relationAutoloadCallback\";N;s:26:\"\0*\0relationAutoloadContext\";N;s:10:\"timestamps\";b:1;s:13:\"usesUniqueIds\";b:0;s:9:\"\0*\0hidden\";a:0:{}s:10:\"\0*\0visible\";a:0:{}s:11:\"\0*\0fillable\";a:8:{i:0;s:5:\"title\";i:1;s:3:\"url\";i:2;s:9:\"parent_id\";i:3;s:7:\"page_id\";i:4;s:5:\"order\";i:5;s:9:\"is_active\";i:6;s:14:\"is_highlighted\";i:7;s:15:\"highlight_color\";}s:10:\"\0*\0guarded\";a:1:{i:0;s:1:\"*\";}}i:1;O:15:\"App\\Models\\Menu\":33:{s:13:\"\0*\0connection\";s:5:\"mysql\";s:8:\"\0*\0table\";s:5:\"menus\";s:13:\"\0*\0primaryKey\";s:2:\"id\";s:10:\"\0*\0keyType\";s:3:\"int\";s:12:\"incrementing\";b:1;s:7:\"\0*\0with\";a:0:{}s:12:\"\0*\0withCount\";a:0:{}s:19:\"preventsLazyLoading\";b:0;s:10:\"\0*\0perPage\";i:15;s:6:\"exists\";b:1;s:18:\"wasRecentlyCreated\";b:0;s:28:\"\0*\0escapeWhenCastingToString\";b:0;s:13:\"\0*\0attributes\";a:11:{s:2:\"id\";i:71;s:5:\"title\";s:13:\"Class Routine\";s:3:\"url\";N;s:7:\"page_id\";i:51;s:9:\"parent_id\";i:3;s:5:\"order\";i:3;s:9:\"is_active\";i:1;s:14:\"is_highlighted\";i:0;s:15:\"highlight_color\";N;s:10:\"created_at\";s:19:\"2026-04-01 16:26:05\";s:10:\"updated_at\";s:19:\"2026-04-02 05:28:47\";}s:11:\"\0*\0original\";a:11:{s:2:\"id\";i:71;s:5:\"title\";s:13:\"Class Routine\";s:3:\"url\";N;s:7:\"page_id\";i:51;s:9:\"parent_id\";i:3;s:5:\"order\";i:3;s:9:\"is_active\";i:1;s:14:\"is_highlighted\";i:0;s:15:\"highlight_color\";N;s:10:\"created_at\";s:19:\"2026-04-01 16:26:05\";s:10:\"updated_at\";s:19:\"2026-04-02 05:28:47\";}s:10:\"\0*\0changes\";a:0:{}s:11:\"\0*\0previous\";a:0:{}s:8:\"\0*\0casts\";a:0:{}s:17:\"\0*\0classCastCache\";a:0:{}s:21:\"\0*\0attributeCastCache\";a:0:{}s:13:\"\0*\0dateFormat\";N;s:10:\"\0*\0appends\";a:0:{}s:19:\"\0*\0dispatchesEvents\";a:0:{}s:14:\"\0*\0observables\";a:0:{}s:12:\"\0*\0relations\";a:0:{}s:10:\"\0*\0touches\";a:0:{}s:27:\"\0*\0relationAutoloadCallback\";N;s:26:\"\0*\0relationAutoloadContext\";N;s:10:\"timestamps\";b:1;s:13:\"usesUniqueIds\";b:0;s:9:\"\0*\0hidden\";a:0:{}s:10:\"\0*\0visible\";a:0:{}s:11:\"\0*\0fillable\";a:8:{i:0;s:5:\"title\";i:1;s:3:\"url\";i:2;s:9:\"parent_id\";i:3;s:7:\"page_id\";i:4;s:5:\"order\";i:5;s:9:\"is_active\";i:6;s:14:\"is_highlighted\";i:7;s:15:\"highlight_color\";}s:10:\"\0*\0guarded\";a:1:{i:0;s:1:\"*\";}}i:2;O:15:\"App\\Models\\Menu\":33:{s:13:\"\0*\0connection\";s:5:\"mysql\";s:8:\"\0*\0table\";s:5:\"menus\";s:13:\"\0*\0primaryKey\";s:2:\"id\";s:10:\"\0*\0keyType\";s:3:\"int\";s:12:\"incrementing\";b:1;s:7:\"\0*\0with\";a:0:{}s:12:\"\0*\0withCount\";a:0:{}s:19:\"preventsLazyLoading\";b:0;s:10:\"\0*\0perPage\";i:15;s:6:\"exists\";b:1;s:18:\"wasRecentlyCreated\";b:0;s:28:\"\0*\0escapeWhenCastingToString\";b:0;s:13:\"\0*\0attributes\";a:11:{s:2:\"id\";i:72;s:5:\"title\";s:12:\"Exam Routine\";s:3:\"url\";N;s:7:\"page_id\";i:52;s:9:\"parent_id\";i:3;s:5:\"order\";i:3;s:9:\"is_active\";i:1;s:14:\"is_highlighted\";i:0;s:15:\"highlight_color\";N;s:10:\"created_at\";s:19:\"2026-04-01 16:40:02\";s:10:\"updated_at\";s:19:\"2026-04-02 05:30:14\";}s:11:\"\0*\0original\";a:11:{s:2:\"id\";i:72;s:5:\"title\";s:12:\"Exam Routine\";s:3:\"url\";N;s:7:\"page_id\";i:52;s:9:\"parent_id\";i:3;s:5:\"order\";i:3;s:9:\"is_active\";i:1;s:14:\"is_highlighted\";i:0;s:15:\"highlight_color\";N;s:10:\"created_at\";s:19:\"2026-04-01 16:40:02\";s:10:\"updated_at\";s:19:\"2026-04-02 05:30:14\";}s:10:\"\0*\0changes\";a:0:{}s:11:\"\0*\0previous\";a:0:{}s:8:\"\0*\0casts\";a:0:{}s:17:\"\0*\0classCastCache\";a:0:{}s:21:\"\0*\0attributeCastCache\";a:0:{}s:13:\"\0*\0dateFormat\";N;s:10:\"\0*\0appends\";a:0:{}s:19:\"\0*\0dispatchesEvents\";a:0:{}s:14:\"\0*\0observables\";a:0:{}s:12:\"\0*\0relations\";a:0:{}s:10:\"\0*\0touches\";a:0:{}s:27:\"\0*\0relationAutoloadCallback\";N;s:26:\"\0*\0relationAutoloadContext\";N;s:10:\"timestamps\";b:1;s:13:\"usesUniqueIds\";b:0;s:9:\"\0*\0hidden\";a:0:{}s:10:\"\0*\0visible\";a:0:{}s:11:\"\0*\0fillable\";a:8:{i:0;s:5:\"title\";i:1;s:3:\"url\";i:2;s:9:\"parent_id\";i:3;s:7:\"page_id\";i:4;s:5:\"order\";i:5;s:9:\"is_active\";i:6;s:14:\"is_highlighted\";i:7;s:15:\"highlight_color\";}s:10:\"\0*\0guarded\";a:1:{i:0;s:1:\"*\";}}i:3;O:15:\"App\\Models\\Menu\":33:{s:13:\"\0*\0connection\";s:5:\"mysql\";s:8:\"\0*\0table\";s:5:\"menus\";s:13:\"\0*\0primaryKey\";s:2:\"id\";s:10:\"\0*\0keyType\";s:3:\"int\";s:12:\"incrementing\";b:1;s:7:\"\0*\0with\";a:0:{}s:12:\"\0*\0withCount\";a:0:{}s:19:\"preventsLazyLoading\";b:0;s:10:\"\0*\0perPage\";i:15;s:6:\"exists\";b:1;s:18:\"wasRecentlyCreated\";b:0;s:28:\"\0*\0escapeWhenCastingToString\";b:0;s:13:\"\0*\0attributes\";a:11:{s:2:\"id\";i:45;s:5:\"title\";s:8:\"Syllabus\";s:3:\"url\";N;s:7:\"page_id\";i:24;s:9:\"parent_id\";i:3;s:5:\"order\";i:5;s:9:\"is_active\";i:1;s:14:\"is_highlighted\";i:0;s:15:\"highlight_color\";N;s:10:\"created_at\";s:19:\"2025-12-29 20:34:38\";s:10:\"updated_at\";s:19:\"2026-04-02 05:29:55\";}s:11:\"\0*\0original\";a:11:{s:2:\"id\";i:45;s:5:\"title\";s:8:\"Syllabus\";s:3:\"url\";N;s:7:\"page_id\";i:24;s:9:\"parent_id\";i:3;s:5:\"order\";i:5;s:9:\"is_active\";i:1;s:14:\"is_highlighted\";i:0;s:15:\"highlight_color\";N;s:10:\"created_at\";s:19:\"2025-12-29 20:34:38\";s:10:\"updated_at\";s:19:\"2026-04-02 05:29:55\";}s:10:\"\0*\0changes\";a:0:{}s:11:\"\0*\0previous\";a:0:{}s:8:\"\0*\0casts\";a:0:{}s:17:\"\0*\0classCastCache\";a:0:{}s:21:\"\0*\0attributeCastCache\";a:0:{}s:13:\"\0*\0dateFormat\";N;s:10:\"\0*\0appends\";a:0:{}s:19:\"\0*\0dispatchesEvents\";a:0:{}s:14:\"\0*\0observables\";a:0:{}s:12:\"\0*\0relations\";a:0:{}s:10:\"\0*\0touches\";a:0:{}s:27:\"\0*\0relationAutoloadCallback\";N;s:26:\"\0*\0relationAutoloadContext\";N;s:10:\"timestamps\";b:1;s:13:\"usesUniqueIds\";b:0;s:9:\"\0*\0hidden\";a:0:{}s:10:\"\0*\0visible\";a:0:{}s:11:\"\0*\0fillable\";a:8:{i:0;s:5:\"title\";i:1;s:3:\"url\";i:2;s:9:\"parent_id\";i:3;s:7:\"page_id\";i:4;s:5:\"order\";i:5;s:9:\"is_active\";i:6;s:14:\"is_highlighted\";i:7;s:15:\"highlight_color\";}s:10:\"\0*\0guarded\";a:1:{i:0;s:1:\"*\";}}i:4;O:15:\"App\\Models\\Menu\":33:{s:13:\"\0*\0connection\";s:5:\"mysql\";s:8:\"\0*\0table\";s:5:\"menus\";s:13:\"\0*\0primaryKey\";s:2:\"id\";s:10:\"\0*\0keyType\";s:3:\"int\";s:12:\"incrementing\";b:1;s:7:\"\0*\0with\";a:0:{}s:12:\"\0*\0withCount\";a:0:{}s:19:\"preventsLazyLoading\";b:0;s:10:\"\0*\0perPage\";i:15;s:6:\"exists\";b:1;s:18:\"wasRecentlyCreated\";b:0;s:28:\"\0*\0escapeWhenCastingToString\";b:0;s:13:\"\0*\0attributes\";a:11:{s:2:\"id\";i:73;s:5:\"title\";s:17:\"Academic Calander\";s:3:\"url\";N;s:7:\"page_id\";i:53;s:9:\"parent_id\";i:3;s:5:\"order\";i:5;s:9:\"is_active\";i:1;s:14:\"is_highlighted\";i:0;s:15:\"highlight_color\";N;s:10:\"created_at\";s:19:\"2026-04-01 17:02:56\";s:10:\"updated_at\";s:19:\"2026-04-01 17:02:56\";}s:11:\"\0*\0original\";a:11:{s:2:\"id\";i:73;s:5:\"title\";s:17:\"Academic Calander\";s:3:\"url\";N;s:7:\"page_id\";i:53;s:9:\"parent_id\";i:3;s:5:\"order\";i:5;s:9:\"is_active\";i:1;s:14:\"is_highlighted\";i:0;s:15:\"highlight_color\";N;s:10:\"created_at\";s:19:\"2026-04-01 17:02:56\";s:10:\"updated_at\";s:19:\"2026-04-01 17:02:56\";}s:10:\"\0*\0changes\";a:0:{}s:11:\"\0*\0previous\";a:0:{}s:8:\"\0*\0casts\";a:0:{}s:17:\"\0*\0classCastCache\";a:0:{}s:21:\"\0*\0attributeCastCache\";a:0:{}s:13:\"\0*\0dateFormat\";N;s:10:\"\0*\0appends\";a:0:{}s:19:\"\0*\0dispatchesEvents\";a:0:{}s:14:\"\0*\0observables\";a:0:{}s:12:\"\0*\0relations\";a:0:{}s:10:\"\0*\0touches\";a:0:{}s:27:\"\0*\0relationAutoloadCallback\";N;s:26:\"\0*\0relationAutoloadContext\";N;s:10:\"timestamps\";b:1;s:13:\"usesUniqueIds\";b:0;s:9:\"\0*\0hidden\";a:0:{}s:10:\"\0*\0visible\";a:0:{}s:11:\"\0*\0fillable\";a:8:{i:0;s:5:\"title\";i:1;s:3:\"url\";i:2;s:9:\"parent_id\";i:3;s:7:\"page_id\";i:4;s:5:\"order\";i:5;s:9:\"is_active\";i:6;s:14:\"is_highlighted\";i:7;s:15:\"highlight_color\";}s:10:\"\0*\0guarded\";a:1:{i:0;s:1:\"*\";}}}s:28:\"\0*\0escapeWhenCastingToString\";b:0;}}s:10:\"\0*\0touches\";a:0:{}s:27:\"\0*\0relationAutoloadCallback\";N;s:26:\"\0*\0relationAutoloadContext\";N;s:10:\"timestamps\";b:1;s:13:\"usesUniqueIds\";b:0;s:9:\"\0*\0hidden\";a:0:{}s:10:\"\0*\0visible\";a:0:{}s:11:\"\0*\0fillable\";a:8:{i:0;s:5:\"title\";i:1;s:3:\"url\";i:2;s:9:\"parent_id\";i:3;s:7:\"page_id\";i:4;s:5:\"order\";i:5;s:9:\"is_active\";i:6;s:14:\"is_highlighted\";i:7;s:15:\"highlight_color\";}s:10:\"\0*\0guarded\";a:1:{i:0;s:1:\"*\";}}i:3;O:15:\"App\\Models\\Menu\":33:{s:13:\"\0*\0connection\";s:5:\"mysql\";s:8:\"\0*\0table\";s:5:\"menus\";s:13:\"\0*\0primaryKey\";s:2:\"id\";s:10:\"\0*\0keyType\";s:3:\"int\";s:12:\"incrementing\";b:1;s:7:\"\0*\0with\";a:0:{}s:12:\"\0*\0withCount\";a:0:{}s:19:\"preventsLazyLoading\";b:0;s:10:\"\0*\0perPage\";i:15;s:6:\"exists\";b:1;s:18:\"wasRecentlyCreated\";b:0;s:28:\"\0*\0escapeWhenCastingToString\";b:0;s:13:\"\0*\0attributes\";a:11:{s:2:\"id\";i:4;s:5:\"title\";s:14:\"Administration\";s:3:\"url\";N;s:7:\"page_id\";i:23;s:9:\"parent_id\";N;s:5:\"order\";i:2;s:9:\"is_active\";i:1;s:14:\"is_highlighted\";i:0;s:15:\"highlight_color\";N;s:10:\"created_at\";s:19:\"2025-11-22 12:44:21\";s:10:\"updated_at\";s:19:\"2025-12-29 20:15:37\";}s:11:\"\0*\0original\";a:11:{s:2:\"id\";i:4;s:5:\"title\";s:14:\"Administration\";s:3:\"url\";N;s:7:\"page_id\";i:23;s:9:\"parent_id\";N;s:5:\"order\";i:2;s:9:\"is_active\";i:1;s:14:\"is_highlighted\";i:0;s:15:\"highlight_color\";N;s:10:\"created_at\";s:19:\"2025-11-22 12:44:21\";s:10:\"updated_at\";s:19:\"2025-12-29 20:15:37\";}s:10:\"\0*\0changes\";a:0:{}s:11:\"\0*\0previous\";a:0:{}s:8:\"\0*\0casts\";a:0:{}s:17:\"\0*\0classCastCache\";a:0:{}s:21:\"\0*\0attributeCastCache\";a:0:{}s:13:\"\0*\0dateFormat\";N;s:10:\"\0*\0appends\";a:0:{}s:19:\"\0*\0dispatchesEvents\";a:0:{}s:14:\"\0*\0observables\";a:0:{}s:12:\"\0*\0relations\";a:1:{s:8:\"children\";O:39:\"Illuminate\\Database\\Eloquent\\Collection\":2:{s:8:\"\0*\0items\";a:4:{i:0;O:15:\"App\\Models\\Menu\":33:{s:13:\"\0*\0connection\";s:5:\"mysql\";s:8:\"\0*\0table\";s:5:\"menus\";s:13:\"\0*\0primaryKey\";s:2:\"id\";s:10:\"\0*\0keyType\";s:3:\"int\";s:12:\"incrementing\";b:1;s:7:\"\0*\0with\";a:0:{}s:12:\"\0*\0withCount\";a:0:{}s:19:\"preventsLazyLoading\";b:0;s:10:\"\0*\0perPage\";i:15;s:6:\"exists\";b:1;s:18:\"wasRecentlyCreated\";b:0;s:28:\"\0*\0escapeWhenCastingToString\";b:0;s:13:\"\0*\0attributes\";a:11:{s:2:\"id\";i:44;s:5:\"title\";s:14:\"Governing Body\";s:3:\"url\";N;s:7:\"page_id\";i:23;s:9:\"parent_id\";i:4;s:5:\"order\";i:0;s:9:\"is_active\";i:1;s:14:\"is_highlighted\";i:0;s:15:\"highlight_color\";N;s:10:\"created_at\";s:19:\"2025-12-29 19:24:52\";s:10:\"updated_at\";s:19:\"2025-12-29 19:24:52\";}s:11:\"\0*\0original\";a:11:{s:2:\"id\";i:44;s:5:\"title\";s:14:\"Governing Body\";s:3:\"url\";N;s:7:\"page_id\";i:23;s:9:\"parent_id\";i:4;s:5:\"order\";i:0;s:9:\"is_active\";i:1;s:14:\"is_highlighted\";i:0;s:15:\"highlight_color\";N;s:10:\"created_at\";s:19:\"2025-12-29 19:24:52\";s:10:\"updated_at\";s:19:\"2025-12-29 19:24:52\";}s:10:\"\0*\0changes\";a:0:{}s:11:\"\0*\0previous\";a:0:{}s:8:\"\0*\0casts\";a:0:{}s:17:\"\0*\0classCastCache\";a:0:{}s:21:\"\0*\0attributeCastCache\";a:0:{}s:13:\"\0*\0dateFormat\";N;s:10:\"\0*\0appends\";a:0:{}s:19:\"\0*\0dispatchesEvents\";a:0:{}s:14:\"\0*\0observables\";a:0:{}s:12:\"\0*\0relations\";a:0:{}s:10:\"\0*\0touches\";a:0:{}s:27:\"\0*\0relationAutoloadCallback\";N;s:26:\"\0*\0relationAutoloadContext\";N;s:10:\"timestamps\";b:1;s:13:\"usesUniqueIds\";b:0;s:9:\"\0*\0hidden\";a:0:{}s:10:\"\0*\0visible\";a:0:{}s:11:\"\0*\0fillable\";a:8:{i:0;s:5:\"title\";i:1;s:3:\"url\";i:2;s:9:\"parent_id\";i:3;s:7:\"page_id\";i:4;s:5:\"order\";i:5;s:9:\"is_active\";i:6;s:14:\"is_highlighted\";i:7;s:15:\"highlight_color\";}s:10:\"\0*\0guarded\";a:1:{i:0;s:1:\"*\";}}i:1;O:15:\"App\\Models\\Menu\":33:{s:13:\"\0*\0connection\";s:5:\"mysql\";s:8:\"\0*\0table\";s:5:\"menus\";s:13:\"\0*\0primaryKey\";s:2:\"id\";s:10:\"\0*\0keyType\";s:3:\"int\";s:12:\"incrementing\";b:1;s:7:\"\0*\0with\";a:0:{}s:12:\"\0*\0withCount\";a:0:{}s:19:\"preventsLazyLoading\";b:0;s:10:\"\0*\0perPage\";i:15;s:6:\"exists\";b:1;s:18:\"wasRecentlyCreated\";b:0;s:28:\"\0*\0escapeWhenCastingToString\";b:0;s:13:\"\0*\0attributes\";a:11:{s:2:\"id\";i:41;s:5:\"title\";s:23:\"Message of the Chairman\";s:3:\"url\";s:40:\"/message/brig-gen-kazi-mustafizur-rahman\";s:7:\"page_id\";N;s:9:\"parent_id\";i:4;s:5:\"order\";i:2;s:9:\"is_active\";i:1;s:14:\"is_highlighted\";i:0;s:15:\"highlight_color\";N;s:10:\"created_at\";s:19:\"2025-12-29 18:08:17\";s:10:\"updated_at\";s:19:\"2026-03-16 10:34:32\";}s:11:\"\0*\0original\";a:11:{s:2:\"id\";i:41;s:5:\"title\";s:23:\"Message of the Chairman\";s:3:\"url\";s:40:\"/message/brig-gen-kazi-mustafizur-rahman\";s:7:\"page_id\";N;s:9:\"parent_id\";i:4;s:5:\"order\";i:2;s:9:\"is_active\";i:1;s:14:\"is_highlighted\";i:0;s:15:\"highlight_color\";N;s:10:\"created_at\";s:19:\"2025-12-29 18:08:17\";s:10:\"updated_at\";s:19:\"2026-03-16 10:34:32\";}s:10:\"\0*\0changes\";a:0:{}s:11:\"\0*\0previous\";a:0:{}s:8:\"\0*\0casts\";a:0:{}s:17:\"\0*\0classCastCache\";a:0:{}s:21:\"\0*\0attributeCastCache\";a:0:{}s:13:\"\0*\0dateFormat\";N;s:10:\"\0*\0appends\";a:0:{}s:19:\"\0*\0dispatchesEvents\";a:0:{}s:14:\"\0*\0observables\";a:0:{}s:12:\"\0*\0relations\";a:0:{}s:10:\"\0*\0touches\";a:0:{}s:27:\"\0*\0relationAutoloadCallback\";N;s:26:\"\0*\0relationAutoloadContext\";N;s:10:\"timestamps\";b:1;s:13:\"usesUniqueIds\";b:0;s:9:\"\0*\0hidden\";a:0:{}s:10:\"\0*\0visible\";a:0:{}s:11:\"\0*\0fillable\";a:8:{i:0;s:5:\"title\";i:1;s:3:\"url\";i:2;s:9:\"parent_id\";i:3;s:7:\"page_id\";i:4;s:5:\"order\";i:5;s:9:\"is_active\";i:6;s:14:\"is_highlighted\";i:7;s:15:\"highlight_color\";}s:10:\"\0*\0guarded\";a:1:{i:0;s:1:\"*\";}}i:2;O:15:\"App\\Models\\Menu\":33:{s:13:\"\0*\0connection\";s:5:\"mysql\";s:8:\"\0*\0table\";s:5:\"menus\";s:13:\"\0*\0primaryKey\";s:2:\"id\";s:10:\"\0*\0keyType\";s:3:\"int\";s:12:\"incrementing\";b:1;s:7:\"\0*\0with\";a:0:{}s:12:\"\0*\0withCount\";a:0:{}s:19:\"preventsLazyLoading\";b:0;s:10:\"\0*\0perPage\";i:15;s:6:\"exists\";b:1;s:18:\"wasRecentlyCreated\";b:0;s:28:\"\0*\0escapeWhenCastingToString\";b:0;s:13:\"\0*\0attributes\";a:11:{s:2:\"id\";i:42;s:5:\"title\";s:20:\"Message of Principal\";s:3:\"url\";s:34:\"/message/col-md-mamun-azad-salehin\";s:7:\"page_id\";N;s:9:\"parent_id\";i:4;s:5:\"order\";i:3;s:9:\"is_active\";i:1;s:14:\"is_highlighted\";i:0;s:15:\"highlight_color\";N;s:10:\"created_at\";s:19:\"2025-12-29 18:08:57\";s:10:\"updated_at\";s:19:\"2026-03-16 10:36:07\";}s:11:\"\0*\0original\";a:11:{s:2:\"id\";i:42;s:5:\"title\";s:20:\"Message of Principal\";s:3:\"url\";s:34:\"/message/col-md-mamun-azad-salehin\";s:7:\"page_id\";N;s:9:\"parent_id\";i:4;s:5:\"order\";i:3;s:9:\"is_active\";i:1;s:14:\"is_highlighted\";i:0;s:15:\"highlight_color\";N;s:10:\"created_at\";s:19:\"2025-12-29 18:08:57\";s:10:\"updated_at\";s:19:\"2026-03-16 10:36:07\";}s:10:\"\0*\0changes\";a:0:{}s:11:\"\0*\0previous\";a:0:{}s:8:\"\0*\0casts\";a:0:{}s:17:\"\0*\0classCastCache\";a:0:{}s:21:\"\0*\0attributeCastCache\";a:0:{}s:13:\"\0*\0dateFormat\";N;s:10:\"\0*\0appends\";a:0:{}s:19:\"\0*\0dispatchesEvents\";a:0:{}s:14:\"\0*\0observables\";a:0:{}s:12:\"\0*\0relations\";a:0:{}s:10:\"\0*\0touches\";a:0:{}s:27:\"\0*\0relationAutoloadCallback\";N;s:26:\"\0*\0relationAutoloadContext\";N;s:10:\"timestamps\";b:1;s:13:\"usesUniqueIds\";b:0;s:9:\"\0*\0hidden\";a:0:{}s:10:\"\0*\0visible\";a:0:{}s:11:\"\0*\0fillable\";a:8:{i:0;s:5:\"title\";i:1;s:3:\"url\";i:2;s:9:\"parent_id\";i:3;s:7:\"page_id\";i:4;s:5:\"order\";i:5;s:9:\"is_active\";i:6;s:14:\"is_highlighted\";i:7;s:15:\"highlight_color\";}s:10:\"\0*\0guarded\";a:1:{i:0;s:1:\"*\";}}i:3;O:15:\"App\\Models\\Menu\":33:{s:13:\"\0*\0connection\";s:5:\"mysql\";s:8:\"\0*\0table\";s:5:\"menus\";s:13:\"\0*\0primaryKey\";s:2:\"id\";s:10:\"\0*\0keyType\";s:3:\"int\";s:12:\"incrementing\";b:1;s:7:\"\0*\0with\";a:0:{}s:12:\"\0*\0withCount\";a:0:{}s:19:\"preventsLazyLoading\";b:0;s:10:\"\0*\0perPage\";i:15;s:6:\"exists\";b:1;s:18:\"wasRecentlyCreated\";b:0;s:28:\"\0*\0escapeWhenCastingToString\";b:0;s:13:\"\0*\0attributes\";a:11:{s:2:\"id\";i:43;s:5:\"title\";s:15:\"Teacher & Staff\";s:3:\"url\";s:48:\"https://s3.trusteduerp.xyz/op/teacher?insId=1012\";s:7:\"page_id\";N;s:9:\"parent_id\";i:4;s:5:\"order\";i:3;s:9:\"is_active\";i:1;s:14:\"is_highlighted\";i:0;s:15:\"highlight_color\";N;s:10:\"created_at\";s:19:\"2025-12-29 18:11:13\";s:10:\"updated_at\";s:19:\"2026-03-16 10:37:23\";}s:11:\"\0*\0original\";a:11:{s:2:\"id\";i:43;s:5:\"title\";s:15:\"Teacher & Staff\";s:3:\"url\";s:48:\"https://s3.trusteduerp.xyz/op/teacher?insId=1012\";s:7:\"page_id\";N;s:9:\"parent_id\";i:4;s:5:\"order\";i:3;s:9:\"is_active\";i:1;s:14:\"is_highlighted\";i:0;s:15:\"highlight_color\";N;s:10:\"created_at\";s:19:\"2025-12-29 18:11:13\";s:10:\"updated_at\";s:19:\"2026-03-16 10:37:23\";}s:10:\"\0*\0changes\";a:0:{}s:11:\"\0*\0previous\";a:0:{}s:8:\"\0*\0casts\";a:0:{}s:17:\"\0*\0classCastCache\";a:0:{}s:21:\"\0*\0attributeCastCache\";a:0:{}s:13:\"\0*\0dateFormat\";N;s:10:\"\0*\0appends\";a:0:{}s:19:\"\0*\0dispatchesEvents\";a:0:{}s:14:\"\0*\0observables\";a:0:{}s:12:\"\0*\0relations\";a:0:{}s:10:\"\0*\0touches\";a:0:{}s:27:\"\0*\0relationAutoloadCallback\";N;s:26:\"\0*\0relationAutoloadContext\";N;s:10:\"timestamps\";b:1;s:13:\"usesUniqueIds\";b:0;s:9:\"\0*\0hidden\";a:0:{}s:10:\"\0*\0visible\";a:0:{}s:11:\"\0*\0fillable\";a:8:{i:0;s:5:\"title\";i:1;s:3:\"url\";i:2;s:9:\"parent_id\";i:3;s:7:\"page_id\";i:4;s:5:\"order\";i:5;s:9:\"is_active\";i:6;s:14:\"is_highlighted\";i:7;s:15:\"highlight_color\";}s:10:\"\0*\0guarded\";a:1:{i:0;s:1:\"*\";}}}s:28:\"\0*\0escapeWhenCastingToString\";b:0;}}s:10:\"\0*\0touches\";a:0:{}s:27:\"\0*\0relationAutoloadCallback\";N;s:26:\"\0*\0relationAutoloadContext\";N;s:10:\"timestamps\";b:1;s:13:\"usesUniqueIds\";b:0;s:9:\"\0*\0hidden\";a:0:{}s:10:\"\0*\0visible\";a:0:{}s:11:\"\0*\0fillable\";a:8:{i:0;s:5:\"title\";i:1;s:3:\"url\";i:2;s:9:\"parent_id\";i:3;s:7:\"page_id\";i:4;s:5:\"order\";i:5;s:9:\"is_active\";i:6;s:14:\"is_highlighted\";i:7;s:15:\"highlight_color\";}s:10:\"\0*\0guarded\";a:1:{i:0;s:1:\"*\";}}i:4;O:15:\"App\\Models\\Menu\":33:{s:13:\"\0*\0connection\";s:5:\"mysql\";s:8:\"\0*\0table\";s:5:\"menus\";s:13:\"\0*\0primaryKey\";s:2:\"id\";s:10:\"\0*\0keyType\";s:3:\"int\";s:12:\"incrementing\";b:1;s:7:\"\0*\0with\";a:0:{}s:12:\"\0*\0withCount\";a:0:{}s:19:\"preventsLazyLoading\";b:0;s:10:\"\0*\0perPage\";i:15;s:6:\"exists\";b:1;s:18:\"wasRecentlyCreated\";b:0;s:28:\"\0*\0escapeWhenCastingToString\";b:0;s:13:\"\0*\0attributes\";a:11:{s:2:\"id\";i:6;s:5:\"title\";s:9:\"Admission\";s:3:\"url\";N;s:7:\"page_id\";N;s:9:\"parent_id\";N;s:5:\"order\";i:6;s:9:\"is_active\";i:1;s:14:\"is_highlighted\";i:0;s:15:\"highlight_color\";N;s:10:\"created_at\";s:19:\"2025-11-22 12:44:21\";s:10:\"updated_at\";s:19:\"2026-04-02 05:56:07\";}s:11:\"\0*\0original\";a:11:{s:2:\"id\";i:6;s:5:\"title\";s:9:\"Admission\";s:3:\"url\";N;s:7:\"page_id\";N;s:9:\"parent_id\";N;s:5:\"order\";i:6;s:9:\"is_active\";i:1;s:14:\"is_highlighted\";i:0;s:15:\"highlight_color\";N;s:10:\"created_at\";s:19:\"2025-11-22 12:44:21\";s:10:\"updated_at\";s:19:\"2026-04-02 05:56:07\";}s:10:\"\0*\0changes\";a:0:{}s:11:\"\0*\0previous\";a:0:{}s:8:\"\0*\0casts\";a:0:{}s:17:\"\0*\0classCastCache\";a:0:{}s:21:\"\0*\0attributeCastCache\";a:0:{}s:13:\"\0*\0dateFormat\";N;s:10:\"\0*\0appends\";a:0:{}s:19:\"\0*\0dispatchesEvents\";a:0:{}s:14:\"\0*\0observables\";a:0:{}s:12:\"\0*\0relations\";a:1:{s:8:\"children\";O:39:\"Illuminate\\Database\\Eloquent\\Collection\":2:{s:8:\"\0*\0items\";a:2:{i:0;O:15:\"App\\Models\\Menu\":33:{s:13:\"\0*\0connection\";s:5:\"mysql\";s:8:\"\0*\0table\";s:5:\"menus\";s:13:\"\0*\0primaryKey\";s:2:\"id\";s:10:\"\0*\0keyType\";s:3:\"int\";s:12:\"incrementing\";b:1;s:7:\"\0*\0with\";a:0:{}s:12:\"\0*\0withCount\";a:0:{}s:19:\"preventsLazyLoading\";b:0;s:10:\"\0*\0perPage\";i:15;s:6:\"exists\";b:1;s:18:\"wasRecentlyCreated\";b:0;s:28:\"\0*\0escapeWhenCastingToString\";b:0;s:13:\"\0*\0attributes\";a:11:{s:2:\"id\";i:49;s:5:\"title\";s:18:\"Admission Circular\";s:3:\"url\";N;s:7:\"page_id\";i:26;s:9:\"parent_id\";i:6;s:5:\"order\";i:2;s:9:\"is_active\";i:1;s:14:\"is_highlighted\";i:0;s:15:\"highlight_color\";N;s:10:\"created_at\";s:19:\"2025-12-29 20:57:26\";s:10:\"updated_at\";s:19:\"2026-04-02 05:58:30\";}s:11:\"\0*\0original\";a:11:{s:2:\"id\";i:49;s:5:\"title\";s:18:\"Admission Circular\";s:3:\"url\";N;s:7:\"page_id\";i:26;s:9:\"parent_id\";i:6;s:5:\"order\";i:2;s:9:\"is_active\";i:1;s:14:\"is_highlighted\";i:0;s:15:\"highlight_color\";N;s:10:\"created_at\";s:19:\"2025-12-29 20:57:26\";s:10:\"updated_at\";s:19:\"2026-04-02 05:58:30\";}s:10:\"\0*\0changes\";a:0:{}s:11:\"\0*\0previous\";a:0:{}s:8:\"\0*\0casts\";a:0:{}s:17:\"\0*\0classCastCache\";a:0:{}s:21:\"\0*\0attributeCastCache\";a:0:{}s:13:\"\0*\0dateFormat\";N;s:10:\"\0*\0appends\";a:0:{}s:19:\"\0*\0dispatchesEvents\";a:0:{}s:14:\"\0*\0observables\";a:0:{}s:12:\"\0*\0relations\";a:0:{}s:10:\"\0*\0touches\";a:0:{}s:27:\"\0*\0relationAutoloadCallback\";N;s:26:\"\0*\0relationAutoloadContext\";N;s:10:\"timestamps\";b:1;s:13:\"usesUniqueIds\";b:0;s:9:\"\0*\0hidden\";a:0:{}s:10:\"\0*\0visible\";a:0:{}s:11:\"\0*\0fillable\";a:8:{i:0;s:5:\"title\";i:1;s:3:\"url\";i:2;s:9:\"parent_id\";i:3;s:7:\"page_id\";i:4;s:5:\"order\";i:5;s:9:\"is_active\";i:6;s:14:\"is_highlighted\";i:7;s:15:\"highlight_color\";}s:10:\"\0*\0guarded\";a:1:{i:0;s:1:\"*\";}}i:1;O:15:\"App\\Models\\Menu\":33:{s:13:\"\0*\0connection\";s:5:\"mysql\";s:8:\"\0*\0table\";s:5:\"menus\";s:13:\"\0*\0primaryKey\";s:2:\"id\";s:10:\"\0*\0keyType\";s:3:\"int\";s:12:\"incrementing\";b:1;s:7:\"\0*\0with\";a:0:{}s:12:\"\0*\0withCount\";a:0:{}s:19:\"preventsLazyLoading\";b:0;s:10:\"\0*\0perPage\";i:15;s:6:\"exists\";b:1;s:18:\"wasRecentlyCreated\";b:0;s:28:\"\0*\0escapeWhenCastingToString\";b:0;s:13:\"\0*\0attributes\";a:11:{s:2:\"id\";i:50;s:5:\"title\";s:12:\"Apply Online\";s:3:\"url\";s:57:\"https://admission.trusteduerp.xyz/op/admission?insId=-100\";s:7:\"page_id\";N;s:9:\"parent_id\";i:6;s:5:\"order\";i:2;s:9:\"is_active\";i:1;s:14:\"is_highlighted\";i:0;s:15:\"highlight_color\";N;s:10:\"created_at\";s:19:\"2025-12-29 20:58:20\";s:10:\"updated_at\";s:19:\"2026-04-02 05:53:31\";}s:11:\"\0*\0original\";a:11:{s:2:\"id\";i:50;s:5:\"title\";s:12:\"Apply Online\";s:3:\"url\";s:57:\"https://admission.trusteduerp.xyz/op/admission?insId=-100\";s:7:\"page_id\";N;s:9:\"parent_id\";i:6;s:5:\"order\";i:2;s:9:\"is_active\";i:1;s:14:\"is_highlighted\";i:0;s:15:\"highlight_color\";N;s:10:\"created_at\";s:19:\"2025-12-29 20:58:20\";s:10:\"updated_at\";s:19:\"2026-04-02 05:53:31\";}s:10:\"\0*\0changes\";a:0:{}s:11:\"\0*\0previous\";a:0:{}s:8:\"\0*\0casts\";a:0:{}s:17:\"\0*\0classCastCache\";a:0:{}s:21:\"\0*\0attributeCastCache\";a:0:{}s:13:\"\0*\0dateFormat\";N;s:10:\"\0*\0appends\";a:0:{}s:19:\"\0*\0dispatchesEvents\";a:0:{}s:14:\"\0*\0observables\";a:0:{}s:12:\"\0*\0relations\";a:0:{}s:10:\"\0*\0touches\";a:0:{}s:27:\"\0*\0relationAutoloadCallback\";N;s:26:\"\0*\0relationAutoloadContext\";N;s:10:\"timestamps\";b:1;s:13:\"usesUniqueIds\";b:0;s:9:\"\0*\0hidden\";a:0:{}s:10:\"\0*\0visible\";a:0:{}s:11:\"\0*\0fillable\";a:8:{i:0;s:5:\"title\";i:1;s:3:\"url\";i:2;s:9:\"parent_id\";i:3;s:7:\"page_id\";i:4;s:5:\"order\";i:5;s:9:\"is_active\";i:6;s:14:\"is_highlighted\";i:7;s:15:\"highlight_color\";}s:10:\"\0*\0guarded\";a:1:{i:0;s:1:\"*\";}}}s:28:\"\0*\0escapeWhenCastingToString\";b:0;}}s:10:\"\0*\0touches\";a:0:{}s:27:\"\0*\0relationAutoloadCallback\";N;s:26:\"\0*\0relationAutoloadContext\";N;s:10:\"timestamps\";b:1;s:13:\"usesUniqueIds\";b:0;s:9:\"\0*\0hidden\";a:0:{}s:10:\"\0*\0visible\";a:0:{}s:11:\"\0*\0fillable\";a:8:{i:0;s:5:\"title\";i:1;s:3:\"url\";i:2;s:9:\"parent_id\";i:3;s:7:\"page_id\";i:4;s:5:\"order\";i:5;s:9:\"is_active\";i:6;s:14:\"is_highlighted\";i:7;s:15:\"highlight_color\";}s:10:\"\0*\0guarded\";a:1:{i:0;s:1:\"*\";}}i:5;O:15:\"App\\Models\\Menu\":33:{s:13:\"\0*\0connection\";s:5:\"mysql\";s:8:\"\0*\0table\";s:5:\"menus\";s:13:\"\0*\0primaryKey\";s:2:\"id\";s:10:\"\0*\0keyType\";s:3:\"int\";s:12:\"incrementing\";b:1;s:7:\"\0*\0with\";a:0:{}s:12:\"\0*\0withCount\";a:0:{}s:19:\"preventsLazyLoading\";b:0;s:10:\"\0*\0perPage\";i:15;s:6:\"exists\";b:1;s:18:\"wasRecentlyCreated\";b:0;s:28:\"\0*\0escapeWhenCastingToString\";b:0;s:13:\"\0*\0attributes\";a:11:{s:2:\"id\";i:79;s:5:\"title\";s:6:\"Result\";s:3:\"url\";N;s:7:\"page_id\";i:59;s:9:\"parent_id\";N;s:5:\"order\";i:7;s:9:\"is_active\";i:1;s:14:\"is_highlighted\";i:0;s:15:\"highlight_color\";N;s:10:\"created_at\";s:19:\"2026-04-02 06:00:05\";s:10:\"updated_at\";s:19:\"2026-04-02 06:03:19\";}s:11:\"\0*\0original\";a:11:{s:2:\"id\";i:79;s:5:\"title\";s:6:\"Result\";s:3:\"url\";N;s:7:\"page_id\";i:59;s:9:\"parent_id\";N;s:5:\"order\";i:7;s:9:\"is_active\";i:1;s:14:\"is_highlighted\";i:0;s:15:\"highlight_color\";N;s:10:\"created_at\";s:19:\"2026-04-02 06:00:05\";s:10:\"updated_at\";s:19:\"2026-04-02 06:03:19\";}s:10:\"\0*\0changes\";a:0:{}s:11:\"\0*\0previous\";a:0:{}s:8:\"\0*\0casts\";a:0:{}s:17:\"\0*\0classCastCache\";a:0:{}s:21:\"\0*\0attributeCastCache\";a:0:{}s:13:\"\0*\0dateFormat\";N;s:10:\"\0*\0appends\";a:0:{}s:19:\"\0*\0dispatchesEvents\";a:0:{}s:14:\"\0*\0observables\";a:0:{}s:12:\"\0*\0relations\";a:1:{s:8:\"children\";O:39:\"Illuminate\\Database\\Eloquent\\Collection\":2:{s:8:\"\0*\0items\";a:2:{i:0;O:15:\"App\\Models\\Menu\":33:{s:13:\"\0*\0connection\";s:5:\"mysql\";s:8:\"\0*\0table\";s:5:\"menus\";s:13:\"\0*\0primaryKey\";s:2:\"id\";s:10:\"\0*\0keyType\";s:3:\"int\";s:12:\"incrementing\";b:1;s:7:\"\0*\0with\";a:0:{}s:12:\"\0*\0withCount\";a:0:{}s:19:\"preventsLazyLoading\";b:0;s:10:\"\0*\0perPage\";i:15;s:6:\"exists\";b:1;s:18:\"wasRecentlyCreated\";b:0;s:28:\"\0*\0escapeWhenCastingToString\";b:0;s:13:\"\0*\0attributes\";a:11:{s:2:\"id\";i:80;s:5:\"title\";s:18:\"Public Exam Result\";s:3:\"url\";N;s:7:\"page_id\";i:58;s:9:\"parent_id\";i:79;s:5:\"order\";i:1;s:9:\"is_active\";i:1;s:14:\"is_highlighted\";i:0;s:15:\"highlight_color\";N;s:10:\"created_at\";s:19:\"2026-04-02 06:04:05\";s:10:\"updated_at\";s:19:\"2026-04-02 06:04:05\";}s:11:\"\0*\0original\";a:11:{s:2:\"id\";i:80;s:5:\"title\";s:18:\"Public Exam Result\";s:3:\"url\";N;s:7:\"page_id\";i:58;s:9:\"parent_id\";i:79;s:5:\"order\";i:1;s:9:\"is_active\";i:1;s:14:\"is_highlighted\";i:0;s:15:\"highlight_color\";N;s:10:\"created_at\";s:19:\"2026-04-02 06:04:05\";s:10:\"updated_at\";s:19:\"2026-04-02 06:04:05\";}s:10:\"\0*\0changes\";a:0:{}s:11:\"\0*\0previous\";a:0:{}s:8:\"\0*\0casts\";a:0:{}s:17:\"\0*\0classCastCache\";a:0:{}s:21:\"\0*\0attributeCastCache\";a:0:{}s:13:\"\0*\0dateFormat\";N;s:10:\"\0*\0appends\";a:0:{}s:19:\"\0*\0dispatchesEvents\";a:0:{}s:14:\"\0*\0observables\";a:0:{}s:12:\"\0*\0relations\";a:0:{}s:10:\"\0*\0touches\";a:0:{}s:27:\"\0*\0relationAutoloadCallback\";N;s:26:\"\0*\0relationAutoloadContext\";N;s:10:\"timestamps\";b:1;s:13:\"usesUniqueIds\";b:0;s:9:\"\0*\0hidden\";a:0:{}s:10:\"\0*\0visible\";a:0:{}s:11:\"\0*\0fillable\";a:8:{i:0;s:5:\"title\";i:1;s:3:\"url\";i:2;s:9:\"parent_id\";i:3;s:7:\"page_id\";i:4;s:5:\"order\";i:5;s:9:\"is_active\";i:6;s:14:\"is_highlighted\";i:7;s:15:\"highlight_color\";}s:10:\"\0*\0guarded\";a:1:{i:0;s:1:\"*\";}}i:1;O:15:\"App\\Models\\Menu\":33:{s:13:\"\0*\0connection\";s:5:\"mysql\";s:8:\"\0*\0table\";s:5:\"menus\";s:13:\"\0*\0primaryKey\";s:2:\"id\";s:10:\"\0*\0keyType\";s:3:\"int\";s:12:\"incrementing\";b:1;s:7:\"\0*\0with\";a:0:{}s:12:\"\0*\0withCount\";a:0:{}s:19:\"preventsLazyLoading\";b:0;s:10:\"\0*\0perPage\";i:15;s:6:\"exists\";b:1;s:18:\"wasRecentlyCreated\";b:0;s:28:\"\0*\0escapeWhenCastingToString\";b:0;s:13:\"\0*\0attributes\";a:11:{s:2:\"id\";i:81;s:5:\"title\";s:18:\"Recruitment Result\";s:3:\"url\";N;s:7:\"page_id\";i:59;s:9:\"parent_id\";i:79;s:5:\"order\";i:2;s:9:\"is_active\";i:1;s:14:\"is_highlighted\";i:0;s:15:\"highlight_color\";N;s:10:\"created_at\";s:19:\"2026-04-02 06:04:19\";s:10:\"updated_at\";s:19:\"2026-04-02 06:04:19\";}s:11:\"\0*\0original\";a:11:{s:2:\"id\";i:81;s:5:\"title\";s:18:\"Recruitment Result\";s:3:\"url\";N;s:7:\"page_id\";i:59;s:9:\"parent_id\";i:79;s:5:\"order\";i:2;s:9:\"is_active\";i:1;s:14:\"is_highlighted\";i:0;s:15:\"highlight_color\";N;s:10:\"created_at\";s:19:\"2026-04-02 06:04:19\";s:10:\"updated_at\";s:19:\"2026-04-02 06:04:19\";}s:10:\"\0*\0changes\";a:0:{}s:11:\"\0*\0previous\";a:0:{}s:8:\"\0*\0casts\";a:0:{}s:17:\"\0*\0classCastCache\";a:0:{}s:21:\"\0*\0attributeCastCache\";a:0:{}s:13:\"\0*\0dateFormat\";N;s:10:\"\0*\0appends\";a:0:{}s:19:\"\0*\0dispatchesEvents\";a:0:{}s:14:\"\0*\0observables\";a:0:{}s:12:\"\0*\0relations\";a:0:{}s:10:\"\0*\0touches\";a:0:{}s:27:\"\0*\0relationAutoloadCallback\";N;s:26:\"\0*\0relationAutoloadContext\";N;s:10:\"timestamps\";b:1;s:13:\"usesUniqueIds\";b:0;s:9:\"\0*\0hidden\";a:0:{}s:10:\"\0*\0visible\";a:0:{}s:11:\"\0*\0fillable\";a:8:{i:0;s:5:\"title\";i:1;s:3:\"url\";i:2;s:9:\"parent_id\";i:3;s:7:\"page_id\";i:4;s:5:\"order\";i:5;s:9:\"is_active\";i:6;s:14:\"is_highlighted\";i:7;s:15:\"highlight_color\";}s:10:\"\0*\0guarded\";a:1:{i:0;s:1:\"*\";}}}s:28:\"\0*\0escapeWhenCastingToString\";b:0;}}s:10:\"\0*\0touches\";a:0:{}s:27:\"\0*\0relationAutoloadCallback\";N;s:26:\"\0*\0relationAutoloadContext\";N;s:10:\"timestamps\";b:1;s:13:\"usesUniqueIds\";b:0;s:9:\"\0*\0hidden\";a:0:{}s:10:\"\0*\0visible\";a:0:{}s:11:\"\0*\0fillable\";a:8:{i:0;s:5:\"title\";i:1;s:3:\"url\";i:2;s:9:\"parent_id\";i:3;s:7:\"page_id\";i:4;s:5:\"order\";i:5;s:9:\"is_active\";i:6;s:14:\"is_highlighted\";i:7;s:15:\"highlight_color\";}s:10:\"\0*\0guarded\";a:1:{i:0;s:1:\"*\";}}i:6;O:15:\"App\\Models\\Menu\":33:{s:13:\"\0*\0connection\";s:5:\"mysql\";s:8:\"\0*\0table\";s:5:\"menus\";s:13:\"\0*\0primaryKey\";s:2:\"id\";s:10:\"\0*\0keyType\";s:3:\"int\";s:12:\"incrementing\";b:1;s:7:\"\0*\0with\";a:0:{}s:12:\"\0*\0withCount\";a:0:{}s:19:\"preventsLazyLoading\";b:0;s:10:\"\0*\0perPage\";i:15;s:6:\"exists\";b:1;s:18:\"wasRecentlyCreated\";b:0;s:28:\"\0*\0escapeWhenCastingToString\";b:0;s:13:\"\0*\0attributes\";a:11:{s:2:\"id\";i:53;s:5:\"title\";s:11:\"Tuition Fee\";s:3:\"url\";s:46:\"https://s3.trusteduerp.xyz/st/login?insId=1012\";s:7:\"page_id\";N;s:9:\"parent_id\";N;s:5:\"order\";i:9;s:9:\"is_active\";i:1;s:14:\"is_highlighted\";i:1;s:15:\"highlight_color\";s:7:\"#dc3545\";s:10:\"created_at\";s:19:\"2025-12-29 22:43:20\";s:10:\"updated_at\";s:19:\"2026-04-15 10:10:59\";}s:11:\"\0*\0original\";a:11:{s:2:\"id\";i:53;s:5:\"title\";s:11:\"Tuition Fee\";s:3:\"url\";s:46:\"https://s3.trusteduerp.xyz/st/login?insId=1012\";s:7:\"page_id\";N;s:9:\"parent_id\";N;s:5:\"order\";i:9;s:9:\"is_active\";i:1;s:14:\"is_highlighted\";i:1;s:15:\"highlight_color\";s:7:\"#dc3545\";s:10:\"created_at\";s:19:\"2025-12-29 22:43:20\";s:10:\"updated_at\";s:19:\"2026-04-15 10:10:59\";}s:10:\"\0*\0changes\";a:0:{}s:11:\"\0*\0previous\";a:0:{}s:8:\"\0*\0casts\";a:0:{}s:17:\"\0*\0classCastCache\";a:0:{}s:21:\"\0*\0attributeCastCache\";a:0:{}s:13:\"\0*\0dateFormat\";N;s:10:\"\0*\0appends\";a:0:{}s:19:\"\0*\0dispatchesEvents\";a:0:{}s:14:\"\0*\0observables\";a:0:{}s:12:\"\0*\0relations\";a:1:{s:8:\"children\";O:39:\"Illuminate\\Database\\Eloquent\\Collection\":2:{s:8:\"\0*\0items\";a:0:{}s:28:\"\0*\0escapeWhenCastingToString\";b:0;}}s:10:\"\0*\0touches\";a:0:{}s:27:\"\0*\0relationAutoloadCallback\";N;s:26:\"\0*\0relationAutoloadContext\";N;s:10:\"timestamps\";b:1;s:13:\"usesUniqueIds\";b:0;s:9:\"\0*\0hidden\";a:0:{}s:10:\"\0*\0visible\";a:0:{}s:11:\"\0*\0fillable\";a:8:{i:0;s:5:\"title\";i:1;s:3:\"url\";i:2;s:9:\"parent_id\";i:3;s:7:\"page_id\";i:4;s:5:\"order\";i:5;s:9:\"is_active\";i:6;s:14:\"is_highlighted\";i:7;s:15:\"highlight_color\";}s:10:\"\0*\0guarded\";a:1:{i:0;s:1:\"*\";}}i:7;O:15:\"App\\Models\\Menu\":33:{s:13:\"\0*\0connection\";s:5:\"mysql\";s:8:\"\0*\0table\";s:5:\"menus\";s:13:\"\0*\0primaryKey\";s:2:\"id\";s:10:\"\0*\0keyType\";s:3:\"int\";s:12:\"incrementing\";b:1;s:7:\"\0*\0with\";a:0:{}s:12:\"\0*\0withCount\";a:0:{}s:19:\"preventsLazyLoading\";b:0;s:10:\"\0*\0perPage\";i:15;s:6:\"exists\";b:1;s:18:\"wasRecentlyCreated\";b:0;s:28:\"\0*\0escapeWhenCastingToString\";b:0;s:13:\"\0*\0attributes\";a:11:{s:2:\"id\";i:51;s:5:\"title\";s:7:\"Library\";s:3:\"url\";s:46:\"https://s3.trusteduerp.xyz/st/login?insId=1012\";s:7:\"page_id\";N;s:9:\"parent_id\";N;s:5:\"order\";i:10;s:9:\"is_active\";i:1;s:14:\"is_highlighted\";i:0;s:15:\"highlight_color\";N;s:10:\"created_at\";s:19:\"2025-12-29 22:40:30\";s:10:\"updated_at\";s:19:\"2026-03-26 11:28:18\";}s:11:\"\0*\0original\";a:11:{s:2:\"id\";i:51;s:5:\"title\";s:7:\"Library\";s:3:\"url\";s:46:\"https://s3.trusteduerp.xyz/st/login?insId=1012\";s:7:\"page_id\";N;s:9:\"parent_id\";N;s:5:\"order\";i:10;s:9:\"is_active\";i:1;s:14:\"is_highlighted\";i:0;s:15:\"highlight_color\";N;s:10:\"created_at\";s:19:\"2025-12-29 22:40:30\";s:10:\"updated_at\";s:19:\"2026-03-26 11:28:18\";}s:10:\"\0*\0changes\";a:0:{}s:11:\"\0*\0previous\";a:0:{}s:8:\"\0*\0casts\";a:0:{}s:17:\"\0*\0classCastCache\";a:0:{}s:21:\"\0*\0attributeCastCache\";a:0:{}s:13:\"\0*\0dateFormat\";N;s:10:\"\0*\0appends\";a:0:{}s:19:\"\0*\0dispatchesEvents\";a:0:{}s:14:\"\0*\0observables\";a:0:{}s:12:\"\0*\0relations\";a:1:{s:8:\"children\";O:39:\"Illuminate\\Database\\Eloquent\\Collection\":2:{s:8:\"\0*\0items\";a:1:{i:0;O:15:\"App\\Models\\Menu\":33:{s:13:\"\0*\0connection\";s:5:\"mysql\";s:8:\"\0*\0table\";s:5:\"menus\";s:13:\"\0*\0primaryKey\";s:2:\"id\";s:10:\"\0*\0keyType\";s:3:\"int\";s:12:\"incrementing\";b:1;s:7:\"\0*\0with\";a:0:{}s:12:\"\0*\0withCount\";a:0:{}s:19:\"preventsLazyLoading\";b:0;s:10:\"\0*\0perPage\";i:15;s:6:\"exists\";b:1;s:18:\"wasRecentlyCreated\";b:0;s:28:\"\0*\0escapeWhenCastingToString\";b:0;s:13:\"\0*\0attributes\";a:11:{s:2:\"id\";i:52;s:5:\"title\";s:14:\"School Library\";s:3:\"url\";s:48:\"https://s3.trusteduerp.xyz/op/library?insId=1012\";s:7:\"page_id\";N;s:9:\"parent_id\";i:51;s:5:\"order\";i:1;s:9:\"is_active\";i:1;s:14:\"is_highlighted\";i:0;s:15:\"highlight_color\";N;s:10:\"created_at\";s:19:\"2025-12-29 22:42:05\";s:10:\"updated_at\";s:19:\"2026-04-01 17:31:45\";}s:11:\"\0*\0original\";a:11:{s:2:\"id\";i:52;s:5:\"title\";s:14:\"School Library\";s:3:\"url\";s:48:\"https://s3.trusteduerp.xyz/op/library?insId=1012\";s:7:\"page_id\";N;s:9:\"parent_id\";i:51;s:5:\"order\";i:1;s:9:\"is_active\";i:1;s:14:\"is_highlighted\";i:0;s:15:\"highlight_color\";N;s:10:\"created_at\";s:19:\"2025-12-29 22:42:05\";s:10:\"updated_at\";s:19:\"2026-04-01 17:31:45\";}s:10:\"\0*\0changes\";a:0:{}s:11:\"\0*\0previous\";a:0:{}s:8:\"\0*\0casts\";a:0:{}s:17:\"\0*\0classCastCache\";a:0:{}s:21:\"\0*\0attributeCastCache\";a:0:{}s:13:\"\0*\0dateFormat\";N;s:10:\"\0*\0appends\";a:0:{}s:19:\"\0*\0dispatchesEvents\";a:0:{}s:14:\"\0*\0observables\";a:0:{}s:12:\"\0*\0relations\";a:0:{}s:10:\"\0*\0touches\";a:0:{}s:27:\"\0*\0relationAutoloadCallback\";N;s:26:\"\0*\0relationAutoloadContext\";N;s:10:\"timestamps\";b:1;s:13:\"usesUniqueIds\";b:0;s:9:\"\0*\0hidden\";a:0:{}s:10:\"\0*\0visible\";a:0:{}s:11:\"\0*\0fillable\";a:8:{i:0;s:5:\"title\";i:1;s:3:\"url\";i:2;s:9:\"parent_id\";i:3;s:7:\"page_id\";i:4;s:5:\"order\";i:5;s:9:\"is_active\";i:6;s:14:\"is_highlighted\";i:7;s:15:\"highlight_color\";}s:10:\"\0*\0guarded\";a:1:{i:0;s:1:\"*\";}}}s:28:\"\0*\0escapeWhenCastingToString\";b:0;}}s:10:\"\0*\0touches\";a:0:{}s:27:\"\0*\0relationAutoloadCallback\";N;s:26:\"\0*\0relationAutoloadContext\";N;s:10:\"timestamps\";b:1;s:13:\"usesUniqueIds\";b:0;s:9:\"\0*\0hidden\";a:0:{}s:10:\"\0*\0visible\";a:0:{}s:11:\"\0*\0fillable\";a:8:{i:0;s:5:\"title\";i:1;s:3:\"url\";i:2;s:9:\"parent_id\";i:3;s:7:\"page_id\";i:4;s:5:\"order\";i:5;s:9:\"is_active\";i:6;s:14:\"is_highlighted\";i:7;s:15:\"highlight_color\";}s:10:\"\0*\0guarded\";a:1:{i:0;s:1:\"*\";}}i:8;O:15:\"App\\Models\\Menu\":33:{s:13:\"\0*\0connection\";s:5:\"mysql\";s:8:\"\0*\0table\";s:5:\"menus\";s:13:\"\0*\0primaryKey\";s:2:\"id\";s:10:\"\0*\0keyType\";s:3:\"int\";s:12:\"incrementing\";b:1;s:7:\"\0*\0with\";a:0:{}s:12:\"\0*\0withCount\";a:0:{}s:19:\"preventsLazyLoading\";b:0;s:10:\"\0*\0perPage\";i:15;s:6:\"exists\";b:1;s:18:\"wasRecentlyCreated\";b:0;s:28:\"\0*\0escapeWhenCastingToString\";b:0;s:13:\"\0*\0attributes\";a:11:{s:2:\"id\";i:83;s:5:\"title\";s:7:\"Contact\";s:3:\"url\";N;s:7:\"page_id\";i:60;s:9:\"parent_id\";N;s:5:\"order\";i:12;s:9:\"is_active\";i:1;s:14:\"is_highlighted\";i:0;s:15:\"highlight_color\";N;s:10:\"created_at\";s:19:\"2026-04-02 06:48:22\";s:10:\"updated_at\";s:19:\"2026-04-02 06:48:22\";}s:11:\"\0*\0original\";a:11:{s:2:\"id\";i:83;s:5:\"title\";s:7:\"Contact\";s:3:\"url\";N;s:7:\"page_id\";i:60;s:9:\"parent_id\";N;s:5:\"order\";i:12;s:9:\"is_active\";i:1;s:14:\"is_highlighted\";i:0;s:15:\"highlight_color\";N;s:10:\"created_at\";s:19:\"2026-04-02 06:48:22\";s:10:\"updated_at\";s:19:\"2026-04-02 06:48:22\";}s:10:\"\0*\0changes\";a:0:{}s:11:\"\0*\0previous\";a:0:{}s:8:\"\0*\0casts\";a:0:{}s:17:\"\0*\0classCastCache\";a:0:{}s:21:\"\0*\0attributeCastCache\";a:0:{}s:13:\"\0*\0dateFormat\";N;s:10:\"\0*\0appends\";a:0:{}s:19:\"\0*\0dispatchesEvents\";a:0:{}s:14:\"\0*\0observables\";a:0:{}s:12:\"\0*\0relations\";a:1:{s:8:\"children\";O:39:\"Illuminate\\Database\\Eloquent\\Collection\":2:{s:8:\"\0*\0items\";a:0:{}s:28:\"\0*\0escapeWhenCastingToString\";b:0;}}s:10:\"\0*\0touches\";a:0:{}s:27:\"\0*\0relationAutoloadCallback\";N;s:26:\"\0*\0relationAutoloadContext\";N;s:10:\"timestamps\";b:1;s:13:\"usesUniqueIds\";b:0;s:9:\"\0*\0hidden\";a:0:{}s:10:\"\0*\0visible\";a:0:{}s:11:\"\0*\0fillable\";a:8:{i:0;s:5:\"title\";i:1;s:3:\"url\";i:2;s:9:\"parent_id\";i:3;s:7:\"page_id\";i:4;s:5:\"order\";i:5;s:9:\"is_active\";i:6;s:14:\"is_highlighted\";i:7;s:15:\"highlight_color\";}s:10:\"\0*\0guarded\";a:1:{i:0;s:1:\"*\";}}i:9;O:15:\"App\\Models\\Menu\":33:{s:13:\"\0*\0connection\";s:5:\"mysql\";s:8:\"\0*\0table\";s:5:\"menus\";s:13:\"\0*\0primaryKey\";s:2:\"id\";s:10:\"\0*\0keyType\";s:3:\"int\";s:12:\"incrementing\";b:1;s:7:\"\0*\0with\";a:0:{}s:12:\"\0*\0withCount\";a:0:{}s:19:\"preventsLazyLoading\";b:0;s:10:\"\0*\0perPage\";i:15;s:6:\"exists\";b:1;s:18:\"wasRecentlyCreated\";b:0;s:28:\"\0*\0escapeWhenCastingToString\";b:0;s:13:\"\0*\0attributes\";a:11:{s:2:\"id\";i:86;s:5:\"title\";s:13:\"Photo Gallery\";s:3:\"url\";s:8:\"/gallery\";s:7:\"page_id\";N;s:9:\"parent_id\";N;s:5:\"order\";i:12;s:9:\"is_active\";i:1;s:14:\"is_highlighted\";i:0;s:15:\"highlight_color\";N;s:10:\"created_at\";s:19:\"2026-04-11 10:26:01\";s:10:\"updated_at\";s:19:\"2026-04-11 10:26:53\";}s:11:\"\0*\0original\";a:11:{s:2:\"id\";i:86;s:5:\"title\";s:13:\"Photo Gallery\";s:3:\"url\";s:8:\"/gallery\";s:7:\"page_id\";N;s:9:\"parent_id\";N;s:5:\"order\";i:12;s:9:\"is_active\";i:1;s:14:\"is_highlighted\";i:0;s:15:\"highlight_color\";N;s:10:\"created_at\";s:19:\"2026-04-11 10:26:01\";s:10:\"updated_at\";s:19:\"2026-04-11 10:26:53\";}s:10:\"\0*\0changes\";a:0:{}s:11:\"\0*\0previous\";a:0:{}s:8:\"\0*\0casts\";a:0:{}s:17:\"\0*\0classCastCache\";a:0:{}s:21:\"\0*\0attributeCastCache\";a:0:{}s:13:\"\0*\0dateFormat\";N;s:10:\"\0*\0appends\";a:0:{}s:19:\"\0*\0dispatchesEvents\";a:0:{}s:14:\"\0*\0observables\";a:0:{}s:12:\"\0*\0relations\";a:1:{s:8:\"children\";O:39:\"Illuminate\\Database\\Eloquent\\Collection\":2:{s:8:\"\0*\0items\";a:0:{}s:28:\"\0*\0escapeWhenCastingToString\";b:0;}}s:10:\"\0*\0touches\";a:0:{}s:27:\"\0*\0relationAutoloadCallback\";N;s:26:\"\0*\0relationAutoloadContext\";N;s:10:\"timestamps\";b:1;s:13:\"usesUniqueIds\";b:0;s:9:\"\0*\0hidden\";a:0:{}s:10:\"\0*\0visible\";a:0:{}s:11:\"\0*\0fillable\";a:8:{i:0;s:5:\"title\";i:1;s:3:\"url\";i:2;s:9:\"parent_id\";i:3;s:7:\"page_id\";i:4;s:5:\"order\";i:5;s:9:\"is_active\";i:6;s:14:\"is_highlighted\";i:7;s:15:\"highlight_color\";}s:10:\"\0*\0guarded\";a:1:{i:0;s:1:\"*\";}}i:10;O:15:\"App\\Models\\Menu\":33:{s:13:\"\0*\0connection\";s:5:\"mysql\";s:8:\"\0*\0table\";s:5:\"menus\";s:13:\"\0*\0primaryKey\";s:2:\"id\";s:10:\"\0*\0keyType\";s:3:\"int\";s:12:\"incrementing\";b:1;s:7:\"\0*\0with\";a:0:{}s:12:\"\0*\0withCount\";a:0:{}s:19:\"preventsLazyLoading\";b:0;s:10:\"\0*\0perPage\";i:15;s:6:\"exists\";b:1;s:18:\"wasRecentlyCreated\";b:0;s:28:\"\0*\0escapeWhenCastingToString\";b:0;s:13:\"\0*\0attributes\";a:11:{s:2:\"id\";i:66;s:5:\"title\";s:5:\"LOGIN\";s:3:\"url\";s:1:\"#\";s:7:\"page_id\";N;s:9:\"parent_id\";N;s:5:\"order\";i:15;s:9:\"is_active\";i:1;s:14:\"is_highlighted\";i:0;s:15:\"highlight_color\";N;s:10:\"created_at\";s:19:\"2026-03-26 10:30:38\";s:10:\"updated_at\";s:19:\"2026-03-26 10:30:38\";}s:11:\"\0*\0original\";a:11:{s:2:\"id\";i:66;s:5:\"title\";s:5:\"LOGIN\";s:3:\"url\";s:1:\"#\";s:7:\"page_id\";N;s:9:\"parent_id\";N;s:5:\"order\";i:15;s:9:\"is_active\";i:1;s:14:\"is_highlighted\";i:0;s:15:\"highlight_color\";N;s:10:\"created_at\";s:19:\"2026-03-26 10:30:38\";s:10:\"updated_at\";s:19:\"2026-03-26 10:30:38\";}s:10:\"\0*\0changes\";a:0:{}s:11:\"\0*\0previous\";a:0:{}s:8:\"\0*\0casts\";a:0:{}s:17:\"\0*\0classCastCache\";a:0:{}s:21:\"\0*\0attributeCastCache\";a:0:{}s:13:\"\0*\0dateFormat\";N;s:10:\"\0*\0appends\";a:0:{}s:19:\"\0*\0dispatchesEvents\";a:0:{}s:14:\"\0*\0observables\";a:0:{}s:12:\"\0*\0relations\";a:1:{s:8:\"children\";O:39:\"Illuminate\\Database\\Eloquent\\Collection\":2:{s:8:\"\0*\0items\";a:2:{i:0;O:15:\"App\\Models\\Menu\":33:{s:13:\"\0*\0connection\";s:5:\"mysql\";s:8:\"\0*\0table\";s:5:\"menus\";s:13:\"\0*\0primaryKey\";s:2:\"id\";s:10:\"\0*\0keyType\";s:3:\"int\";s:12:\"incrementing\";b:1;s:7:\"\0*\0with\";a:0:{}s:12:\"\0*\0withCount\";a:0:{}s:19:\"preventsLazyLoading\";b:0;s:10:\"\0*\0perPage\";i:15;s:6:\"exists\";b:1;s:18:\"wasRecentlyCreated\";b:0;s:28:\"\0*\0escapeWhenCastingToString\";b:0;s:13:\"\0*\0attributes\";a:11:{s:2:\"id\";i:67;s:5:\"title\";s:14:\"Software Login\";s:3:\"url\";s:26:\"https://s3.trusteduerp.xyz\";s:7:\"page_id\";N;s:9:\"parent_id\";i:66;s:5:\"order\";i:1;s:9:\"is_active\";i:1;s:14:\"is_highlighted\";i:0;s:15:\"highlight_color\";N;s:10:\"created_at\";s:19:\"2026-03-26 10:31:17\";s:10:\"updated_at\";s:19:\"2026-03-26 10:31:17\";}s:11:\"\0*\0original\";a:11:{s:2:\"id\";i:67;s:5:\"title\";s:14:\"Software Login\";s:3:\"url\";s:26:\"https://s3.trusteduerp.xyz\";s:7:\"page_id\";N;s:9:\"parent_id\";i:66;s:5:\"order\";i:1;s:9:\"is_active\";i:1;s:14:\"is_highlighted\";i:0;s:15:\"highlight_color\";N;s:10:\"created_at\";s:19:\"2026-03-26 10:31:17\";s:10:\"updated_at\";s:19:\"2026-03-26 10:31:17\";}s:10:\"\0*\0changes\";a:0:{}s:11:\"\0*\0previous\";a:0:{}s:8:\"\0*\0casts\";a:0:{}s:17:\"\0*\0classCastCache\";a:0:{}s:21:\"\0*\0attributeCastCache\";a:0:{}s:13:\"\0*\0dateFormat\";N;s:10:\"\0*\0appends\";a:0:{}s:19:\"\0*\0dispatchesEvents\";a:0:{}s:14:\"\0*\0observables\";a:0:{}s:12:\"\0*\0relations\";a:0:{}s:10:\"\0*\0touches\";a:0:{}s:27:\"\0*\0relationAutoloadCallback\";N;s:26:\"\0*\0relationAutoloadContext\";N;s:10:\"timestamps\";b:1;s:13:\"usesUniqueIds\";b:0;s:9:\"\0*\0hidden\";a:0:{}s:10:\"\0*\0visible\";a:0:{}s:11:\"\0*\0fillable\";a:8:{i:0;s:5:\"title\";i:1;s:3:\"url\";i:2;s:9:\"parent_id\";i:3;s:7:\"page_id\";i:4;s:5:\"order\";i:5;s:9:\"is_active\";i:6;s:14:\"is_highlighted\";i:7;s:15:\"highlight_color\";}s:10:\"\0*\0guarded\";a:1:{i:0;s:1:\"*\";}}i:1;O:15:\"App\\Models\\Menu\":33:{s:13:\"\0*\0connection\";s:5:\"mysql\";s:8:\"\0*\0table\";s:5:\"menus\";s:13:\"\0*\0primaryKey\";s:2:\"id\";s:10:\"\0*\0keyType\";s:3:\"int\";s:12:\"incrementing\";b:1;s:7:\"\0*\0with\";a:0:{}s:12:\"\0*\0withCount\";a:0:{}s:19:\"preventsLazyLoading\";b:0;s:10:\"\0*\0perPage\";i:15;s:6:\"exists\";b:1;s:18:\"wasRecentlyCreated\";b:0;s:28:\"\0*\0escapeWhenCastingToString\";b:0;s:13:\"\0*\0attributes\";a:11:{s:2:\"id\";i:68;s:5:\"title\";s:13:\"Teacher Login\";s:3:\"url\";s:26:\"https://s3.trusteduerp.xyz\";s:7:\"page_id\";N;s:9:\"parent_id\";i:66;s:5:\"order\";i:2;s:9:\"is_active\";i:1;s:14:\"is_highlighted\";i:0;s:15:\"highlight_color\";N;s:10:\"created_at\";s:19:\"2026-03-26 10:31:43\";s:10:\"updated_at\";s:19:\"2026-03-26 10:31:43\";}s:11:\"\0*\0original\";a:11:{s:2:\"id\";i:68;s:5:\"title\";s:13:\"Teacher Login\";s:3:\"url\";s:26:\"https://s3.trusteduerp.xyz\";s:7:\"page_id\";N;s:9:\"parent_id\";i:66;s:5:\"order\";i:2;s:9:\"is_active\";i:1;s:14:\"is_highlighted\";i:0;s:15:\"highlight_color\";N;s:10:\"created_at\";s:19:\"2026-03-26 10:31:43\";s:10:\"updated_at\";s:19:\"2026-03-26 10:31:43\";}s:10:\"\0*\0changes\";a:0:{}s:11:\"\0*\0previous\";a:0:{}s:8:\"\0*\0casts\";a:0:{}s:17:\"\0*\0classCastCache\";a:0:{}s:21:\"\0*\0attributeCastCache\";a:0:{}s:13:\"\0*\0dateFormat\";N;s:10:\"\0*\0appends\";a:0:{}s:19:\"\0*\0dispatchesEvents\";a:0:{}s:14:\"\0*\0observables\";a:0:{}s:12:\"\0*\0relations\";a:0:{}s:10:\"\0*\0touches\";a:0:{}s:27:\"\0*\0relationAutoloadCallback\";N;s:26:\"\0*\0relationAutoloadContext\";N;s:10:\"timestamps\";b:1;s:13:\"usesUniqueIds\";b:0;s:9:\"\0*\0hidden\";a:0:{}s:10:\"\0*\0visible\";a:0:{}s:11:\"\0*\0fillable\";a:8:{i:0;s:5:\"title\";i:1;s:3:\"url\";i:2;s:9:\"parent_id\";i:3;s:7:\"page_id\";i:4;s:5:\"order\";i:5;s:9:\"is_active\";i:6;s:14:\"is_highlighted\";i:7;s:15:\"highlight_color\";}s:10:\"\0*\0guarded\";a:1:{i:0;s:1:\"*\";}}}s:28:\"\0*\0escapeWhenCastingToString\";b:0;}}s:10:\"\0*\0touches\";a:0:{}s:27:\"\0*\0relationAutoloadCallback\";N;s:26:\"\0*\0relationAutoloadContext\";N;s:10:\"timestamps\";b:1;s:13:\"usesUniqueIds\";b:0;s:9:\"\0*\0hidden\";a:0:{}s:10:\"\0*\0visible\";a:0:{}s:11:\"\0*\0fillable\";a:8:{i:0;s:5:\"title\";i:1;s:3:\"url\";i:2;s:9:\"parent_id\";i:3;s:7:\"page_id\";i:4;s:5:\"order\";i:5;s:9:\"is_active\";i:6;s:14:\"is_highlighted\";i:7;s:15:\"highlight_color\";}s:10:\"\0*\0guarded\";a:1:{i:0;s:1:\"*\";}}}s:28:\"\0*\0escapeWhenCastingToString\";b:0;}',1776251461),('laravel-cache-global.messages','O:39:\"Illuminate\\Database\\Eloquent\\Collection\":2:{s:8:\"\0*\0items\";a:2:{i:0;O:18:\"App\\Models\\Message\":33:{s:13:\"\0*\0connection\";s:5:\"mysql\";s:8:\"\0*\0table\";s:8:\"messages\";s:13:\"\0*\0primaryKey\";s:2:\"id\";s:10:\"\0*\0keyType\";s:3:\"int\";s:12:\"incrementing\";b:1;s:7:\"\0*\0with\";a:0:{}s:12:\"\0*\0withCount\";a:0:{}s:19:\"preventsLazyLoading\";b:0;s:10:\"\0*\0perPage\";i:15;s:6:\"exists\";b:1;s:18:\"wasRecentlyCreated\";b:0;s:28:\"\0*\0escapeWhenCastingToString\";b:0;s:13:\"\0*\0attributes\";a:15:{s:2:\"id\";i:5;s:4:\"type\";s:8:\"Chairman\";s:4:\"name\";s:31:\"Brig Gen Kazi Mustafizur Rahman\";s:5:\"title\";s:23:\"Message of the Chairman\";s:4:\"slug\";s:31:\"brig-gen-kazi-mustafizur-rahman\";s:11:\"designation\";s:13:\"SPP, ndc, psc\";s:9:\"image_url\";s:82:\"https://drive.google.com/file/d/1t3hzSL0QTEa3mNzGwa5-enEqwhXw6L8w/view?usp=sharing\";s:5:\"image\";N;s:7:\"message\";s:1369:\"Of being felt the necessity of inserting this message in our web page, I, as the new chairman, governing body of the institution, would say, this institution values the mankind first, respects the genuineness and made the students learn to face the hurdles and to become successful in life. I know the brilliant faculty members who are dedicated to their professionalism and commitment to be a part of the vibrant team of this Alma Mater.\n\nThis institution has a passionate focus on a values-based education that instills honesty, integrity, strong core of tenacity, self-respect, self-belief, compassion and mutual respect into all the students. Those treasures will embellish their capability to contribute beyond the institution into the wider community.\n\nTo attain this noble vision this institution maintain inclusive learning-teaching environment through intensive and effective care exerted to every individual student. Ostensibly, the academic results in recent years reflect its concerted endeavour to materialize her prodigious vision.\n\nThis institution is determined with its unprejudiced, altruistic, inexorable and voluntary approach to improve the professional competence and the development of women in and through our education programs. May Allah continue to bless us and our sacred vision and objective come into reality adorned in our heart and soul.\";s:4:\"link\";N;s:5:\"style\";N;s:5:\"order\";i:1;s:9:\"is_active\";i:1;s:10:\"created_at\";s:19:\"2026-03-13 15:42:51\";s:10:\"updated_at\";s:19:\"2026-03-16 06:16:07\";}s:11:\"\0*\0original\";a:15:{s:2:\"id\";i:5;s:4:\"type\";s:8:\"Chairman\";s:4:\"name\";s:31:\"Brig Gen Kazi Mustafizur Rahman\";s:5:\"title\";s:23:\"Message of the Chairman\";s:4:\"slug\";s:31:\"brig-gen-kazi-mustafizur-rahman\";s:11:\"designation\";s:13:\"SPP, ndc, psc\";s:9:\"image_url\";s:82:\"https://drive.google.com/file/d/1t3hzSL0QTEa3mNzGwa5-enEqwhXw6L8w/view?usp=sharing\";s:5:\"image\";N;s:7:\"message\";s:1369:\"Of being felt the necessity of inserting this message in our web page, I, as the new chairman, governing body of the institution, would say, this institution values the mankind first, respects the genuineness and made the students learn to face the hurdles and to become successful in life. I know the brilliant faculty members who are dedicated to their professionalism and commitment to be a part of the vibrant team of this Alma Mater.\n\nThis institution has a passionate focus on a values-based education that instills honesty, integrity, strong core of tenacity, self-respect, self-belief, compassion and mutual respect into all the students. Those treasures will embellish their capability to contribute beyond the institution into the wider community.\n\nTo attain this noble vision this institution maintain inclusive learning-teaching environment through intensive and effective care exerted to every individual student. Ostensibly, the academic results in recent years reflect its concerted endeavour to materialize her prodigious vision.\n\nThis institution is determined with its unprejudiced, altruistic, inexorable and voluntary approach to improve the professional competence and the development of women in and through our education programs. May Allah continue to bless us and our sacred vision and objective come into reality adorned in our heart and soul.\";s:4:\"link\";N;s:5:\"style\";N;s:5:\"order\";i:1;s:9:\"is_active\";i:1;s:10:\"created_at\";s:19:\"2026-03-13 15:42:51\";s:10:\"updated_at\";s:19:\"2026-03-16 06:16:07\";}s:10:\"\0*\0changes\";a:0:{}s:11:\"\0*\0previous\";a:0:{}s:8:\"\0*\0casts\";a:3:{s:9:\"is_active\";s:7:\"boolean\";s:5:\"order\";s:7:\"integer\";s:5:\"style\";s:5:\"array\";}s:17:\"\0*\0classCastCache\";a:0:{}s:21:\"\0*\0attributeCastCache\";a:0:{}s:13:\"\0*\0dateFormat\";N;s:10:\"\0*\0appends\";a:0:{}s:19:\"\0*\0dispatchesEvents\";a:0:{}s:14:\"\0*\0observables\";a:0:{}s:12:\"\0*\0relations\";a:0:{}s:10:\"\0*\0touches\";a:0:{}s:27:\"\0*\0relationAutoloadCallback\";N;s:26:\"\0*\0relationAutoloadContext\";N;s:10:\"timestamps\";b:1;s:13:\"usesUniqueIds\";b:0;s:9:\"\0*\0hidden\";a:0:{}s:10:\"\0*\0visible\";a:0:{}s:11:\"\0*\0fillable\";a:11:{i:0;s:4:\"type\";i:1;s:4:\"name\";i:2;s:5:\"title\";i:3;s:4:\"slug\";i:4;s:11:\"designation\";i:5;s:9:\"image_url\";i:6;s:7:\"message\";i:7;s:4:\"link\";i:8;s:5:\"style\";i:9;s:5:\"order\";i:10;s:9:\"is_active\";}s:10:\"\0*\0guarded\";a:1:{i:0;s:1:\"*\";}}i:1;O:18:\"App\\Models\\Message\":33:{s:13:\"\0*\0connection\";s:5:\"mysql\";s:8:\"\0*\0table\";s:8:\"messages\";s:13:\"\0*\0primaryKey\";s:2:\"id\";s:10:\"\0*\0keyType\";s:3:\"int\";s:12:\"incrementing\";b:1;s:7:\"\0*\0with\";a:0:{}s:12:\"\0*\0withCount\";a:0:{}s:19:\"preventsLazyLoading\";b:0;s:10:\"\0*\0perPage\";i:15;s:6:\"exists\";b:1;s:18:\"wasRecentlyCreated\";b:0;s:28:\"\0*\0escapeWhenCastingToString\";b:0;s:13:\"\0*\0attributes\";a:15:{s:2:\"id\";i:6;s:4:\"type\";s:9:\"Principal\";s:4:\"name\";s:25:\"Col Md Mamun Azad Salehin\";s:5:\"title\";s:24:\"Message of the Principal\";s:4:\"slug\";s:25:\"col-md-mamun-azad-salehin\";s:11:\"designation\";s:9:\"afwc, psc\";s:9:\"image_url\";s:82:\"https://drive.google.com/file/d/1n2TqEQgQCNmO4cmH68jcLRT0wMYb99lV/view?usp=sharing\";s:5:\"image\";N;s:7:\"message\";s:1739:\"Dhaka Cantonment Girls’ School and College with its rich legacy of nurturing young minds, stands as a beacon of enlightenment and progress in our community. Education is the key to empowerment and transformation. We are committed to leading our institution towards greater heights of excellence and innovation.\n\nIn today\'s fast-paced world, it is imperative that we equip our students with the necessary tools and skills to thrive in the digital age. Through the integration of technology into our teaching and learning processes, we aim to enhance the educational experience and empower our students to become lifelong learners.\n\nFurthermore, our commitment to promoting gender equality and empowerment remains unwavering. With a student body comprising bright young girls from Nursery to Class 12, we are dedicated to fostering an environment where each student can reach her full potential and emerge as a confident, enlightened individual.\n\nAt the heart of our mission lies the goal of nurturing not just academically successful individuals, but also compassionate, socially responsible citizens. We strive to instill in our students the values of tolerance, respect, and inclusivity, thus shaping them into modern, secular citizens who are capable of contributing positively to society.\n\nAs we embark on this journey together, I invite all stakeholders – students, parents, teachers, and staff members – to join hands in realizing our collective vision for the school. Let us work together to create a learning environment that is dynamic, inclusive, and conducive to the holistic development of every student. Together, let us spread the light of knowledge and empowerment, and pave the way for a brighter future for our girls.\";s:4:\"link\";N;s:5:\"style\";N;s:5:\"order\";i:2;s:9:\"is_active\";i:1;s:10:\"created_at\";s:19:\"2026-03-13 15:45:43\";s:10:\"updated_at\";s:19:\"2026-03-16 09:59:02\";}s:11:\"\0*\0original\";a:15:{s:2:\"id\";i:6;s:4:\"type\";s:9:\"Principal\";s:4:\"name\";s:25:\"Col Md Mamun Azad Salehin\";s:5:\"title\";s:24:\"Message of the Principal\";s:4:\"slug\";s:25:\"col-md-mamun-azad-salehin\";s:11:\"designation\";s:9:\"afwc, psc\";s:9:\"image_url\";s:82:\"https://drive.google.com/file/d/1n2TqEQgQCNmO4cmH68jcLRT0wMYb99lV/view?usp=sharing\";s:5:\"image\";N;s:7:\"message\";s:1739:\"Dhaka Cantonment Girls’ School and College with its rich legacy of nurturing young minds, stands as a beacon of enlightenment and progress in our community. Education is the key to empowerment and transformation. We are committed to leading our institution towards greater heights of excellence and innovation.\n\nIn today\'s fast-paced world, it is imperative that we equip our students with the necessary tools and skills to thrive in the digital age. Through the integration of technology into our teaching and learning processes, we aim to enhance the educational experience and empower our students to become lifelong learners.\n\nFurthermore, our commitment to promoting gender equality and empowerment remains unwavering. With a student body comprising bright young girls from Nursery to Class 12, we are dedicated to fostering an environment where each student can reach her full potential and emerge as a confident, enlightened individual.\n\nAt the heart of our mission lies the goal of nurturing not just academically successful individuals, but also compassionate, socially responsible citizens. We strive to instill in our students the values of tolerance, respect, and inclusivity, thus shaping them into modern, secular citizens who are capable of contributing positively to society.\n\nAs we embark on this journey together, I invite all stakeholders – students, parents, teachers, and staff members – to join hands in realizing our collective vision for the school. Let us work together to create a learning environment that is dynamic, inclusive, and conducive to the holistic development of every student. Together, let us spread the light of knowledge and empowerment, and pave the way for a brighter future for our girls.\";s:4:\"link\";N;s:5:\"style\";N;s:5:\"order\";i:2;s:9:\"is_active\";i:1;s:10:\"created_at\";s:19:\"2026-03-13 15:45:43\";s:10:\"updated_at\";s:19:\"2026-03-16 09:59:02\";}s:10:\"\0*\0changes\";a:0:{}s:11:\"\0*\0previous\";a:0:{}s:8:\"\0*\0casts\";a:3:{s:9:\"is_active\";s:7:\"boolean\";s:5:\"order\";s:7:\"integer\";s:5:\"style\";s:5:\"array\";}s:17:\"\0*\0classCastCache\";a:0:{}s:21:\"\0*\0attributeCastCache\";a:0:{}s:13:\"\0*\0dateFormat\";N;s:10:\"\0*\0appends\";a:0:{}s:19:\"\0*\0dispatchesEvents\";a:0:{}s:14:\"\0*\0observables\";a:0:{}s:12:\"\0*\0relations\";a:0:{}s:10:\"\0*\0touches\";a:0:{}s:27:\"\0*\0relationAutoloadCallback\";N;s:26:\"\0*\0relationAutoloadContext\";N;s:10:\"timestamps\";b:1;s:13:\"usesUniqueIds\";b:0;s:9:\"\0*\0hidden\";a:0:{}s:10:\"\0*\0visible\";a:0:{}s:11:\"\0*\0fillable\";a:11:{i:0;s:4:\"type\";i:1;s:4:\"name\";i:2;s:5:\"title\";i:3;s:4:\"slug\";i:4;s:11:\"designation\";i:5;s:9:\"image_url\";i:6;s:7:\"message\";i:7;s:4:\"link\";i:8;s:5:\"style\";i:9;s:5:\"order\";i:10;s:9:\"is_active\";}s:10:\"\0*\0guarded\";a:1:{i:0;s:1:\"*\";}}}s:28:\"\0*\0escapeWhenCastingToString\";b:0;}',1776251365),('laravel-cache-global.notices','O:39:\"Illuminate\\Database\\Eloquent\\Collection\":2:{s:8:\"\0*\0items\";a:10:{i:0;O:17:\"App\\Models\\Notice\":33:{s:13:\"\0*\0connection\";s:5:\"mysql\";s:8:\"\0*\0table\";s:7:\"notices\";s:13:\"\0*\0primaryKey\";s:2:\"id\";s:10:\"\0*\0keyType\";s:3:\"int\";s:12:\"incrementing\";b:1;s:7:\"\0*\0with\";a:0:{}s:12:\"\0*\0withCount\";a:0:{}s:19:\"preventsLazyLoading\";b:0;s:10:\"\0*\0perPage\";i:15;s:6:\"exists\";b:1;s:18:\"wasRecentlyCreated\";b:0;s:28:\"\0*\0escapeWhenCastingToString\";b:0;s:13:\"\0*\0attributes\";a:10:{s:2:\"id\";i:34;s:5:\"title\";s:42:\"Recruitment Exam Result has been Published\";s:7:\"content\";s:50:\"<p>Recruitment Exam Result has been Published.</p>\";s:4:\"file\";s:102:\"https://pub-ef1e6cb91a354191aada31be868abf78.r2.dev/notices/03-12-2025-1764748675-1-20260415081629.pdf\";s:4:\"link\";N;s:7:\"page_id\";i:63;s:12:\"published_at\";s:19:\"2026-04-15 08:15:57\";s:10:\"expires_at\";N;s:10:\"created_at\";s:19:\"2026-04-15 08:16:36\";s:10:\"updated_at\";s:19:\"2026-04-15 08:16:36\";}s:11:\"\0*\0original\";a:10:{s:2:\"id\";i:34;s:5:\"title\";s:42:\"Recruitment Exam Result has been Published\";s:7:\"content\";s:50:\"<p>Recruitment Exam Result has been Published.</p>\";s:4:\"file\";s:102:\"https://pub-ef1e6cb91a354191aada31be868abf78.r2.dev/notices/03-12-2025-1764748675-1-20260415081629.pdf\";s:4:\"link\";N;s:7:\"page_id\";i:63;s:12:\"published_at\";s:19:\"2026-04-15 08:15:57\";s:10:\"expires_at\";N;s:10:\"created_at\";s:19:\"2026-04-15 08:16:36\";s:10:\"updated_at\";s:19:\"2026-04-15 08:16:36\";}s:10:\"\0*\0changes\";a:0:{}s:11:\"\0*\0previous\";a:0:{}s:8:\"\0*\0casts\";a:2:{s:12:\"published_at\";s:8:\"datetime\";s:10:\"expires_at\";s:8:\"datetime\";}s:17:\"\0*\0classCastCache\";a:0:{}s:21:\"\0*\0attributeCastCache\";a:0:{}s:13:\"\0*\0dateFormat\";N;s:10:\"\0*\0appends\";a:0:{}s:19:\"\0*\0dispatchesEvents\";a:0:{}s:14:\"\0*\0observables\";a:0:{}s:12:\"\0*\0relations\";a:0:{}s:10:\"\0*\0touches\";a:0:{}s:27:\"\0*\0relationAutoloadCallback\";N;s:26:\"\0*\0relationAutoloadContext\";N;s:10:\"timestamps\";b:1;s:13:\"usesUniqueIds\";b:0;s:9:\"\0*\0hidden\";a:0:{}s:10:\"\0*\0visible\";a:0:{}s:11:\"\0*\0fillable\";a:7:{i:0;s:5:\"title\";i:1;s:7:\"content\";i:2;s:4:\"file\";i:3;s:4:\"link\";i:4;s:7:\"page_id\";i:5;s:12:\"published_at\";i:6;s:10:\"expires_at\";}s:10:\"\0*\0guarded\";a:1:{i:0;s:1:\"*\";}}i:1;O:17:\"App\\Models\\Notice\":33:{s:13:\"\0*\0connection\";s:5:\"mysql\";s:8:\"\0*\0table\";s:7:\"notices\";s:13:\"\0*\0primaryKey\";s:2:\"id\";s:10:\"\0*\0keyType\";s:3:\"int\";s:12:\"incrementing\";b:1;s:7:\"\0*\0with\";a:0:{}s:12:\"\0*\0withCount\";a:0:{}s:19:\"preventsLazyLoading\";b:0;s:10:\"\0*\0perPage\";i:15;s:6:\"exists\";b:1;s:18:\"wasRecentlyCreated\";b:0;s:28:\"\0*\0escapeWhenCastingToString\";b:0;s:13:\"\0*\0attributes\";a:10:{s:2:\"id\";i:22;s:5:\"title\";s:36:\"Teachers Recruitment Circular - 2026\";s:7:\"content\";N;s:4:\"file\";s:82:\"https://drive.google.com/file/d/1iysaHwZA1Kl43OiTssGFcMkWIpHzLLo4/view?usp=sharing\";s:4:\"link\";N;s:7:\"page_id\";i:40;s:12:\"published_at\";s:19:\"2026-02-18 10:03:21\";s:10:\"expires_at\";N;s:10:\"created_at\";s:19:\"2026-03-16 10:04:23\";s:10:\"updated_at\";s:19:\"2026-03-16 10:04:23\";}s:11:\"\0*\0original\";a:10:{s:2:\"id\";i:22;s:5:\"title\";s:36:\"Teachers Recruitment Circular - 2026\";s:7:\"content\";N;s:4:\"file\";s:82:\"https://drive.google.com/file/d/1iysaHwZA1Kl43OiTssGFcMkWIpHzLLo4/view?usp=sharing\";s:4:\"link\";N;s:7:\"page_id\";i:40;s:12:\"published_at\";s:19:\"2026-02-18 10:03:21\";s:10:\"expires_at\";N;s:10:\"created_at\";s:19:\"2026-03-16 10:04:23\";s:10:\"updated_at\";s:19:\"2026-03-16 10:04:23\";}s:10:\"\0*\0changes\";a:0:{}s:11:\"\0*\0previous\";a:0:{}s:8:\"\0*\0casts\";a:2:{s:12:\"published_at\";s:8:\"datetime\";s:10:\"expires_at\";s:8:\"datetime\";}s:17:\"\0*\0classCastCache\";a:0:{}s:21:\"\0*\0attributeCastCache\";a:0:{}s:13:\"\0*\0dateFormat\";N;s:10:\"\0*\0appends\";a:0:{}s:19:\"\0*\0dispatchesEvents\";a:0:{}s:14:\"\0*\0observables\";a:0:{}s:12:\"\0*\0relations\";a:0:{}s:10:\"\0*\0touches\";a:0:{}s:27:\"\0*\0relationAutoloadCallback\";N;s:26:\"\0*\0relationAutoloadContext\";N;s:10:\"timestamps\";b:1;s:13:\"usesUniqueIds\";b:0;s:9:\"\0*\0hidden\";a:0:{}s:10:\"\0*\0visible\";a:0:{}s:11:\"\0*\0fillable\";a:7:{i:0;s:5:\"title\";i:1;s:7:\"content\";i:2;s:4:\"file\";i:3;s:4:\"link\";i:4;s:7:\"page_id\";i:5;s:12:\"published_at\";i:6;s:10:\"expires_at\";}s:10:\"\0*\0guarded\";a:1:{i:0;s:1:\"*\";}}i:2;O:17:\"App\\Models\\Notice\":33:{s:13:\"\0*\0connection\";s:5:\"mysql\";s:8:\"\0*\0table\";s:7:\"notices\";s:13:\"\0*\0primaryKey\";s:2:\"id\";s:10:\"\0*\0keyType\";s:3:\"int\";s:12:\"incrementing\";b:1;s:7:\"\0*\0with\";a:0:{}s:12:\"\0*\0withCount\";a:0:{}s:19:\"preventsLazyLoading\";b:0;s:10:\"\0*\0perPage\";i:15;s:6:\"exists\";b:1;s:18:\"wasRecentlyCreated\";b:0;s:28:\"\0*\0escapeWhenCastingToString\";b:0;s:13:\"\0*\0attributes\";a:10:{s:2:\"id\";i:21;s:5:\"title\";s:21:\"Admission Test - 2026\";s:7:\"content\";N;s:4:\"file\";s:82:\"https://drive.google.com/file/d/1Dxphsa4yUnJfeCyx5WJFvb4y5NreztIT/view?usp=sharing\";s:4:\"link\";N;s:7:\"page_id\";i:39;s:12:\"published_at\";s:19:\"2026-02-18 10:00:56\";s:10:\"expires_at\";N;s:10:\"created_at\";s:19:\"2026-03-16 10:02:11\";s:10:\"updated_at\";s:19:\"2026-03-16 10:03:01\";}s:11:\"\0*\0original\";a:10:{s:2:\"id\";i:21;s:5:\"title\";s:21:\"Admission Test - 2026\";s:7:\"content\";N;s:4:\"file\";s:82:\"https://drive.google.com/file/d/1Dxphsa4yUnJfeCyx5WJFvb4y5NreztIT/view?usp=sharing\";s:4:\"link\";N;s:7:\"page_id\";i:39;s:12:\"published_at\";s:19:\"2026-02-18 10:00:56\";s:10:\"expires_at\";N;s:10:\"created_at\";s:19:\"2026-03-16 10:02:11\";s:10:\"updated_at\";s:19:\"2026-03-16 10:03:01\";}s:10:\"\0*\0changes\";a:0:{}s:11:\"\0*\0previous\";a:0:{}s:8:\"\0*\0casts\";a:2:{s:12:\"published_at\";s:8:\"datetime\";s:10:\"expires_at\";s:8:\"datetime\";}s:17:\"\0*\0classCastCache\";a:0:{}s:21:\"\0*\0attributeCastCache\";a:0:{}s:13:\"\0*\0dateFormat\";N;s:10:\"\0*\0appends\";a:0:{}s:19:\"\0*\0dispatchesEvents\";a:0:{}s:14:\"\0*\0observables\";a:0:{}s:12:\"\0*\0relations\";a:0:{}s:10:\"\0*\0touches\";a:0:{}s:27:\"\0*\0relationAutoloadCallback\";N;s:26:\"\0*\0relationAutoloadContext\";N;s:10:\"timestamps\";b:1;s:13:\"usesUniqueIds\";b:0;s:9:\"\0*\0hidden\";a:0:{}s:10:\"\0*\0visible\";a:0:{}s:11:\"\0*\0fillable\";a:7:{i:0;s:5:\"title\";i:1;s:7:\"content\";i:2;s:4:\"file\";i:3;s:4:\"link\";i:4;s:7:\"page_id\";i:5;s:12:\"published_at\";i:6;s:10:\"expires_at\";}s:10:\"\0*\0guarded\";a:1:{i:0;s:1:\"*\";}}i:3;O:17:\"App\\Models\\Notice\":33:{s:13:\"\0*\0connection\";s:5:\"mysql\";s:8:\"\0*\0table\";s:7:\"notices\";s:13:\"\0*\0primaryKey\";s:2:\"id\";s:10:\"\0*\0keyType\";s:3:\"int\";s:12:\"incrementing\";b:1;s:7:\"\0*\0with\";a:0:{}s:12:\"\0*\0withCount\";a:0:{}s:19:\"preventsLazyLoading\";b:0;s:10:\"\0*\0perPage\";i:15;s:6:\"exists\";b:1;s:18:\"wasRecentlyCreated\";b:0;s:28:\"\0*\0escapeWhenCastingToString\";b:0;s:13:\"\0*\0attributes\";a:10:{s:2:\"id\";i:23;s:5:\"title\";s:31:\"Final Recruitment Result - 2026\";s:7:\"content\";N;s:4:\"file\";s:82:\"https://drive.google.com/file/d/19ESTK63Sn-XM5Yvs0BQZYi3RX5qAs_ly/view?usp=sharing\";s:4:\"link\";N;s:7:\"page_id\";i:41;s:12:\"published_at\";s:19:\"2026-02-10 10:04:23\";s:10:\"expires_at\";N;s:10:\"created_at\";s:19:\"2026-03-16 10:06:00\";s:10:\"updated_at\";s:19:\"2026-03-16 10:06:00\";}s:11:\"\0*\0original\";a:10:{s:2:\"id\";i:23;s:5:\"title\";s:31:\"Final Recruitment Result - 2026\";s:7:\"content\";N;s:4:\"file\";s:82:\"https://drive.google.com/file/d/19ESTK63Sn-XM5Yvs0BQZYi3RX5qAs_ly/view?usp=sharing\";s:4:\"link\";N;s:7:\"page_id\";i:41;s:12:\"published_at\";s:19:\"2026-02-10 10:04:23\";s:10:\"expires_at\";N;s:10:\"created_at\";s:19:\"2026-03-16 10:06:00\";s:10:\"updated_at\";s:19:\"2026-03-16 10:06:00\";}s:10:\"\0*\0changes\";a:0:{}s:11:\"\0*\0previous\";a:0:{}s:8:\"\0*\0casts\";a:2:{s:12:\"published_at\";s:8:\"datetime\";s:10:\"expires_at\";s:8:\"datetime\";}s:17:\"\0*\0classCastCache\";a:0:{}s:21:\"\0*\0attributeCastCache\";a:0:{}s:13:\"\0*\0dateFormat\";N;s:10:\"\0*\0appends\";a:0:{}s:19:\"\0*\0dispatchesEvents\";a:0:{}s:14:\"\0*\0observables\";a:0:{}s:12:\"\0*\0relations\";a:0:{}s:10:\"\0*\0touches\";a:0:{}s:27:\"\0*\0relationAutoloadCallback\";N;s:26:\"\0*\0relationAutoloadContext\";N;s:10:\"timestamps\";b:1;s:13:\"usesUniqueIds\";b:0;s:9:\"\0*\0hidden\";a:0:{}s:10:\"\0*\0visible\";a:0:{}s:11:\"\0*\0fillable\";a:7:{i:0;s:5:\"title\";i:1;s:7:\"content\";i:2;s:4:\"file\";i:3;s:4:\"link\";i:4;s:7:\"page_id\";i:5;s:12:\"published_at\";i:6;s:10:\"expires_at\";}s:10:\"\0*\0guarded\";a:1:{i:0;s:1:\"*\";}}i:4;O:17:\"App\\Models\\Notice\":33:{s:13:\"\0*\0connection\";s:5:\"mysql\";s:8:\"\0*\0table\";s:7:\"notices\";s:13:\"\0*\0primaryKey\";s:2:\"id\";s:10:\"\0*\0keyType\";s:3:\"int\";s:12:\"incrementing\";b:1;s:7:\"\0*\0with\";a:0:{}s:12:\"\0*\0withCount\";a:0:{}s:19:\"preventsLazyLoading\";b:0;s:10:\"\0*\0perPage\";i:15;s:6:\"exists\";b:1;s:18:\"wasRecentlyCreated\";b:0;s:28:\"\0*\0escapeWhenCastingToString\";b:0;s:13:\"\0*\0attributes\";a:10:{s:2:\"id\";i:24;s:5:\"title\";s:35:\"KG - X Seat Plan has been Published\";s:7:\"content\";N;s:4:\"file\";s:82:\"https://drive.google.com/file/d/1mIyanZ6mFdHxrL7ExTj2vigzTf1XNwby/view?usp=sharing\";s:4:\"link\";N;s:7:\"page_id\";i:42;s:12:\"published_at\";s:19:\"2026-01-29 10:06:00\";s:10:\"expires_at\";N;s:10:\"created_at\";s:19:\"2026-03-16 10:11:13\";s:10:\"updated_at\";s:19:\"2026-03-16 10:11:13\";}s:11:\"\0*\0original\";a:10:{s:2:\"id\";i:24;s:5:\"title\";s:35:\"KG - X Seat Plan has been Published\";s:7:\"content\";N;s:4:\"file\";s:82:\"https://drive.google.com/file/d/1mIyanZ6mFdHxrL7ExTj2vigzTf1XNwby/view?usp=sharing\";s:4:\"link\";N;s:7:\"page_id\";i:42;s:12:\"published_at\";s:19:\"2026-01-29 10:06:00\";s:10:\"expires_at\";N;s:10:\"created_at\";s:19:\"2026-03-16 10:11:13\";s:10:\"updated_at\";s:19:\"2026-03-16 10:11:13\";}s:10:\"\0*\0changes\";a:0:{}s:11:\"\0*\0previous\";a:0:{}s:8:\"\0*\0casts\";a:2:{s:12:\"published_at\";s:8:\"datetime\";s:10:\"expires_at\";s:8:\"datetime\";}s:17:\"\0*\0classCastCache\";a:0:{}s:21:\"\0*\0attributeCastCache\";a:0:{}s:13:\"\0*\0dateFormat\";N;s:10:\"\0*\0appends\";a:0:{}s:19:\"\0*\0dispatchesEvents\";a:0:{}s:14:\"\0*\0observables\";a:0:{}s:12:\"\0*\0relations\";a:0:{}s:10:\"\0*\0touches\";a:0:{}s:27:\"\0*\0relationAutoloadCallback\";N;s:26:\"\0*\0relationAutoloadContext\";N;s:10:\"timestamps\";b:1;s:13:\"usesUniqueIds\";b:0;s:9:\"\0*\0hidden\";a:0:{}s:10:\"\0*\0visible\";a:0:{}s:11:\"\0*\0fillable\";a:7:{i:0;s:5:\"title\";i:1;s:7:\"content\";i:2;s:4:\"file\";i:3;s:4:\"link\";i:4;s:7:\"page_id\";i:5;s:12:\"published_at\";i:6;s:10:\"expires_at\";}s:10:\"\0*\0guarded\";a:1:{i:0;s:1:\"*\";}}i:5;O:17:\"App\\Models\\Notice\":33:{s:13:\"\0*\0connection\";s:5:\"mysql\";s:8:\"\0*\0table\";s:7:\"notices\";s:13:\"\0*\0primaryKey\";s:2:\"id\";s:10:\"\0*\0keyType\";s:3:\"int\";s:12:\"incrementing\";b:1;s:7:\"\0*\0with\";a:0:{}s:12:\"\0*\0withCount\";a:0:{}s:19:\"preventsLazyLoading\";b:0;s:10:\"\0*\0perPage\";i:15;s:6:\"exists\";b:1;s:18:\"wasRecentlyCreated\";b:0;s:28:\"\0*\0escapeWhenCastingToString\";b:0;s:13:\"\0*\0attributes\";a:10:{s:2:\"id\";i:26;s:5:\"title\";s:36:\"Class I Admission Test Result - 2026\";s:7:\"content\";s:95:\"<p>Please have a look on the attached file for the result and admission instructions.&nbsp;</p>\";s:4:\"file\";s:85:\"https://drive.google.com/file/d/1o2uzFExC9nKy1GgB7ZjKn-ReM-YnfMnK/view?usp=drive_link\";s:4:\"link\";N;s:7:\"page_id\";i:45;s:12:\"published_at\";s:19:\"2026-01-19 14:06:14\";s:10:\"expires_at\";N;s:10:\"created_at\";s:19:\"2026-03-30 15:25:03\";s:10:\"updated_at\";s:19:\"2026-03-30 15:25:03\";}s:11:\"\0*\0original\";a:10:{s:2:\"id\";i:26;s:5:\"title\";s:36:\"Class I Admission Test Result - 2026\";s:7:\"content\";s:95:\"<p>Please have a look on the attached file for the result and admission instructions.&nbsp;</p>\";s:4:\"file\";s:85:\"https://drive.google.com/file/d/1o2uzFExC9nKy1GgB7ZjKn-ReM-YnfMnK/view?usp=drive_link\";s:4:\"link\";N;s:7:\"page_id\";i:45;s:12:\"published_at\";s:19:\"2026-01-19 14:06:14\";s:10:\"expires_at\";N;s:10:\"created_at\";s:19:\"2026-03-30 15:25:03\";s:10:\"updated_at\";s:19:\"2026-03-30 15:25:03\";}s:10:\"\0*\0changes\";a:0:{}s:11:\"\0*\0previous\";a:0:{}s:8:\"\0*\0casts\";a:2:{s:12:\"published_at\";s:8:\"datetime\";s:10:\"expires_at\";s:8:\"datetime\";}s:17:\"\0*\0classCastCache\";a:0:{}s:21:\"\0*\0attributeCastCache\";a:0:{}s:13:\"\0*\0dateFormat\";N;s:10:\"\0*\0appends\";a:0:{}s:19:\"\0*\0dispatchesEvents\";a:0:{}s:14:\"\0*\0observables\";a:0:{}s:12:\"\0*\0relations\";a:0:{}s:10:\"\0*\0touches\";a:0:{}s:27:\"\0*\0relationAutoloadCallback\";N;s:26:\"\0*\0relationAutoloadContext\";N;s:10:\"timestamps\";b:1;s:13:\"usesUniqueIds\";b:0;s:9:\"\0*\0hidden\";a:0:{}s:10:\"\0*\0visible\";a:0:{}s:11:\"\0*\0fillable\";a:7:{i:0;s:5:\"title\";i:1;s:7:\"content\";i:2;s:4:\"file\";i:3;s:4:\"link\";i:4;s:7:\"page_id\";i:5;s:12:\"published_at\";i:6;s:10:\"expires_at\";}s:10:\"\0*\0guarded\";a:1:{i:0;s:1:\"*\";}}i:6;O:17:\"App\\Models\\Notice\":33:{s:13:\"\0*\0connection\";s:5:\"mysql\";s:8:\"\0*\0table\";s:7:\"notices\";s:13:\"\0*\0primaryKey\";s:2:\"id\";s:10:\"\0*\0keyType\";s:3:\"int\";s:12:\"incrementing\";b:1;s:7:\"\0*\0with\";a:0:{}s:12:\"\0*\0withCount\";a:0:{}s:19:\"preventsLazyLoading\";b:0;s:10:\"\0*\0perPage\";i:15;s:6:\"exists\";b:1;s:18:\"wasRecentlyCreated\";b:0;s:28:\"\0*\0escapeWhenCastingToString\";b:0;s:13:\"\0*\0attributes\";a:10:{s:2:\"id\";i:25;s:5:\"title\";s:29:\"Teachers Recruitment Circular\";s:7:\"content\";N;s:4:\"file\";s:82:\"https://drive.google.com/file/d/1FrZe6fgiNmfxrFf8ccRdFhKUCiPNP-wS/view?usp=sharing\";s:4:\"link\";N;s:7:\"page_id\";i:43;s:12:\"published_at\";s:19:\"2026-01-19 10:11:13\";s:10:\"expires_at\";N;s:10:\"created_at\";s:19:\"2026-03-16 10:13:06\";s:10:\"updated_at\";s:19:\"2026-03-16 10:13:06\";}s:11:\"\0*\0original\";a:10:{s:2:\"id\";i:25;s:5:\"title\";s:29:\"Teachers Recruitment Circular\";s:7:\"content\";N;s:4:\"file\";s:82:\"https://drive.google.com/file/d/1FrZe6fgiNmfxrFf8ccRdFhKUCiPNP-wS/view?usp=sharing\";s:4:\"link\";N;s:7:\"page_id\";i:43;s:12:\"published_at\";s:19:\"2026-01-19 10:11:13\";s:10:\"expires_at\";N;s:10:\"created_at\";s:19:\"2026-03-16 10:13:06\";s:10:\"updated_at\";s:19:\"2026-03-16 10:13:06\";}s:10:\"\0*\0changes\";a:0:{}s:11:\"\0*\0previous\";a:0:{}s:8:\"\0*\0casts\";a:2:{s:12:\"published_at\";s:8:\"datetime\";s:10:\"expires_at\";s:8:\"datetime\";}s:17:\"\0*\0classCastCache\";a:0:{}s:21:\"\0*\0attributeCastCache\";a:0:{}s:13:\"\0*\0dateFormat\";N;s:10:\"\0*\0appends\";a:0:{}s:19:\"\0*\0dispatchesEvents\";a:0:{}s:14:\"\0*\0observables\";a:0:{}s:12:\"\0*\0relations\";a:0:{}s:10:\"\0*\0touches\";a:0:{}s:27:\"\0*\0relationAutoloadCallback\";N;s:26:\"\0*\0relationAutoloadContext\";N;s:10:\"timestamps\";b:1;s:13:\"usesUniqueIds\";b:0;s:9:\"\0*\0hidden\";a:0:{}s:10:\"\0*\0visible\";a:0:{}s:11:\"\0*\0fillable\";a:7:{i:0;s:5:\"title\";i:1;s:7:\"content\";i:2;s:4:\"file\";i:3;s:4:\"link\";i:4;s:7:\"page_id\";i:5;s:12:\"published_at\";i:6;s:10:\"expires_at\";}s:10:\"\0*\0guarded\";a:1:{i:0;s:1:\"*\";}}i:7;O:17:\"App\\Models\\Notice\":33:{s:13:\"\0*\0connection\";s:5:\"mysql\";s:8:\"\0*\0table\";s:7:\"notices\";s:13:\"\0*\0primaryKey\";s:2:\"id\";s:10:\"\0*\0keyType\";s:3:\"int\";s:12:\"incrementing\";b:1;s:7:\"\0*\0with\";a:0:{}s:12:\"\0*\0withCount\";a:0:{}s:19:\"preventsLazyLoading\";b:0;s:10:\"\0*\0perPage\";i:15;s:6:\"exists\";b:1;s:18:\"wasRecentlyCreated\";b:0;s:28:\"\0*\0escapeWhenCastingToString\";b:0;s:13:\"\0*\0attributes\";a:10:{s:2:\"id\";i:27;s:5:\"title\";s:54:\"Class One Admission Test – 2026 Seat Plan & Schedule\";s:7:\"content\";s:216:\"<p>Class One Admission Test – 2026 Seat Plan &amp; Schedule<br>The seat plan and examination schedule for the Class One Admission Test have been published.<br>Please check carefully and attend the exam on time.</p>\";s:4:\"file\";s:82:\"https://drive.google.com/file/d/1nDUbrFEqv_wPD_Eu87VC6WM6KIOdXEJ3/view?usp=sharing\";s:4:\"link\";N;s:7:\"page_id\";i:46;s:12:\"published_at\";s:19:\"2026-01-08 15:25:03\";s:10:\"expires_at\";N;s:10:\"created_at\";s:19:\"2026-03-30 15:26:26\";s:10:\"updated_at\";s:19:\"2026-03-30 15:26:26\";}s:11:\"\0*\0original\";a:10:{s:2:\"id\";i:27;s:5:\"title\";s:54:\"Class One Admission Test – 2026 Seat Plan & Schedule\";s:7:\"content\";s:216:\"<p>Class One Admission Test – 2026 Seat Plan &amp; Schedule<br>The seat plan and examination schedule for the Class One Admission Test have been published.<br>Please check carefully and attend the exam on time.</p>\";s:4:\"file\";s:82:\"https://drive.google.com/file/d/1nDUbrFEqv_wPD_Eu87VC6WM6KIOdXEJ3/view?usp=sharing\";s:4:\"link\";N;s:7:\"page_id\";i:46;s:12:\"published_at\";s:19:\"2026-01-08 15:25:03\";s:10:\"expires_at\";N;s:10:\"created_at\";s:19:\"2026-03-30 15:26:26\";s:10:\"updated_at\";s:19:\"2026-03-30 15:26:26\";}s:10:\"\0*\0changes\";a:0:{}s:11:\"\0*\0previous\";a:0:{}s:8:\"\0*\0casts\";a:2:{s:12:\"published_at\";s:8:\"datetime\";s:10:\"expires_at\";s:8:\"datetime\";}s:17:\"\0*\0classCastCache\";a:0:{}s:21:\"\0*\0attributeCastCache\";a:0:{}s:13:\"\0*\0dateFormat\";N;s:10:\"\0*\0appends\";a:0:{}s:19:\"\0*\0dispatchesEvents\";a:0:{}s:14:\"\0*\0observables\";a:0:{}s:12:\"\0*\0relations\";a:0:{}s:10:\"\0*\0touches\";a:0:{}s:27:\"\0*\0relationAutoloadCallback\";N;s:26:\"\0*\0relationAutoloadContext\";N;s:10:\"timestamps\";b:1;s:13:\"usesUniqueIds\";b:0;s:9:\"\0*\0hidden\";a:0:{}s:10:\"\0*\0visible\";a:0:{}s:11:\"\0*\0fillable\";a:7:{i:0;s:5:\"title\";i:1;s:7:\"content\";i:2;s:4:\"file\";i:3;s:4:\"link\";i:4;s:7:\"page_id\";i:5;s:12:\"published_at\";i:6;s:10:\"expires_at\";}s:10:\"\0*\0guarded\";a:1:{i:0;s:1:\"*\";}}i:8;O:17:\"App\\Models\\Notice\":33:{s:13:\"\0*\0connection\";s:5:\"mysql\";s:8:\"\0*\0table\";s:7:\"notices\";s:13:\"\0*\0primaryKey\";s:2:\"id\";s:10:\"\0*\0keyType\";s:3:\"int\";s:12:\"incrementing\";b:1;s:7:\"\0*\0with\";a:0:{}s:12:\"\0*\0withCount\";a:0:{}s:19:\"preventsLazyLoading\";b:0;s:10:\"\0*\0perPage\";i:15;s:6:\"exists\";b:1;s:18:\"wasRecentlyCreated\";b:0;s:28:\"\0*\0escapeWhenCastingToString\";b:0;s:13:\"\0*\0attributes\";a:10:{s:2:\"id\";i:28;s:5:\"title\";s:33:\"Admission Circular Session - 2026\";s:7:\"content\";s:58:\"<p>Please have a look on the notice for details.&nbsp;</p>\";s:4:\"file\";s:82:\"https://drive.google.com/file/d/1oXrLaFzFaFmVVVWqjN8mae4_rUCo31NN/view?usp=sharing\";s:4:\"link\";N;s:7:\"page_id\";i:47;s:12:\"published_at\";s:19:\"2026-01-07 15:26:26\";s:10:\"expires_at\";N;s:10:\"created_at\";s:19:\"2026-03-30 15:28:41\";s:10:\"updated_at\";s:19:\"2026-03-30 15:28:41\";}s:11:\"\0*\0original\";a:10:{s:2:\"id\";i:28;s:5:\"title\";s:33:\"Admission Circular Session - 2026\";s:7:\"content\";s:58:\"<p>Please have a look on the notice for details.&nbsp;</p>\";s:4:\"file\";s:82:\"https://drive.google.com/file/d/1oXrLaFzFaFmVVVWqjN8mae4_rUCo31NN/view?usp=sharing\";s:4:\"link\";N;s:7:\"page_id\";i:47;s:12:\"published_at\";s:19:\"2026-01-07 15:26:26\";s:10:\"expires_at\";N;s:10:\"created_at\";s:19:\"2026-03-30 15:28:41\";s:10:\"updated_at\";s:19:\"2026-03-30 15:28:41\";}s:10:\"\0*\0changes\";a:0:{}s:11:\"\0*\0previous\";a:0:{}s:8:\"\0*\0casts\";a:2:{s:12:\"published_at\";s:8:\"datetime\";s:10:\"expires_at\";s:8:\"datetime\";}s:17:\"\0*\0classCastCache\";a:0:{}s:21:\"\0*\0attributeCastCache\";a:0:{}s:13:\"\0*\0dateFormat\";N;s:10:\"\0*\0appends\";a:0:{}s:19:\"\0*\0dispatchesEvents\";a:0:{}s:14:\"\0*\0observables\";a:0:{}s:12:\"\0*\0relations\";a:0:{}s:10:\"\0*\0touches\";a:0:{}s:27:\"\0*\0relationAutoloadCallback\";N;s:26:\"\0*\0relationAutoloadContext\";N;s:10:\"timestamps\";b:1;s:13:\"usesUniqueIds\";b:0;s:9:\"\0*\0hidden\";a:0:{}s:10:\"\0*\0visible\";a:0:{}s:11:\"\0*\0fillable\";a:7:{i:0;s:5:\"title\";i:1;s:7:\"content\";i:2;s:4:\"file\";i:3;s:4:\"link\";i:4;s:7:\"page_id\";i:5;s:12:\"published_at\";i:6;s:10:\"expires_at\";}s:10:\"\0*\0guarded\";a:1:{i:0;s:1:\"*\";}}i:9;O:17:\"App\\Models\\Notice\":33:{s:13:\"\0*\0connection\";s:5:\"mysql\";s:8:\"\0*\0table\";s:7:\"notices\";s:13:\"\0*\0primaryKey\";s:2:\"id\";s:10:\"\0*\0keyType\";s:3:\"int\";s:12:\"incrementing\";b:1;s:7:\"\0*\0with\";a:0:{}s:12:\"\0*\0withCount\";a:0:{}s:19:\"preventsLazyLoading\";b:0;s:10:\"\0*\0perPage\";i:15;s:6:\"exists\";b:1;s:18:\"wasRecentlyCreated\";b:0;s:28:\"\0*\0escapeWhenCastingToString\";b:0;s:13:\"\0*\0attributes\";a:10:{s:2:\"id\";i:29;s:5:\"title\";s:21:\"Class Schedules -2025\";s:7:\"content\";s:28:\"<p>Class Schedules -2025</p>\";s:4:\"file\";s:85:\"https://drive.google.com/file/d/1pa-b6I5q-sn-XpMgFHXA0dvKtUgHcA-t/view?usp=drive_link\";s:4:\"link\";N;s:7:\"page_id\";i:48;s:12:\"published_at\";s:19:\"2025-12-30 15:28:41\";s:10:\"expires_at\";N;s:10:\"created_at\";s:19:\"2026-03-30 15:30:03\";s:10:\"updated_at\";s:19:\"2026-03-30 15:30:03\";}s:11:\"\0*\0original\";a:10:{s:2:\"id\";i:29;s:5:\"title\";s:21:\"Class Schedules -2025\";s:7:\"content\";s:28:\"<p>Class Schedules -2025</p>\";s:4:\"file\";s:85:\"https://drive.google.com/file/d/1pa-b6I5q-sn-XpMgFHXA0dvKtUgHcA-t/view?usp=drive_link\";s:4:\"link\";N;s:7:\"page_id\";i:48;s:12:\"published_at\";s:19:\"2025-12-30 15:28:41\";s:10:\"expires_at\";N;s:10:\"created_at\";s:19:\"2026-03-30 15:30:03\";s:10:\"updated_at\";s:19:\"2026-03-30 15:30:03\";}s:10:\"\0*\0changes\";a:0:{}s:11:\"\0*\0previous\";a:0:{}s:8:\"\0*\0casts\";a:2:{s:12:\"published_at\";s:8:\"datetime\";s:10:\"expires_at\";s:8:\"datetime\";}s:17:\"\0*\0classCastCache\";a:0:{}s:21:\"\0*\0attributeCastCache\";a:0:{}s:13:\"\0*\0dateFormat\";N;s:10:\"\0*\0appends\";a:0:{}s:19:\"\0*\0dispatchesEvents\";a:0:{}s:14:\"\0*\0observables\";a:0:{}s:12:\"\0*\0relations\";a:0:{}s:10:\"\0*\0touches\";a:0:{}s:27:\"\0*\0relationAutoloadCallback\";N;s:26:\"\0*\0relationAutoloadContext\";N;s:10:\"timestamps\";b:1;s:13:\"usesUniqueIds\";b:0;s:9:\"\0*\0hidden\";a:0:{}s:10:\"\0*\0visible\";a:0:{}s:11:\"\0*\0fillable\";a:7:{i:0;s:5:\"title\";i:1;s:7:\"content\";i:2;s:4:\"file\";i:3;s:4:\"link\";i:4;s:7:\"page_id\";i:5;s:12:\"published_at\";i:6;s:10:\"expires_at\";}s:10:\"\0*\0guarded\";a:1:{i:0;s:1:\"*\";}}}s:28:\"\0*\0escapeWhenCastingToString\";b:0;}',1776248650),('laravel-cache-global.settings','O:29:\"Illuminate\\Support\\Collection\":2:{s:8:\"\0*\0items\";a:40:{s:9:\"site_name\";s:40:\"RAMU CANTONMENT ENGLISH SCHOOL & COLLEGE\";s:12:\"site_tagline\";s:31:\"Discipline, Knowledge, Morality\";s:5:\"phone\";s:14:\"+8801769026044\";s:5:\"email\";s:18:\"info@bacpsc.edu.bd\";s:7:\"address\";s:29:\"Barishal Cantonment, Barishal\";s:8:\"facebook\";s:1:\"#\";s:7:\"youtube\";s:1:\"#\";s:4:\"logo\";s:65:\"https://bacpsc.edu.bd/wp-content/uploads/2024/10/barisal-logo.png\";s:16:\"site_name_bangla\";s:110:\"বরিশাল ক্যান্টনমেন্ট পাবলিক স্কুল ও কলেজ\";s:4:\"eiin\";s:32:\"Barishal Cantonment, EIIN:136998\";s:16:\"erecruitment_url\";s:54:\"https://admission.trusteduerp.xyz/job/apply?insId=1006\";s:20:\"online_admission_url\";s:39:\"https://bacpsc.edu.bd/online-admission/\";s:14:\"online_fee_url\";s:46:\"https://s2.trusteduerp.xyz/st/login?insId=1006\";s:17:\"sidebar_header_bg\";s:7:\"#0f3d3e\";s:15:\"sidebar_body_bg\";s:7:\"#1a4d2e\";s:19:\"sidebar_title_color\";s:7:\"#ffc107\";s:18:\"sidebar_text_color\";s:7:\"#ffffff\";s:14:\"sidebar_btn_bg\";s:7:\"#28a745\";s:22:\"sidebar_btn_text_color\";s:7:\"#0d9100\";s:20:\"sidebar_aspect_ratio\";s:3:\"3/4\";s:19:\"sidebar_image_width\";s:2:\"70\";s:22:\"sidebar_image_position\";s:10:\"top center\";s:17:\"sidebar_image_fit\";s:5:\"cover\";s:21:\"sidebar_border_radius\";s:4:\"20px\";s:20:\"sidebar_border_width\";s:3:\"5px\";s:20:\"sidebar_border_color\";s:7:\"#ffffff\";s:23:\"sidebar_title_font_size\";s:6:\"1.1rem\";s:23:\"sidebar_desig_font_size\";s:8:\"0.875rem\";s:20:\"sidebar_card_padding\";s:4:\"1rem\";s:18:\"menu_card_template\";s:10:\"template_2\";s:14:\"info_header_bg\";s:7:\"#0f3d3e\";s:12:\"info_body_bg\";s:7:\"#1a4d2e\";s:15:\"info_text_color\";s:7:\"#ffc107\";s:15:\"info_icon_color\";s:7:\"#ffc107\";s:17:\"info_border_color\";s:22:\"rgba(255, 193, 7, 0.3)\";s:16:\"notice_header_bg\";s:7:\"#0f3d3e\";s:14:\"notice_body_bg\";s:7:\"#f0f8f0\";s:18:\"notice_title_color\";s:7:\"#0066cc\";s:17:\"notice_date_color\";s:7:\"#dc3545\";s:19:\"admin_tutorial_link\";s:49:\"https://www.youtube.com/watch?v=NNwgrHdrseM&t=24s\";}s:28:\"\0*\0escapeWhenCastingToString\";b:0;}',1776251387),('laravel-cache-global.sidebar_widgets','O:39:\"Illuminate\\Database\\Eloquent\\Collection\":2:{s:8:\"\0*\0items\";a:4:{i:0;O:24:\"App\\Models\\SidebarWidget\":33:{s:13:\"\0*\0connection\";s:5:\"mysql\";s:8:\"\0*\0table\";s:15:\"sidebar_widgets\";s:13:\"\0*\0primaryKey\";s:2:\"id\";s:10:\"\0*\0keyType\";s:3:\"int\";s:12:\"incrementing\";b:1;s:7:\"\0*\0with\";a:0:{}s:12:\"\0*\0withCount\";a:0:{}s:19:\"preventsLazyLoading\";b:0;s:10:\"\0*\0perPage\";i:15;s:6:\"exists\";b:1;s:18:\"wasRecentlyCreated\";b:0;s:28:\"\0*\0escapeWhenCastingToString\";b:0;s:13:\"\0*\0attributes\";a:10:{s:2:\"id\";i:1;s:5:\"title\";s:17:\"Academic Calendar\";s:4:\"type\";s:8:\"calendar\";s:7:\"content\";N;s:9:\"image_url\";N;s:4:\"link\";N;s:5:\"order\";i:1;s:9:\"is_active\";i:1;s:10:\"created_at\";s:19:\"2025-11-22 16:28:43\";s:10:\"updated_at\";s:19:\"2025-11-22 16:28:43\";}s:11:\"\0*\0original\";a:10:{s:2:\"id\";i:1;s:5:\"title\";s:17:\"Academic Calendar\";s:4:\"type\";s:8:\"calendar\";s:7:\"content\";N;s:9:\"image_url\";N;s:4:\"link\";N;s:5:\"order\";i:1;s:9:\"is_active\";i:1;s:10:\"created_at\";s:19:\"2025-11-22 16:28:43\";s:10:\"updated_at\";s:19:\"2025-11-22 16:28:43\";}s:10:\"\0*\0changes\";a:0:{}s:11:\"\0*\0previous\";a:0:{}s:8:\"\0*\0casts\";a:2:{s:9:\"is_active\";s:7:\"boolean\";s:5:\"order\";s:7:\"integer\";}s:17:\"\0*\0classCastCache\";a:0:{}s:21:\"\0*\0attributeCastCache\";a:0:{}s:13:\"\0*\0dateFormat\";N;s:10:\"\0*\0appends\";a:0:{}s:19:\"\0*\0dispatchesEvents\";a:0:{}s:14:\"\0*\0observables\";a:0:{}s:12:\"\0*\0relations\";a:0:{}s:10:\"\0*\0touches\";a:0:{}s:27:\"\0*\0relationAutoloadCallback\";N;s:26:\"\0*\0relationAutoloadContext\";N;s:10:\"timestamps\";b:1;s:13:\"usesUniqueIds\";b:0;s:9:\"\0*\0hidden\";a:0:{}s:10:\"\0*\0visible\";a:0:{}s:11:\"\0*\0fillable\";a:7:{i:0;s:5:\"title\";i:1;s:4:\"type\";i:2;s:7:\"content\";i:3;s:9:\"image_url\";i:4;s:4:\"link\";i:5;s:5:\"order\";i:6;s:9:\"is_active\";}s:10:\"\0*\0guarded\";a:1:{i:0;s:1:\"*\";}}i:1;O:24:\"App\\Models\\SidebarWidget\":33:{s:13:\"\0*\0connection\";s:5:\"mysql\";s:8:\"\0*\0table\";s:15:\"sidebar_widgets\";s:13:\"\0*\0primaryKey\";s:2:\"id\";s:10:\"\0*\0keyType\";s:3:\"int\";s:12:\"incrementing\";b:1;s:7:\"\0*\0with\";a:0:{}s:12:\"\0*\0withCount\";a:0:{}s:19:\"preventsLazyLoading\";b:0;s:10:\"\0*\0perPage\";i:15;s:6:\"exists\";b:1;s:18:\"wasRecentlyCreated\";b:0;s:28:\"\0*\0escapeWhenCastingToString\";b:0;s:13:\"\0*\0attributes\";a:10:{s:2:\"id\";i:2;s:5:\"title\";s:5:\"Video\";s:4:\"type\";s:5:\"video\";s:7:\"content\";s:28:\"https://youtu.be/MM2oLH8OAKY\";s:9:\"image_url\";N;s:4:\"link\";N;s:5:\"order\";i:2;s:9:\"is_active\";i:1;s:10:\"created_at\";s:19:\"2025-11-22 16:29:45\";s:10:\"updated_at\";s:19:\"2026-04-01 17:18:51\";}s:11:\"\0*\0original\";a:10:{s:2:\"id\";i:2;s:5:\"title\";s:5:\"Video\";s:4:\"type\";s:5:\"video\";s:7:\"content\";s:28:\"https://youtu.be/MM2oLH8OAKY\";s:9:\"image_url\";N;s:4:\"link\";N;s:5:\"order\";i:2;s:9:\"is_active\";i:1;s:10:\"created_at\";s:19:\"2025-11-22 16:29:45\";s:10:\"updated_at\";s:19:\"2026-04-01 17:18:51\";}s:10:\"\0*\0changes\";a:0:{}s:11:\"\0*\0previous\";a:0:{}s:8:\"\0*\0casts\";a:2:{s:9:\"is_active\";s:7:\"boolean\";s:5:\"order\";s:7:\"integer\";}s:17:\"\0*\0classCastCache\";a:0:{}s:21:\"\0*\0attributeCastCache\";a:0:{}s:13:\"\0*\0dateFormat\";N;s:10:\"\0*\0appends\";a:0:{}s:19:\"\0*\0dispatchesEvents\";a:0:{}s:14:\"\0*\0observables\";a:0:{}s:12:\"\0*\0relations\";a:0:{}s:10:\"\0*\0touches\";a:0:{}s:27:\"\0*\0relationAutoloadCallback\";N;s:26:\"\0*\0relationAutoloadContext\";N;s:10:\"timestamps\";b:1;s:13:\"usesUniqueIds\";b:0;s:9:\"\0*\0hidden\";a:0:{}s:10:\"\0*\0visible\";a:0:{}s:11:\"\0*\0fillable\";a:7:{i:0;s:5:\"title\";i:1;s:4:\"type\";i:2;s:7:\"content\";i:3;s:9:\"image_url\";i:4;s:4:\"link\";i:5;s:5:\"order\";i:6;s:9:\"is_active\";}s:10:\"\0*\0guarded\";a:1:{i:0;s:1:\"*\";}}i:2;O:24:\"App\\Models\\SidebarWidget\":33:{s:13:\"\0*\0connection\";s:5:\"mysql\";s:8:\"\0*\0table\";s:15:\"sidebar_widgets\";s:13:\"\0*\0primaryKey\";s:2:\"id\";s:10:\"\0*\0keyType\";s:3:\"int\";s:12:\"incrementing\";b:1;s:7:\"\0*\0with\";a:0:{}s:12:\"\0*\0withCount\";a:0:{}s:19:\"preventsLazyLoading\";b:0;s:10:\"\0*\0perPage\";i:15;s:6:\"exists\";b:1;s:18:\"wasRecentlyCreated\";b:0;s:28:\"\0*\0escapeWhenCastingToString\";b:0;s:13:\"\0*\0attributes\";a:10:{s:2:\"id\";i:4;s:5:\"title\";s:16:\"Publisher Corner\";s:4:\"type\";s:4:\"link\";s:7:\"content\";s:27:\"ম্যাগাজিন\";s:9:\"image_url\";N;s:4:\"link\";s:70:\"https://drive.google.com/file/d/1ZfBTcXcY2nizJ7YlD-lRgTVzJVGkj6Sd/view\";s:5:\"order\";i:4;s:9:\"is_active\";i:1;s:10:\"created_at\";s:19:\"2025-11-22 16:35:59\";s:10:\"updated_at\";s:19:\"2025-11-22 16:44:01\";}s:11:\"\0*\0original\";a:10:{s:2:\"id\";i:4;s:5:\"title\";s:16:\"Publisher Corner\";s:4:\"type\";s:4:\"link\";s:7:\"content\";s:27:\"ম্যাগাজিন\";s:9:\"image_url\";N;s:4:\"link\";s:70:\"https://drive.google.com/file/d/1ZfBTcXcY2nizJ7YlD-lRgTVzJVGkj6Sd/view\";s:5:\"order\";i:4;s:9:\"is_active\";i:1;s:10:\"created_at\";s:19:\"2025-11-22 16:35:59\";s:10:\"updated_at\";s:19:\"2025-11-22 16:44:01\";}s:10:\"\0*\0changes\";a:0:{}s:11:\"\0*\0previous\";a:0:{}s:8:\"\0*\0casts\";a:2:{s:9:\"is_active\";s:7:\"boolean\";s:5:\"order\";s:7:\"integer\";}s:17:\"\0*\0classCastCache\";a:0:{}s:21:\"\0*\0attributeCastCache\";a:0:{}s:13:\"\0*\0dateFormat\";N;s:10:\"\0*\0appends\";a:0:{}s:19:\"\0*\0dispatchesEvents\";a:0:{}s:14:\"\0*\0observables\";a:0:{}s:12:\"\0*\0relations\";a:0:{}s:10:\"\0*\0touches\";a:0:{}s:27:\"\0*\0relationAutoloadCallback\";N;s:26:\"\0*\0relationAutoloadContext\";N;s:10:\"timestamps\";b:1;s:13:\"usesUniqueIds\";b:0;s:9:\"\0*\0hidden\";a:0:{}s:10:\"\0*\0visible\";a:0:{}s:11:\"\0*\0fillable\";a:7:{i:0;s:5:\"title\";i:1;s:4:\"type\";i:2;s:7:\"content\";i:3;s:9:\"image_url\";i:4;s:4:\"link\";i:5;s:5:\"order\";i:6;s:9:\"is_active\";}s:10:\"\0*\0guarded\";a:1:{i:0;s:1:\"*\";}}i:3;O:24:\"App\\Models\\SidebarWidget\":33:{s:13:\"\0*\0connection\";s:5:\"mysql\";s:8:\"\0*\0table\";s:15:\"sidebar_widgets\";s:13:\"\0*\0primaryKey\";s:2:\"id\";s:10:\"\0*\0keyType\";s:3:\"int\";s:12:\"incrementing\";b:1;s:7:\"\0*\0with\";a:0:{}s:12:\"\0*\0withCount\";a:0:{}s:19:\"preventsLazyLoading\";b:0;s:10:\"\0*\0perPage\";i:15;s:6:\"exists\";b:1;s:18:\"wasRecentlyCreated\";b:0;s:28:\"\0*\0escapeWhenCastingToString\";b:0;s:13:\"\0*\0attributes\";a:10:{s:2:\"id\";i:5;s:5:\"title\";s:9:\"Help Line\";s:4:\"type\";s:10:\"image_link\";s:7:\"content\";N;s:9:\"image_url\";s:82:\"https://drive.google.com/file/d/1A3zT4tH3ht3VerOcS2xHruHjIdA4fxmH/view?usp=sharing\";s:4:\"link\";N;s:5:\"order\";i:5;s:9:\"is_active\";i:1;s:10:\"created_at\";s:19:\"2025-11-22 16:37:49\";s:10:\"updated_at\";s:19:\"2025-11-22 16:37:49\";}s:11:\"\0*\0original\";a:10:{s:2:\"id\";i:5;s:5:\"title\";s:9:\"Help Line\";s:4:\"type\";s:10:\"image_link\";s:7:\"content\";N;s:9:\"image_url\";s:82:\"https://drive.google.com/file/d/1A3zT4tH3ht3VerOcS2xHruHjIdA4fxmH/view?usp=sharing\";s:4:\"link\";N;s:5:\"order\";i:5;s:9:\"is_active\";i:1;s:10:\"created_at\";s:19:\"2025-11-22 16:37:49\";s:10:\"updated_at\";s:19:\"2025-11-22 16:37:49\";}s:10:\"\0*\0changes\";a:0:{}s:11:\"\0*\0previous\";a:0:{}s:8:\"\0*\0casts\";a:2:{s:9:\"is_active\";s:7:\"boolean\";s:5:\"order\";s:7:\"integer\";}s:17:\"\0*\0classCastCache\";a:0:{}s:21:\"\0*\0attributeCastCache\";a:0:{}s:13:\"\0*\0dateFormat\";N;s:10:\"\0*\0appends\";a:0:{}s:19:\"\0*\0dispatchesEvents\";a:0:{}s:14:\"\0*\0observables\";a:0:{}s:12:\"\0*\0relations\";a:0:{}s:10:\"\0*\0touches\";a:0:{}s:27:\"\0*\0relationAutoloadCallback\";N;s:26:\"\0*\0relationAutoloadContext\";N;s:10:\"timestamps\";b:1;s:13:\"usesUniqueIds\";b:0;s:9:\"\0*\0hidden\";a:0:{}s:10:\"\0*\0visible\";a:0:{}s:11:\"\0*\0fillable\";a:7:{i:0;s:5:\"title\";i:1;s:4:\"type\";i:2;s:7:\"content\";i:3;s:9:\"image_url\";i:4;s:4:\"link\";i:5;s:5:\"order\";i:6;s:9:\"is_active\";}s:10:\"\0*\0guarded\";a:1:{i:0;s:1:\"*\";}}}s:28:\"\0*\0escapeWhenCastingToString\";b:0;}',1776251365),('laravel-cache-global.sliders','O:39:\"Illuminate\\Database\\Eloquent\\Collection\":2:{s:8:\"\0*\0items\";a:3:{i:0;O:17:\"App\\Models\\Slider\":33:{s:13:\"\0*\0connection\";s:5:\"mysql\";s:8:\"\0*\0table\";s:7:\"sliders\";s:13:\"\0*\0primaryKey\";s:2:\"id\";s:10:\"\0*\0keyType\";s:3:\"int\";s:12:\"incrementing\";b:1;s:7:\"\0*\0with\";a:0:{}s:12:\"\0*\0withCount\";a:0:{}s:19:\"preventsLazyLoading\";b:0;s:10:\"\0*\0perPage\";i:15;s:6:\"exists\";b:1;s:18:\"wasRecentlyCreated\";b:0;s:28:\"\0*\0escapeWhenCastingToString\";b:0;s:13:\"\0*\0attributes\";a:10:{s:2:\"id\";i:5;s:5:\"title\";s:12:\"Science Fair\";s:9:\"image_url\";s:82:\"https://drive.google.com/file/d/1sE946CA5ZTaF4Ojqflxbt4_zPn-W62mk/view?usp=sharing\";s:4:\"link\";N;s:14:\"image_position\";s:6:\"center\";s:9:\"image_fit\";s:7:\"contain\";s:5:\"order\";i:0;s:9:\"is_active\";i:1;s:10:\"created_at\";s:19:\"2026-03-10 06:36:21\";s:10:\"updated_at\";s:19:\"2026-03-16 09:54:04\";}s:11:\"\0*\0original\";a:10:{s:2:\"id\";i:5;s:5:\"title\";s:12:\"Science Fair\";s:9:\"image_url\";s:82:\"https://drive.google.com/file/d/1sE946CA5ZTaF4Ojqflxbt4_zPn-W62mk/view?usp=sharing\";s:4:\"link\";N;s:14:\"image_position\";s:6:\"center\";s:9:\"image_fit\";s:7:\"contain\";s:5:\"order\";i:0;s:9:\"is_active\";i:1;s:10:\"created_at\";s:19:\"2026-03-10 06:36:21\";s:10:\"updated_at\";s:19:\"2026-03-16 09:54:04\";}s:10:\"\0*\0changes\";a:0:{}s:11:\"\0*\0previous\";a:0:{}s:8:\"\0*\0casts\";a:2:{s:9:\"is_active\";s:7:\"boolean\";s:5:\"order\";s:7:\"integer\";}s:17:\"\0*\0classCastCache\";a:0:{}s:21:\"\0*\0attributeCastCache\";a:0:{}s:13:\"\0*\0dateFormat\";N;s:10:\"\0*\0appends\";a:0:{}s:19:\"\0*\0dispatchesEvents\";a:0:{}s:14:\"\0*\0observables\";a:0:{}s:12:\"\0*\0relations\";a:0:{}s:10:\"\0*\0touches\";a:0:{}s:27:\"\0*\0relationAutoloadCallback\";N;s:26:\"\0*\0relationAutoloadContext\";N;s:10:\"timestamps\";b:1;s:13:\"usesUniqueIds\";b:0;s:9:\"\0*\0hidden\";a:0:{}s:10:\"\0*\0visible\";a:0:{}s:11:\"\0*\0fillable\";a:7:{i:0;s:5:\"title\";i:1;s:9:\"image_url\";i:2;s:4:\"link\";i:3;s:5:\"order\";i:4;s:9:\"is_active\";i:5;s:14:\"image_position\";i:6;s:9:\"image_fit\";}s:10:\"\0*\0guarded\";a:1:{i:0;s:1:\"*\";}}i:1;O:17:\"App\\Models\\Slider\":33:{s:13:\"\0*\0connection\";s:5:\"mysql\";s:8:\"\0*\0table\";s:7:\"sliders\";s:13:\"\0*\0primaryKey\";s:2:\"id\";s:10:\"\0*\0keyType\";s:3:\"int\";s:12:\"incrementing\";b:1;s:7:\"\0*\0with\";a:0:{}s:12:\"\0*\0withCount\";a:0:{}s:19:\"preventsLazyLoading\";b:0;s:10:\"\0*\0perPage\";i:15;s:6:\"exists\";b:1;s:18:\"wasRecentlyCreated\";b:0;s:28:\"\0*\0escapeWhenCastingToString\";b:0;s:13:\"\0*\0attributes\";a:10:{s:2:\"id\";i:6;s:5:\"title\";s:14:\"Champion House\";s:9:\"image_url\";s:82:\"https://drive.google.com/file/d/1hFZVM943jlIX2zxetLTEYeSvhnOOUPsQ/view?usp=sharing\";s:4:\"link\";N;s:14:\"image_position\";s:6:\"center\";s:9:\"image_fit\";s:7:\"contain\";s:5:\"order\";i:0;s:9:\"is_active\";i:1;s:10:\"created_at\";s:19:\"2026-03-16 09:55:49\";s:10:\"updated_at\";s:19:\"2026-03-16 09:55:49\";}s:11:\"\0*\0original\";a:10:{s:2:\"id\";i:6;s:5:\"title\";s:14:\"Champion House\";s:9:\"image_url\";s:82:\"https://drive.google.com/file/d/1hFZVM943jlIX2zxetLTEYeSvhnOOUPsQ/view?usp=sharing\";s:4:\"link\";N;s:14:\"image_position\";s:6:\"center\";s:9:\"image_fit\";s:7:\"contain\";s:5:\"order\";i:0;s:9:\"is_active\";i:1;s:10:\"created_at\";s:19:\"2026-03-16 09:55:49\";s:10:\"updated_at\";s:19:\"2026-03-16 09:55:49\";}s:10:\"\0*\0changes\";a:0:{}s:11:\"\0*\0previous\";a:0:{}s:8:\"\0*\0casts\";a:2:{s:9:\"is_active\";s:7:\"boolean\";s:5:\"order\";s:7:\"integer\";}s:17:\"\0*\0classCastCache\";a:0:{}s:21:\"\0*\0attributeCastCache\";a:0:{}s:13:\"\0*\0dateFormat\";N;s:10:\"\0*\0appends\";a:0:{}s:19:\"\0*\0dispatchesEvents\";a:0:{}s:14:\"\0*\0observables\";a:0:{}s:12:\"\0*\0relations\";a:0:{}s:10:\"\0*\0touches\";a:0:{}s:27:\"\0*\0relationAutoloadCallback\";N;s:26:\"\0*\0relationAutoloadContext\";N;s:10:\"timestamps\";b:1;s:13:\"usesUniqueIds\";b:0;s:9:\"\0*\0hidden\";a:0:{}s:10:\"\0*\0visible\";a:0:{}s:11:\"\0*\0fillable\";a:7:{i:0;s:5:\"title\";i:1;s:9:\"image_url\";i:2;s:4:\"link\";i:3;s:5:\"order\";i:4;s:9:\"is_active\";i:5;s:14:\"image_position\";i:6;s:9:\"image_fit\";}s:10:\"\0*\0guarded\";a:1:{i:0;s:1:\"*\";}}i:2;O:17:\"App\\Models\\Slider\":33:{s:13:\"\0*\0connection\";s:5:\"mysql\";s:8:\"\0*\0table\";s:7:\"sliders\";s:13:\"\0*\0primaryKey\";s:2:\"id\";s:10:\"\0*\0keyType\";s:3:\"int\";s:12:\"incrementing\";b:1;s:7:\"\0*\0with\";a:0:{}s:12:\"\0*\0withCount\";a:0:{}s:19:\"preventsLazyLoading\";b:0;s:10:\"\0*\0perPage\";i:15;s:6:\"exists\";b:1;s:18:\"wasRecentlyCreated\";b:0;s:28:\"\0*\0escapeWhenCastingToString\";b:0;s:13:\"\0*\0attributes\";a:10:{s:2:\"id\";i:1;s:5:\"title\";s:14:\"College Campus\";s:9:\"image_url\";s:82:\"https://drive.google.com/file/d/1Zg2u57qunWNrkt5yAi03qYjGfZGFkqUe/view?usp=sharing\";s:4:\"link\";N;s:14:\"image_position\";s:6:\"center\";s:9:\"image_fit\";s:5:\"cover\";s:5:\"order\";i:1;s:9:\"is_active\";i:1;s:10:\"created_at\";s:19:\"2025-11-22 10:42:45\";s:10:\"updated_at\";s:19:\"2026-03-16 09:54:50\";}s:11:\"\0*\0original\";a:10:{s:2:\"id\";i:1;s:5:\"title\";s:14:\"College Campus\";s:9:\"image_url\";s:82:\"https://drive.google.com/file/d/1Zg2u57qunWNrkt5yAi03qYjGfZGFkqUe/view?usp=sharing\";s:4:\"link\";N;s:14:\"image_position\";s:6:\"center\";s:9:\"image_fit\";s:5:\"cover\";s:5:\"order\";i:1;s:9:\"is_active\";i:1;s:10:\"created_at\";s:19:\"2025-11-22 10:42:45\";s:10:\"updated_at\";s:19:\"2026-03-16 09:54:50\";}s:10:\"\0*\0changes\";a:0:{}s:11:\"\0*\0previous\";a:0:{}s:8:\"\0*\0casts\";a:2:{s:9:\"is_active\";s:7:\"boolean\";s:5:\"order\";s:7:\"integer\";}s:17:\"\0*\0classCastCache\";a:0:{}s:21:\"\0*\0attributeCastCache\";a:0:{}s:13:\"\0*\0dateFormat\";N;s:10:\"\0*\0appends\";a:0:{}s:19:\"\0*\0dispatchesEvents\";a:0:{}s:14:\"\0*\0observables\";a:0:{}s:12:\"\0*\0relations\";a:0:{}s:10:\"\0*\0touches\";a:0:{}s:27:\"\0*\0relationAutoloadCallback\";N;s:26:\"\0*\0relationAutoloadContext\";N;s:10:\"timestamps\";b:1;s:13:\"usesUniqueIds\";b:0;s:9:\"\0*\0hidden\";a:0:{}s:10:\"\0*\0visible\";a:0:{}s:11:\"\0*\0fillable\";a:7:{i:0;s:5:\"title\";i:1;s:9:\"image_url\";i:2;s:4:\"link\";i:3;s:5:\"order\";i:4;s:9:\"is_active\";i:5;s:14:\"image_position\";i:6;s:9:\"image_fit\";}s:10:\"\0*\0guarded\";a:1:{i:0;s:1:\"*\";}}}s:28:\"\0*\0escapeWhenCastingToString\";b:0;}',1776251365),('laravel-cache-global.theme_settings','O:23:\"App\\Models\\ThemeSetting\":33:{s:13:\"\0*\0connection\";s:5:\"mysql\";s:8:\"\0*\0table\";s:14:\"theme_settings\";s:13:\"\0*\0primaryKey\";s:2:\"id\";s:10:\"\0*\0keyType\";s:3:\"int\";s:12:\"incrementing\";b:1;s:7:\"\0*\0with\";a:0:{}s:12:\"\0*\0withCount\";a:0:{}s:19:\"preventsLazyLoading\";b:0;s:10:\"\0*\0perPage\";i:15;s:6:\"exists\";b:1;s:18:\"wasRecentlyCreated\";b:0;s:28:\"\0*\0escapeWhenCastingToString\";b:0;s:13:\"\0*\0attributes\";a:31:{s:2:\"id\";i:1;s:17:\"homepage_template\";s:10:\"template_1\";s:13:\"sidebar_title\";s:25:\"তথ্য সমূহ\";s:17:\"news_events_title\";s:13:\"News & Events\";s:18:\"achievements_title\";s:16:\"Our Achievements\";s:17:\"all_notices_title\";s:6:\"Notice\";s:13:\"primary_color\";s:7:\"#134B50\";s:15:\"secondary_color\";s:7:\"#008776\";s:12:\"accent_color\";s:7:\"#e8f5e9\";s:10:\"text_color\";s:7:\"#212121\";s:10:\"link_color\";s:7:\"#00a883\";s:15:\"topbar_bg_color\";s:7:\"#00707d\";s:15:\"header_bg_color\";s:7:\"#003440\";s:15:\"navbar_bg_color\";s:7:\"#144D53\";s:18:\"navbar_hover_color\";s:22:\"rgba(255,255,255,0.15)\";s:15:\"footer_bg_color\";s:7:\"#003440\";s:22:\"footer_bottom_bg_color\";s:7:\"#00707d\";s:13:\"body_bg_color\";s:7:\"#e8f5e9\";s:15:\"ticker_bg_color\";s:7:\"#1A3C40\";s:17:\"ticker_text_color\";s:7:\"#f7dd12\";s:19:\"message_card_design\";s:5:\"solid\";s:21:\"message_card_bg_image\";s:44:\"message-cards/01KD8FEV6Y7DCAAY4GG2B1YKQD.png\";s:28:\"message_card_bg_image_gdrive\";s:82:\"https://drive.google.com/file/d/188f3e1cMyQWEzyduweYY5OY-mAEjEGy6/view?usp=sharing\";s:17:\"card_header_color\";s:7:\"#056b00\";s:20:\"card_name_text_color\";s:7:\"#006108\";s:27:\"card_designation_text_color\";s:7:\"#013003\";s:23:\"card_image_border_color\";s:7:\"#044001\";s:20:\"card_button_bg_color\";s:7:\"#00b89a\";s:22:\"card_button_text_color\";s:7:\"#ffffff\";s:10:\"created_at\";s:19:\"2025-11-22 23:45:32\";s:10:\"updated_at\";s:19:\"2026-03-25 05:34:37\";}s:11:\"\0*\0original\";a:31:{s:2:\"id\";i:1;s:17:\"homepage_template\";s:10:\"template_1\";s:13:\"sidebar_title\";s:25:\"তথ্য সমূহ\";s:17:\"news_events_title\";s:13:\"News & Events\";s:18:\"achievements_title\";s:16:\"Our Achievements\";s:17:\"all_notices_title\";s:6:\"Notice\";s:13:\"primary_color\";s:7:\"#134B50\";s:15:\"secondary_color\";s:7:\"#008776\";s:12:\"accent_color\";s:7:\"#e8f5e9\";s:10:\"text_color\";s:7:\"#212121\";s:10:\"link_color\";s:7:\"#00a883\";s:15:\"topbar_bg_color\";s:7:\"#00707d\";s:15:\"header_bg_color\";s:7:\"#003440\";s:15:\"navbar_bg_color\";s:7:\"#144D53\";s:18:\"navbar_hover_color\";s:22:\"rgba(255,255,255,0.15)\";s:15:\"footer_bg_color\";s:7:\"#003440\";s:22:\"footer_bottom_bg_color\";s:7:\"#00707d\";s:13:\"body_bg_color\";s:7:\"#e8f5e9\";s:15:\"ticker_bg_color\";s:7:\"#1A3C40\";s:17:\"ticker_text_color\";s:7:\"#f7dd12\";s:19:\"message_card_design\";s:5:\"solid\";s:21:\"message_card_bg_image\";s:44:\"message-cards/01KD8FEV6Y7DCAAY4GG2B1YKQD.png\";s:28:\"message_card_bg_image_gdrive\";s:82:\"https://drive.google.com/file/d/188f3e1cMyQWEzyduweYY5OY-mAEjEGy6/view?usp=sharing\";s:17:\"card_header_color\";s:7:\"#056b00\";s:20:\"card_name_text_color\";s:7:\"#006108\";s:27:\"card_designation_text_color\";s:7:\"#013003\";s:23:\"card_image_border_color\";s:7:\"#044001\";s:20:\"card_button_bg_color\";s:7:\"#00b89a\";s:22:\"card_button_text_color\";s:7:\"#ffffff\";s:10:\"created_at\";s:19:\"2025-11-22 23:45:32\";s:10:\"updated_at\";s:19:\"2026-03-25 05:34:37\";}s:10:\"\0*\0changes\";a:0:{}s:11:\"\0*\0previous\";a:0:{}s:8:\"\0*\0casts\";a:0:{}s:17:\"\0*\0classCastCache\";a:0:{}s:21:\"\0*\0attributeCastCache\";a:0:{}s:13:\"\0*\0dateFormat\";N;s:10:\"\0*\0appends\";a:0:{}s:19:\"\0*\0dispatchesEvents\";a:0:{}s:14:\"\0*\0observables\";a:0:{}s:12:\"\0*\0relations\";a:0:{}s:10:\"\0*\0touches\";a:0:{}s:27:\"\0*\0relationAutoloadCallback\";N;s:26:\"\0*\0relationAutoloadContext\";N;s:10:\"timestamps\";b:1;s:13:\"usesUniqueIds\";b:0;s:9:\"\0*\0hidden\";a:0:{}s:10:\"\0*\0visible\";a:0:{}s:11:\"\0*\0fillable\";a:28:{i:0;s:17:\"homepage_template\";i:1;s:13:\"sidebar_title\";i:2;s:17:\"news_events_title\";i:3;s:18:\"achievements_title\";i:4;s:17:\"all_notices_title\";i:5;s:13:\"primary_color\";i:6;s:15:\"secondary_color\";i:7;s:12:\"accent_color\";i:8;s:10:\"text_color\";i:9;s:10:\"link_color\";i:10;s:15:\"topbar_bg_color\";i:11;s:15:\"header_bg_color\";i:12;s:15:\"navbar_bg_color\";i:13;s:18:\"navbar_hover_color\";i:14;s:15:\"footer_bg_color\";i:15;s:22:\"footer_bottom_bg_color\";i:16;s:13:\"body_bg_color\";i:17;s:15:\"ticker_bg_color\";i:18;s:17:\"ticker_text_color\";i:19;s:19:\"message_card_design\";i:20;s:21:\"message_card_bg_image\";i:21;s:28:\"message_card_bg_image_gdrive\";i:22;s:17:\"card_header_color\";i:23;s:20:\"card_name_text_color\";i:24;s:27:\"card_designation_text_color\";i:25;s:23:\"card_image_border_color\";i:26;s:20:\"card_button_bg_color\";i:27;s:22:\"card_button_text_color\";}s:10:\"\0*\0guarded\";a:1:{i:0;s:1:\"*\";}}',1776251365),('laravel-cache-global.welcome_section','O:25:\"App\\Models\\WelcomeSection\":33:{s:13:\"\0*\0connection\";s:5:\"mysql\";s:8:\"\0*\0table\";s:16:\"welcome_sections\";s:13:\"\0*\0primaryKey\";s:2:\"id\";s:10:\"\0*\0keyType\";s:3:\"int\";s:12:\"incrementing\";b:1;s:7:\"\0*\0with\";a:0:{}s:12:\"\0*\0withCount\";a:0:{}s:19:\"preventsLazyLoading\";b:0;s:10:\"\0*\0perPage\";i:15;s:6:\"exists\";b:1;s:18:\"wasRecentlyCreated\";b:0;s:28:\"\0*\0escapeWhenCastingToString\";b:0;s:13:\"\0*\0attributes\";a:9:{s:2:\"id\";i:1;s:5:\"title\";s:53:\"Welcome to Dhaka Cantt Girls\' Public School & College\";s:7:\"content\";s:2318:\"Welcome to the website of Dhaka Cantonment Girls’ Public School and College. Our institution is dedicated to nurturing academically accomplished young women with highly developed interpersonal skills and a broad range of interests. We aim to equip our students to compete at the highest levels, both nationally and internationally, alongside the brightest and the best.\nWe are committed to providing excellent teaching and a dynamic program of extracurricular opportunities in a happy, vibrant atmosphere where every girl is encouraged to achieve her full potential. We value your feedback on our development and welcome any ideas for improvement. If you have suggestions, please email us and let us know.\n\nDhaka Cantonment Girls’ Public School & College is one of the most reputed institutions in Dhaka Cantonment. Nestled in a serene and picturesque environment, away from the hustle and bustle of the city, the college embarked on its journey in mid-2005.\nThe college offers both Bangla and English versions of study, allowing students to choose between Science and Business Studies. Each version has its own spacious building, including the pre-primary, school, and college sections. All classrooms are equipped with multimedia projectors and audio systems. Recently, a central public address system was installed for important announcements to students and teachers. Additionally, a large LED display has been installed in the college auditorium for conducting classes, presentations, and cultural programs.\nIn addition to ample classrooms, the college boasts four science laboratories and a well-stocked library. The two computer labs are fully air-conditioned and equipped with modern computers.\n\nThe institution supports extracurricular activities through its 14 clubs, including the Debate Club, English Language Club, Bangla Language and Literature Club, Arabic Language Club, Cultural Club, Sports Club, Science Club, Business Club, Math Olympiad Club, Nature Study Club, ICT Club, Art Club, Taekwondo Club, and Bangladesh National Cadet Corps club. Students are divided into four houses—Taramon Bibi House, Jahanara Imam House, Begum Rokeya House, and Begum Sufia Kamal House—for both academic and extracurricular activities. The institution has achieved remarkable success in a short span of time.\";s:9:\"image_url\";s:82:\"https://drive.google.com/file/d/1Zg2u57qunWNrkt5yAi03qYjGfZGFkqUe/view?usp=sharing\";s:11:\"button_text\";s:8:\"Details \";s:10:\"button_url\";s:29:\"https://bacpsc.edu.bd/details\";s:9:\"is_active\";i:1;s:10:\"created_at\";s:19:\"2025-11-22 19:33:10\";s:10:\"updated_at\";s:19:\"2026-03-16 10:25:55\";}s:11:\"\0*\0original\";a:9:{s:2:\"id\";i:1;s:5:\"title\";s:53:\"Welcome to Dhaka Cantt Girls\' Public School & College\";s:7:\"content\";s:2318:\"Welcome to the website of Dhaka Cantonment Girls’ Public School and College. Our institution is dedicated to nurturing academically accomplished young women with highly developed interpersonal skills and a broad range of interests. We aim to equip our students to compete at the highest levels, both nationally and internationally, alongside the brightest and the best.\nWe are committed to providing excellent teaching and a dynamic program of extracurricular opportunities in a happy, vibrant atmosphere where every girl is encouraged to achieve her full potential. We value your feedback on our development and welcome any ideas for improvement. If you have suggestions, please email us and let us know.\n\nDhaka Cantonment Girls’ Public School & College is one of the most reputed institutions in Dhaka Cantonment. Nestled in a serene and picturesque environment, away from the hustle and bustle of the city, the college embarked on its journey in mid-2005.\nThe college offers both Bangla and English versions of study, allowing students to choose between Science and Business Studies. Each version has its own spacious building, including the pre-primary, school, and college sections. All classrooms are equipped with multimedia projectors and audio systems. Recently, a central public address system was installed for important announcements to students and teachers. Additionally, a large LED display has been installed in the college auditorium for conducting classes, presentations, and cultural programs.\nIn addition to ample classrooms, the college boasts four science laboratories and a well-stocked library. The two computer labs are fully air-conditioned and equipped with modern computers.\n\nThe institution supports extracurricular activities through its 14 clubs, including the Debate Club, English Language Club, Bangla Language and Literature Club, Arabic Language Club, Cultural Club, Sports Club, Science Club, Business Club, Math Olympiad Club, Nature Study Club, ICT Club, Art Club, Taekwondo Club, and Bangladesh National Cadet Corps club. Students are divided into four houses—Taramon Bibi House, Jahanara Imam House, Begum Rokeya House, and Begum Sufia Kamal House—for both academic and extracurricular activities. The institution has achieved remarkable success in a short span of time.\";s:9:\"image_url\";s:82:\"https://drive.google.com/file/d/1Zg2u57qunWNrkt5yAi03qYjGfZGFkqUe/view?usp=sharing\";s:11:\"button_text\";s:8:\"Details \";s:10:\"button_url\";s:29:\"https://bacpsc.edu.bd/details\";s:9:\"is_active\";i:1;s:10:\"created_at\";s:19:\"2025-11-22 19:33:10\";s:10:\"updated_at\";s:19:\"2026-03-16 10:25:55\";}s:10:\"\0*\0changes\";a:0:{}s:11:\"\0*\0previous\";a:0:{}s:8:\"\0*\0casts\";a:1:{s:9:\"is_active\";s:7:\"boolean\";}s:17:\"\0*\0classCastCache\";a:0:{}s:21:\"\0*\0attributeCastCache\";a:0:{}s:13:\"\0*\0dateFormat\";N;s:10:\"\0*\0appends\";a:0:{}s:19:\"\0*\0dispatchesEvents\";a:0:{}s:14:\"\0*\0observables\";a:0:{}s:12:\"\0*\0relations\";a:0:{}s:10:\"\0*\0touches\";a:0:{}s:27:\"\0*\0relationAutoloadCallback\";N;s:26:\"\0*\0relationAutoloadContext\";N;s:10:\"timestamps\";b:1;s:13:\"usesUniqueIds\";b:0;s:9:\"\0*\0hidden\";a:0:{}s:10:\"\0*\0visible\";a:0:{}s:11:\"\0*\0fillable\";a:6:{i:0;s:5:\"title\";i:1;s:7:\"content\";i:2;s:9:\"image_url\";i:3;s:11:\"button_text\";i:4;s:10:\"button_url\";i:5;s:9:\"is_active\";}s:10:\"\0*\0guarded\";a:1:{i:0;s:1:\"*\";}}',1776251365),('laravel-cache-homepage.achievements','O:39:\"Illuminate\\Database\\Eloquent\\Collection\":2:{s:8:\"\0*\0items\";a:3:{i:0;O:22:\"App\\Models\\Achievement\":33:{s:13:\"\0*\0connection\";s:5:\"mysql\";s:8:\"\0*\0table\";s:12:\"achievements\";s:13:\"\0*\0primaryKey\";s:2:\"id\";s:10:\"\0*\0keyType\";s:3:\"int\";s:12:\"incrementing\";b:1;s:7:\"\0*\0with\";a:0:{}s:12:\"\0*\0withCount\";a:0:{}s:19:\"preventsLazyLoading\";b:0;s:10:\"\0*\0perPage\";i:15;s:6:\"exists\";b:1;s:18:\"wasRecentlyCreated\";b:0;s:28:\"\0*\0escapeWhenCastingToString\";b:0;s:13:\"\0*\0attributes\";a:6:{s:2:\"id\";i:10;s:5:\"title\";s:33:\"Champion in Debate for Democracy!\";s:4:\"slug\";s:32:\"champion-in-debate-for-democracy\";s:7:\"excerpt\";N;s:9:\"image_url\";s:82:\"https://drive.google.com/file/d/1mfT1C2Fk3No-08x0PVzjo5zjwYesiynU/view?usp=sharing\";s:12:\"published_at\";s:19:\"2025-02-23 05:37:07\";}s:11:\"\0*\0original\";a:6:{s:2:\"id\";i:10;s:5:\"title\";s:33:\"Champion in Debate for Democracy!\";s:4:\"slug\";s:32:\"champion-in-debate-for-democracy\";s:7:\"excerpt\";N;s:9:\"image_url\";s:82:\"https://drive.google.com/file/d/1mfT1C2Fk3No-08x0PVzjo5zjwYesiynU/view?usp=sharing\";s:12:\"published_at\";s:19:\"2025-02-23 05:37:07\";}s:10:\"\0*\0changes\";a:0:{}s:11:\"\0*\0previous\";a:0:{}s:8:\"\0*\0casts\";a:3:{s:9:\"is_active\";s:7:\"boolean\";s:12:\"published_at\";s:8:\"datetime\";s:17:\"additional_images\";s:5:\"array\";}s:17:\"\0*\0classCastCache\";a:0:{}s:21:\"\0*\0attributeCastCache\";a:0:{}s:13:\"\0*\0dateFormat\";N;s:10:\"\0*\0appends\";a:0:{}s:19:\"\0*\0dispatchesEvents\";a:0:{}s:14:\"\0*\0observables\";a:0:{}s:12:\"\0*\0relations\";a:0:{}s:10:\"\0*\0touches\";a:0:{}s:27:\"\0*\0relationAutoloadCallback\";N;s:26:\"\0*\0relationAutoloadContext\";N;s:10:\"timestamps\";b:1;s:13:\"usesUniqueIds\";b:0;s:9:\"\0*\0hidden\";a:0:{}s:10:\"\0*\0visible\";a:0:{}s:11:\"\0*\0fillable\";a:11:{i:0;s:5:\"title\";i:1;s:4:\"slug\";i:2;s:7:\"excerpt\";i:3;s:7:\"content\";i:4;s:24:\"google_drive_folder_link\";i:5;s:9:\"image_url\";i:6;s:17:\"additional_images\";i:7;s:6:\"author\";i:8;s:9:\"is_active\";i:9;s:12:\"published_at\";i:10;s:5:\"order\";}s:10:\"\0*\0guarded\";a:1:{i:0;s:1:\"*\";}}i:1;O:22:\"App\\Models\\Achievement\":33:{s:13:\"\0*\0connection\";s:5:\"mysql\";s:8:\"\0*\0table\";s:12:\"achievements\";s:13:\"\0*\0primaryKey\";s:2:\"id\";s:10:\"\0*\0keyType\";s:3:\"int\";s:12:\"incrementing\";b:1;s:7:\"\0*\0with\";a:0:{}s:12:\"\0*\0withCount\";a:0:{}s:19:\"preventsLazyLoading\";b:0;s:10:\"\0*\0perPage\";i:15;s:6:\"exists\";b:1;s:18:\"wasRecentlyCreated\";b:0;s:28:\"\0*\0escapeWhenCastingToString\";b:0;s:13:\"\0*\0attributes\";a:6:{s:2:\"id\";i:11;s:5:\"title\";s:39:\"National Champion in Wildlife Olympiad!\";s:4:\"slug\";s:38:\"national-champion-in-wildlife-olympiad\";s:7:\"excerpt\";N;s:9:\"image_url\";s:82:\"https://drive.google.com/file/d/1BKEveMoZvlg9DsGp5nlK-3frE0UzTmc9/view?usp=sharing\";s:12:\"published_at\";s:19:\"2024-11-10 00:38:20\";}s:11:\"\0*\0original\";a:6:{s:2:\"id\";i:11;s:5:\"title\";s:39:\"National Champion in Wildlife Olympiad!\";s:4:\"slug\";s:38:\"national-champion-in-wildlife-olympiad\";s:7:\"excerpt\";N;s:9:\"image_url\";s:82:\"https://drive.google.com/file/d/1BKEveMoZvlg9DsGp5nlK-3frE0UzTmc9/view?usp=sharing\";s:12:\"published_at\";s:19:\"2024-11-10 00:38:20\";}s:10:\"\0*\0changes\";a:0:{}s:11:\"\0*\0previous\";a:0:{}s:8:\"\0*\0casts\";a:3:{s:9:\"is_active\";s:7:\"boolean\";s:12:\"published_at\";s:8:\"datetime\";s:17:\"additional_images\";s:5:\"array\";}s:17:\"\0*\0classCastCache\";a:0:{}s:21:\"\0*\0attributeCastCache\";a:0:{}s:13:\"\0*\0dateFormat\";N;s:10:\"\0*\0appends\";a:0:{}s:19:\"\0*\0dispatchesEvents\";a:0:{}s:14:\"\0*\0observables\";a:0:{}s:12:\"\0*\0relations\";a:0:{}s:10:\"\0*\0touches\";a:0:{}s:27:\"\0*\0relationAutoloadCallback\";N;s:26:\"\0*\0relationAutoloadContext\";N;s:10:\"timestamps\";b:1;s:13:\"usesUniqueIds\";b:0;s:9:\"\0*\0hidden\";a:0:{}s:10:\"\0*\0visible\";a:0:{}s:11:\"\0*\0fillable\";a:11:{i:0;s:5:\"title\";i:1;s:4:\"slug\";i:2;s:7:\"excerpt\";i:3;s:7:\"content\";i:4;s:24:\"google_drive_folder_link\";i:5;s:9:\"image_url\";i:6;s:17:\"additional_images\";i:7;s:6:\"author\";i:8;s:9:\"is_active\";i:9;s:12:\"published_at\";i:10;s:5:\"order\";}s:10:\"\0*\0guarded\";a:1:{i:0;s:1:\"*\";}}i:2;O:22:\"App\\Models\\Achievement\":33:{s:13:\"\0*\0connection\";s:5:\"mysql\";s:8:\"\0*\0table\";s:12:\"achievements\";s:13:\"\0*\0primaryKey\";s:2:\"id\";s:10:\"\0*\0keyType\";s:3:\"int\";s:12:\"incrementing\";b:1;s:7:\"\0*\0with\";a:0:{}s:12:\"\0*\0withCount\";a:0:{}s:19:\"preventsLazyLoading\";b:0;s:10:\"\0*\0perPage\";i:15;s:6:\"exists\";b:1;s:18:\"wasRecentlyCreated\";b:0;s:28:\"\0*\0escapeWhenCastingToString\";b:0;s:13:\"\0*\0attributes\";a:6:{s:2:\"id\";i:12;s:5:\"title\";s:31:\"Outstanding Result in HSC 2024!\";s:4:\"slug\";s:30:\"outstanding-result-in-hsc-2024\";s:7:\"excerpt\";N;s:9:\"image_url\";s:82:\"https://drive.google.com/file/d/1ydTYVMiipFx7sZTGYam9qhVH2ZgKQPqH/view?usp=sharing\";s:12:\"published_at\";s:19:\"2024-10-15 05:40:23\";}s:11:\"\0*\0original\";a:6:{s:2:\"id\";i:12;s:5:\"title\";s:31:\"Outstanding Result in HSC 2024!\";s:4:\"slug\";s:30:\"outstanding-result-in-hsc-2024\";s:7:\"excerpt\";N;s:9:\"image_url\";s:82:\"https://drive.google.com/file/d/1ydTYVMiipFx7sZTGYam9qhVH2ZgKQPqH/view?usp=sharing\";s:12:\"published_at\";s:19:\"2024-10-15 05:40:23\";}s:10:\"\0*\0changes\";a:0:{}s:11:\"\0*\0previous\";a:0:{}s:8:\"\0*\0casts\";a:3:{s:9:\"is_active\";s:7:\"boolean\";s:12:\"published_at\";s:8:\"datetime\";s:17:\"additional_images\";s:5:\"array\";}s:17:\"\0*\0classCastCache\";a:0:{}s:21:\"\0*\0attributeCastCache\";a:0:{}s:13:\"\0*\0dateFormat\";N;s:10:\"\0*\0appends\";a:0:{}s:19:\"\0*\0dispatchesEvents\";a:0:{}s:14:\"\0*\0observables\";a:0:{}s:12:\"\0*\0relations\";a:0:{}s:10:\"\0*\0touches\";a:0:{}s:27:\"\0*\0relationAutoloadCallback\";N;s:26:\"\0*\0relationAutoloadContext\";N;s:10:\"timestamps\";b:1;s:13:\"usesUniqueIds\";b:0;s:9:\"\0*\0hidden\";a:0:{}s:10:\"\0*\0visible\";a:0:{}s:11:\"\0*\0fillable\";a:11:{i:0;s:5:\"title\";i:1;s:4:\"slug\";i:2;s:7:\"excerpt\";i:3;s:7:\"content\";i:4;s:24:\"google_drive_folder_link\";i:5;s:9:\"image_url\";i:6;s:17:\"additional_images\";i:7;s:6:\"author\";i:8;s:9:\"is_active\";i:9;s:12:\"published_at\";i:10;s:5:\"order\";}s:10:\"\0*\0guarded\";a:1:{i:0;s:1:\"*\";}}}s:28:\"\0*\0escapeWhenCastingToString\";b:0;}',1776248781),('laravel-cache-homepage.messages','O:39:\"Illuminate\\Database\\Eloquent\\Collection\":2:{s:8:\"\0*\0items\";a:2:{i:0;O:18:\"App\\Models\\Message\":33:{s:13:\"\0*\0connection\";s:5:\"mysql\";s:8:\"\0*\0table\";s:8:\"messages\";s:13:\"\0*\0primaryKey\";s:2:\"id\";s:10:\"\0*\0keyType\";s:3:\"int\";s:12:\"incrementing\";b:1;s:7:\"\0*\0with\";a:0:{}s:12:\"\0*\0withCount\";a:0:{}s:19:\"preventsLazyLoading\";b:0;s:10:\"\0*\0perPage\";i:15;s:6:\"exists\";b:1;s:18:\"wasRecentlyCreated\";b:0;s:28:\"\0*\0escapeWhenCastingToString\";b:0;s:13:\"\0*\0attributes\";a:6:{s:2:\"id\";i:5;s:4:\"name\";s:31:\"Brig Gen Kazi Mustafizur Rahman\";s:11:\"designation\";s:13:\"SPP, ndc, psc\";s:7:\"message\";s:1369:\"Of being felt the necessity of inserting this message in our web page, I, as the new chairman, governing body of the institution, would say, this institution values the mankind first, respects the genuineness and made the students learn to face the hurdles and to become successful in life. I know the brilliant faculty members who are dedicated to their professionalism and commitment to be a part of the vibrant team of this Alma Mater.\n\nThis institution has a passionate focus on a values-based education that instills honesty, integrity, strong core of tenacity, self-respect, self-belief, compassion and mutual respect into all the students. Those treasures will embellish their capability to contribute beyond the institution into the wider community.\n\nTo attain this noble vision this institution maintain inclusive learning-teaching environment through intensive and effective care exerted to every individual student. Ostensibly, the academic results in recent years reflect its concerted endeavour to materialize her prodigious vision.\n\nThis institution is determined with its unprejudiced, altruistic, inexorable and voluntary approach to improve the professional competence and the development of women in and through our education programs. May Allah continue to bless us and our sacred vision and objective come into reality adorned in our heart and soul.\";s:9:\"image_url\";s:82:\"https://drive.google.com/file/d/1t3hzSL0QTEa3mNzGwa5-enEqwhXw6L8w/view?usp=sharing\";s:5:\"order\";i:1;}s:11:\"\0*\0original\";a:6:{s:2:\"id\";i:5;s:4:\"name\";s:31:\"Brig Gen Kazi Mustafizur Rahman\";s:11:\"designation\";s:13:\"SPP, ndc, psc\";s:7:\"message\";s:1369:\"Of being felt the necessity of inserting this message in our web page, I, as the new chairman, governing body of the institution, would say, this institution values the mankind first, respects the genuineness and made the students learn to face the hurdles and to become successful in life. I know the brilliant faculty members who are dedicated to their professionalism and commitment to be a part of the vibrant team of this Alma Mater.\n\nThis institution has a passionate focus on a values-based education that instills honesty, integrity, strong core of tenacity, self-respect, self-belief, compassion and mutual respect into all the students. Those treasures will embellish their capability to contribute beyond the institution into the wider community.\n\nTo attain this noble vision this institution maintain inclusive learning-teaching environment through intensive and effective care exerted to every individual student. Ostensibly, the academic results in recent years reflect its concerted endeavour to materialize her prodigious vision.\n\nThis institution is determined with its unprejudiced, altruistic, inexorable and voluntary approach to improve the professional competence and the development of women in and through our education programs. May Allah continue to bless us and our sacred vision and objective come into reality adorned in our heart and soul.\";s:9:\"image_url\";s:82:\"https://drive.google.com/file/d/1t3hzSL0QTEa3mNzGwa5-enEqwhXw6L8w/view?usp=sharing\";s:5:\"order\";i:1;}s:10:\"\0*\0changes\";a:0:{}s:11:\"\0*\0previous\";a:0:{}s:8:\"\0*\0casts\";a:3:{s:9:\"is_active\";s:7:\"boolean\";s:5:\"order\";s:7:\"integer\";s:5:\"style\";s:5:\"array\";}s:17:\"\0*\0classCastCache\";a:0:{}s:21:\"\0*\0attributeCastCache\";a:0:{}s:13:\"\0*\0dateFormat\";N;s:10:\"\0*\0appends\";a:0:{}s:19:\"\0*\0dispatchesEvents\";a:0:{}s:14:\"\0*\0observables\";a:0:{}s:12:\"\0*\0relations\";a:0:{}s:10:\"\0*\0touches\";a:0:{}s:27:\"\0*\0relationAutoloadCallback\";N;s:26:\"\0*\0relationAutoloadContext\";N;s:10:\"timestamps\";b:1;s:13:\"usesUniqueIds\";b:0;s:9:\"\0*\0hidden\";a:0:{}s:10:\"\0*\0visible\";a:0:{}s:11:\"\0*\0fillable\";a:11:{i:0;s:4:\"type\";i:1;s:4:\"name\";i:2;s:5:\"title\";i:3;s:4:\"slug\";i:4;s:11:\"designation\";i:5;s:9:\"image_url\";i:6;s:7:\"message\";i:7;s:4:\"link\";i:8;s:5:\"style\";i:9;s:5:\"order\";i:10;s:9:\"is_active\";}s:10:\"\0*\0guarded\";a:1:{i:0;s:1:\"*\";}}i:1;O:18:\"App\\Models\\Message\":33:{s:13:\"\0*\0connection\";s:5:\"mysql\";s:8:\"\0*\0table\";s:8:\"messages\";s:13:\"\0*\0primaryKey\";s:2:\"id\";s:10:\"\0*\0keyType\";s:3:\"int\";s:12:\"incrementing\";b:1;s:7:\"\0*\0with\";a:0:{}s:12:\"\0*\0withCount\";a:0:{}s:19:\"preventsLazyLoading\";b:0;s:10:\"\0*\0perPage\";i:15;s:6:\"exists\";b:1;s:18:\"wasRecentlyCreated\";b:0;s:28:\"\0*\0escapeWhenCastingToString\";b:0;s:13:\"\0*\0attributes\";a:6:{s:2:\"id\";i:6;s:4:\"name\";s:25:\"Col Md Mamun Azad Salehin\";s:11:\"designation\";s:9:\"afwc, psc\";s:7:\"message\";s:1739:\"Dhaka Cantonment Girls’ School and College with its rich legacy of nurturing young minds, stands as a beacon of enlightenment and progress in our community. Education is the key to empowerment and transformation. We are committed to leading our institution towards greater heights of excellence and innovation.\n\nIn today\'s fast-paced world, it is imperative that we equip our students with the necessary tools and skills to thrive in the digital age. Through the integration of technology into our teaching and learning processes, we aim to enhance the educational experience and empower our students to become lifelong learners.\n\nFurthermore, our commitment to promoting gender equality and empowerment remains unwavering. With a student body comprising bright young girls from Nursery to Class 12, we are dedicated to fostering an environment where each student can reach her full potential and emerge as a confident, enlightened individual.\n\nAt the heart of our mission lies the goal of nurturing not just academically successful individuals, but also compassionate, socially responsible citizens. We strive to instill in our students the values of tolerance, respect, and inclusivity, thus shaping them into modern, secular citizens who are capable of contributing positively to society.\n\nAs we embark on this journey together, I invite all stakeholders – students, parents, teachers, and staff members – to join hands in realizing our collective vision for the school. Let us work together to create a learning environment that is dynamic, inclusive, and conducive to the holistic development of every student. Together, let us spread the light of knowledge and empowerment, and pave the way for a brighter future for our girls.\";s:9:\"image_url\";s:82:\"https://drive.google.com/file/d/1n2TqEQgQCNmO4cmH68jcLRT0wMYb99lV/view?usp=sharing\";s:5:\"order\";i:2;}s:11:\"\0*\0original\";a:6:{s:2:\"id\";i:6;s:4:\"name\";s:25:\"Col Md Mamun Azad Salehin\";s:11:\"designation\";s:9:\"afwc, psc\";s:7:\"message\";s:1739:\"Dhaka Cantonment Girls’ School and College with its rich legacy of nurturing young minds, stands as a beacon of enlightenment and progress in our community. Education is the key to empowerment and transformation. We are committed to leading our institution towards greater heights of excellence and innovation.\n\nIn today\'s fast-paced world, it is imperative that we equip our students with the necessary tools and skills to thrive in the digital age. Through the integration of technology into our teaching and learning processes, we aim to enhance the educational experience and empower our students to become lifelong learners.\n\nFurthermore, our commitment to promoting gender equality and empowerment remains unwavering. With a student body comprising bright young girls from Nursery to Class 12, we are dedicated to fostering an environment where each student can reach her full potential and emerge as a confident, enlightened individual.\n\nAt the heart of our mission lies the goal of nurturing not just academically successful individuals, but also compassionate, socially responsible citizens. We strive to instill in our students the values of tolerance, respect, and inclusivity, thus shaping them into modern, secular citizens who are capable of contributing positively to society.\n\nAs we embark on this journey together, I invite all stakeholders – students, parents, teachers, and staff members – to join hands in realizing our collective vision for the school. Let us work together to create a learning environment that is dynamic, inclusive, and conducive to the holistic development of every student. Together, let us spread the light of knowledge and empowerment, and pave the way for a brighter future for our girls.\";s:9:\"image_url\";s:82:\"https://drive.google.com/file/d/1n2TqEQgQCNmO4cmH68jcLRT0wMYb99lV/view?usp=sharing\";s:5:\"order\";i:2;}s:10:\"\0*\0changes\";a:0:{}s:11:\"\0*\0previous\";a:0:{}s:8:\"\0*\0casts\";a:3:{s:9:\"is_active\";s:7:\"boolean\";s:5:\"order\";s:7:\"integer\";s:5:\"style\";s:5:\"array\";}s:17:\"\0*\0classCastCache\";a:0:{}s:21:\"\0*\0attributeCastCache\";a:0:{}s:13:\"\0*\0dateFormat\";N;s:10:\"\0*\0appends\";a:0:{}s:19:\"\0*\0dispatchesEvents\";a:0:{}s:14:\"\0*\0observables\";a:0:{}s:12:\"\0*\0relations\";a:0:{}s:10:\"\0*\0touches\";a:0:{}s:27:\"\0*\0relationAutoloadCallback\";N;s:26:\"\0*\0relationAutoloadContext\";N;s:10:\"timestamps\";b:1;s:13:\"usesUniqueIds\";b:0;s:9:\"\0*\0hidden\";a:0:{}s:10:\"\0*\0visible\";a:0:{}s:11:\"\0*\0fillable\";a:11:{i:0;s:4:\"type\";i:1;s:4:\"name\";i:2;s:5:\"title\";i:3;s:4:\"slug\";i:4;s:11:\"designation\";i:5;s:9:\"image_url\";i:6;s:7:\"message\";i:7;s:4:\"link\";i:8;s:5:\"style\";i:9;s:5:\"order\";i:10;s:9:\"is_active\";}s:10:\"\0*\0guarded\";a:1:{i:0;s:1:\"*\";}}}s:28:\"\0*\0escapeWhenCastingToString\";b:0;}',1776250581),('laravel-cache-homepage.news_events','O:39:\"Illuminate\\Database\\Eloquent\\Collection\":2:{s:8:\"\0*\0items\";a:3:{i:0;O:20:\"App\\Models\\NewsEvent\":33:{s:13:\"\0*\0connection\";s:5:\"mysql\";s:8:\"\0*\0table\";s:11:\"news_events\";s:13:\"\0*\0primaryKey\";s:2:\"id\";s:10:\"\0*\0keyType\";s:3:\"int\";s:12:\"incrementing\";b:1;s:7:\"\0*\0with\";a:0:{}s:12:\"\0*\0withCount\";a:0:{}s:19:\"preventsLazyLoading\";b:0;s:10:\"\0*\0perPage\";i:15;s:6:\"exists\";b:1;s:18:\"wasRecentlyCreated\";b:0;s:28:\"\0*\0escapeWhenCastingToString\";b:0;s:13:\"\0*\0attributes\";a:6:{s:2:\"id\";i:20;s:5:\"title\";s:7:\"Testing\";s:4:\"slug\";s:7:\"testing\";s:7:\"excerpt\";N;s:9:\"image_url\";s:115:\"https://pub-ef1e6cb91a354191aada31be868abf78.r2.dev/news-events/inshot-20250919-194143554-scaled-20260411080825.jpg\";s:12:\"published_at\";s:19:\"2026-04-11 08:07:46\";}s:11:\"\0*\0original\";a:6:{s:2:\"id\";i:20;s:5:\"title\";s:7:\"Testing\";s:4:\"slug\";s:7:\"testing\";s:7:\"excerpt\";N;s:9:\"image_url\";s:115:\"https://pub-ef1e6cb91a354191aada31be868abf78.r2.dev/news-events/inshot-20250919-194143554-scaled-20260411080825.jpg\";s:12:\"published_at\";s:19:\"2026-04-11 08:07:46\";}s:10:\"\0*\0changes\";a:0:{}s:11:\"\0*\0previous\";a:0:{}s:8:\"\0*\0casts\";a:3:{s:9:\"is_active\";s:7:\"boolean\";s:12:\"published_at\";s:8:\"datetime\";s:17:\"additional_images\";s:5:\"array\";}s:17:\"\0*\0classCastCache\";a:0:{}s:21:\"\0*\0attributeCastCache\";a:0:{}s:13:\"\0*\0dateFormat\";N;s:10:\"\0*\0appends\";a:0:{}s:19:\"\0*\0dispatchesEvents\";a:0:{}s:14:\"\0*\0observables\";a:0:{}s:12:\"\0*\0relations\";a:0:{}s:10:\"\0*\0touches\";a:0:{}s:27:\"\0*\0relationAutoloadCallback\";N;s:26:\"\0*\0relationAutoloadContext\";N;s:10:\"timestamps\";b:1;s:13:\"usesUniqueIds\";b:0;s:9:\"\0*\0hidden\";a:0:{}s:10:\"\0*\0visible\";a:0:{}s:11:\"\0*\0fillable\";a:9:{i:0;s:5:\"title\";i:1;s:4:\"slug\";i:2;s:7:\"excerpt\";i:3;s:7:\"content\";i:4;s:9:\"image_url\";i:5;s:17:\"additional_images\";i:6;s:6:\"author\";i:7;s:9:\"is_active\";i:8;s:12:\"published_at\";}s:10:\"\0*\0guarded\";a:1:{i:0;s:1:\"*\";}}i:1;O:20:\"App\\Models\\NewsEvent\":33:{s:13:\"\0*\0connection\";s:5:\"mysql\";s:8:\"\0*\0table\";s:11:\"news_events\";s:13:\"\0*\0primaryKey\";s:2:\"id\";s:10:\"\0*\0keyType\";s:3:\"int\";s:12:\"incrementing\";b:1;s:7:\"\0*\0with\";a:0:{}s:12:\"\0*\0withCount\";a:0:{}s:19:\"preventsLazyLoading\";b:0;s:10:\"\0*\0perPage\";i:15;s:6:\"exists\";b:1;s:18:\"wasRecentlyCreated\";b:0;s:28:\"\0*\0escapeWhenCastingToString\";b:0;s:13:\"\0*\0attributes\";a:6:{s:2:\"id\";i:19;s:5:\"title\";s:14:\"Testing Bucket\";s:4:\"slug\";s:14:\"testing-bucket\";s:7:\"excerpt\";N;s:9:\"image_url\";s:97:\"https://pub-ef1e6cb91a354191aada31be868abf78.r2.dev/news-events/panchogarh-new-20260411071308.png\";s:12:\"published_at\";s:19:\"2026-04-11 07:01:02\";}s:11:\"\0*\0original\";a:6:{s:2:\"id\";i:19;s:5:\"title\";s:14:\"Testing Bucket\";s:4:\"slug\";s:14:\"testing-bucket\";s:7:\"excerpt\";N;s:9:\"image_url\";s:97:\"https://pub-ef1e6cb91a354191aada31be868abf78.r2.dev/news-events/panchogarh-new-20260411071308.png\";s:12:\"published_at\";s:19:\"2026-04-11 07:01:02\";}s:10:\"\0*\0changes\";a:0:{}s:11:\"\0*\0previous\";a:0:{}s:8:\"\0*\0casts\";a:3:{s:9:\"is_active\";s:7:\"boolean\";s:12:\"published_at\";s:8:\"datetime\";s:17:\"additional_images\";s:5:\"array\";}s:17:\"\0*\0classCastCache\";a:0:{}s:21:\"\0*\0attributeCastCache\";a:0:{}s:13:\"\0*\0dateFormat\";N;s:10:\"\0*\0appends\";a:0:{}s:19:\"\0*\0dispatchesEvents\";a:0:{}s:14:\"\0*\0observables\";a:0:{}s:12:\"\0*\0relations\";a:0:{}s:10:\"\0*\0touches\";a:0:{}s:27:\"\0*\0relationAutoloadCallback\";N;s:26:\"\0*\0relationAutoloadContext\";N;s:10:\"timestamps\";b:1;s:13:\"usesUniqueIds\";b:0;s:9:\"\0*\0hidden\";a:0:{}s:10:\"\0*\0visible\";a:0:{}s:11:\"\0*\0fillable\";a:9:{i:0;s:5:\"title\";i:1;s:4:\"slug\";i:2;s:7:\"excerpt\";i:3;s:7:\"content\";i:4;s:9:\"image_url\";i:5;s:17:\"additional_images\";i:6;s:6:\"author\";i:7;s:9:\"is_active\";i:8;s:12:\"published_at\";}s:10:\"\0*\0guarded\";a:1:{i:0;s:1:\"*\";}}i:2;O:20:\"App\\Models\\NewsEvent\":33:{s:13:\"\0*\0connection\";s:5:\"mysql\";s:8:\"\0*\0table\";s:11:\"news_events\";s:13:\"\0*\0primaryKey\";s:2:\"id\";s:10:\"\0*\0keyType\";s:3:\"int\";s:12:\"incrementing\";b:1;s:7:\"\0*\0with\";a:0:{}s:12:\"\0*\0withCount\";a:0:{}s:19:\"preventsLazyLoading\";b:0;s:10:\"\0*\0perPage\";i:15;s:6:\"exists\";b:1;s:18:\"wasRecentlyCreated\";b:0;s:28:\"\0*\0escapeWhenCastingToString\";b:0;s:13:\"\0*\0attributes\";a:6:{s:2:\"id\";i:13;s:5:\"title\";s:69:\"21 February, Shahid Dibosh, and Internal Mother Language Day Observed\";s:4:\"slug\";s:67:\"21-february-shahid-dibosh-and-internal-mother-language-day-observed\";s:7:\"excerpt\";N;s:9:\"image_url\";s:82:\"https://drive.google.com/file/d/1AZhPN1qZvuMsEcGAVgskEaXLFqZJ2K-X/view?usp=sharing\";s:12:\"published_at\";s:19:\"2026-03-31 04:03:33\";}s:11:\"\0*\0original\";a:6:{s:2:\"id\";i:13;s:5:\"title\";s:69:\"21 February, Shahid Dibosh, and Internal Mother Language Day Observed\";s:4:\"slug\";s:67:\"21-february-shahid-dibosh-and-internal-mother-language-day-observed\";s:7:\"excerpt\";N;s:9:\"image_url\";s:82:\"https://drive.google.com/file/d/1AZhPN1qZvuMsEcGAVgskEaXLFqZJ2K-X/view?usp=sharing\";s:12:\"published_at\";s:19:\"2026-03-31 04:03:33\";}s:10:\"\0*\0changes\";a:0:{}s:11:\"\0*\0previous\";a:0:{}s:8:\"\0*\0casts\";a:3:{s:9:\"is_active\";s:7:\"boolean\";s:12:\"published_at\";s:8:\"datetime\";s:17:\"additional_images\";s:5:\"array\";}s:17:\"\0*\0classCastCache\";a:0:{}s:21:\"\0*\0attributeCastCache\";a:0:{}s:13:\"\0*\0dateFormat\";N;s:10:\"\0*\0appends\";a:0:{}s:19:\"\0*\0dispatchesEvents\";a:0:{}s:14:\"\0*\0observables\";a:0:{}s:12:\"\0*\0relations\";a:0:{}s:10:\"\0*\0touches\";a:0:{}s:27:\"\0*\0relationAutoloadCallback\";N;s:26:\"\0*\0relationAutoloadContext\";N;s:10:\"timestamps\";b:1;s:13:\"usesUniqueIds\";b:0;s:9:\"\0*\0hidden\";a:0:{}s:10:\"\0*\0visible\";a:0:{}s:11:\"\0*\0fillable\";a:9:{i:0;s:5:\"title\";i:1;s:4:\"slug\";i:2;s:7:\"excerpt\";i:3;s:7:\"content\";i:4;s:9:\"image_url\";i:5;s:17:\"additional_images\";i:6;s:6:\"author\";i:7;s:9:\"is_active\";i:8;s:12:\"published_at\";}s:10:\"\0*\0guarded\";a:1:{i:0;s:1:\"*\";}}}s:28:\"\0*\0escapeWhenCastingToString\";b:0;}',1776248781),('laravel-cache-homepage.notices','O:39:\"Illuminate\\Database\\Eloquent\\Collection\":2:{s:8:\"\0*\0items\";a:5:{i:0;O:17:\"App\\Models\\Notice\":33:{s:13:\"\0*\0connection\";s:5:\"mysql\";s:8:\"\0*\0table\";s:7:\"notices\";s:13:\"\0*\0primaryKey\";s:2:\"id\";s:10:\"\0*\0keyType\";s:3:\"int\";s:12:\"incrementing\";b:1;s:7:\"\0*\0with\";a:0:{}s:12:\"\0*\0withCount\";a:0:{}s:19:\"preventsLazyLoading\";b:0;s:10:\"\0*\0perPage\";i:15;s:6:\"exists\";b:1;s:18:\"wasRecentlyCreated\";b:0;s:28:\"\0*\0escapeWhenCastingToString\";b:0;s:13:\"\0*\0attributes\";a:6:{s:2:\"id\";i:34;s:5:\"title\";s:42:\"Recruitment Exam Result has been Published\";s:4:\"file\";s:102:\"https://pub-ef1e6cb91a354191aada31be868abf78.r2.dev/notices/03-12-2025-1764748675-1-20260415081629.pdf\";s:4:\"link\";N;s:7:\"page_id\";i:63;s:12:\"published_at\";s:19:\"2026-04-15 08:15:57\";}s:11:\"\0*\0original\";a:6:{s:2:\"id\";i:34;s:5:\"title\";s:42:\"Recruitment Exam Result has been Published\";s:4:\"file\";s:102:\"https://pub-ef1e6cb91a354191aada31be868abf78.r2.dev/notices/03-12-2025-1764748675-1-20260415081629.pdf\";s:4:\"link\";N;s:7:\"page_id\";i:63;s:12:\"published_at\";s:19:\"2026-04-15 08:15:57\";}s:10:\"\0*\0changes\";a:0:{}s:11:\"\0*\0previous\";a:0:{}s:8:\"\0*\0casts\";a:2:{s:12:\"published_at\";s:8:\"datetime\";s:10:\"expires_at\";s:8:\"datetime\";}s:17:\"\0*\0classCastCache\";a:0:{}s:21:\"\0*\0attributeCastCache\";a:0:{}s:13:\"\0*\0dateFormat\";N;s:10:\"\0*\0appends\";a:0:{}s:19:\"\0*\0dispatchesEvents\";a:0:{}s:14:\"\0*\0observables\";a:0:{}s:12:\"\0*\0relations\";a:1:{s:4:\"page\";O:15:\"App\\Models\\Page\":33:{s:13:\"\0*\0connection\";s:5:\"mysql\";s:8:\"\0*\0table\";s:5:\"pages\";s:13:\"\0*\0primaryKey\";s:2:\"id\";s:10:\"\0*\0keyType\";s:3:\"int\";s:12:\"incrementing\";b:1;s:7:\"\0*\0with\";a:0:{}s:12:\"\0*\0withCount\";a:0:{}s:19:\"preventsLazyLoading\";b:0;s:10:\"\0*\0perPage\";i:15;s:6:\"exists\";b:1;s:18:\"wasRecentlyCreated\";b:0;s:28:\"\0*\0escapeWhenCastingToString\";b:0;s:13:\"\0*\0attributes\";a:2:{s:2:\"id\";i:63;s:4:\"slug\";s:49:\"recruitment-exam-result-has-been-published-notice\";}s:11:\"\0*\0original\";a:2:{s:2:\"id\";i:63;s:4:\"slug\";s:49:\"recruitment-exam-result-has-been-published-notice\";}s:10:\"\0*\0changes\";a:0:{}s:11:\"\0*\0previous\";a:0:{}s:8:\"\0*\0casts\";a:3:{s:12:\"is_published\";s:7:\"boolean\";s:12:\"published_at\";s:8:\"datetime\";s:7:\"buttons\";s:5:\"array\";}s:17:\"\0*\0classCastCache\";a:0:{}s:21:\"\0*\0attributeCastCache\";a:0:{}s:13:\"\0*\0dateFormat\";N;s:10:\"\0*\0appends\";a:0:{}s:19:\"\0*\0dispatchesEvents\";a:0:{}s:14:\"\0*\0observables\";a:0:{}s:12:\"\0*\0relations\";a:0:{}s:10:\"\0*\0touches\";a:0:{}s:27:\"\0*\0relationAutoloadCallback\";N;s:26:\"\0*\0relationAutoloadContext\";N;s:10:\"timestamps\";b:1;s:13:\"usesUniqueIds\";b:0;s:9:\"\0*\0hidden\";a:0:{}s:10:\"\0*\0visible\";a:0:{}s:11:\"\0*\0fillable\";a:12:{i:0;s:5:\"title\";i:1;s:4:\"slug\";i:2;s:9:\"image_url\";i:3;s:7:\"content\";i:4;s:12:\"html_content\";i:5;s:7:\"buttons\";i:6;s:14:\"bottom_content\";i:7;s:10:\"meta_title\";i:8;s:16:\"meta_description\";i:9;s:12:\"is_published\";i:10;s:7:\"menu_id\";i:11;s:12:\"published_at\";}s:10:\"\0*\0guarded\";a:1:{i:0;s:1:\"*\";}}}s:10:\"\0*\0touches\";a:0:{}s:27:\"\0*\0relationAutoloadCallback\";N;s:26:\"\0*\0relationAutoloadContext\";N;s:10:\"timestamps\";b:1;s:13:\"usesUniqueIds\";b:0;s:9:\"\0*\0hidden\";a:0:{}s:10:\"\0*\0visible\";a:0:{}s:11:\"\0*\0fillable\";a:7:{i:0;s:5:\"title\";i:1;s:7:\"content\";i:2;s:4:\"file\";i:3;s:4:\"link\";i:4;s:7:\"page_id\";i:5;s:12:\"published_at\";i:6;s:10:\"expires_at\";}s:10:\"\0*\0guarded\";a:1:{i:0;s:1:\"*\";}}i:1;O:17:\"App\\Models\\Notice\":33:{s:13:\"\0*\0connection\";s:5:\"mysql\";s:8:\"\0*\0table\";s:7:\"notices\";s:13:\"\0*\0primaryKey\";s:2:\"id\";s:10:\"\0*\0keyType\";s:3:\"int\";s:12:\"incrementing\";b:1;s:7:\"\0*\0with\";a:0:{}s:12:\"\0*\0withCount\";a:0:{}s:19:\"preventsLazyLoading\";b:0;s:10:\"\0*\0perPage\";i:15;s:6:\"exists\";b:1;s:18:\"wasRecentlyCreated\";b:0;s:28:\"\0*\0escapeWhenCastingToString\";b:0;s:13:\"\0*\0attributes\";a:6:{s:2:\"id\";i:22;s:5:\"title\";s:36:\"Teachers Recruitment Circular - 2026\";s:4:\"file\";s:82:\"https://drive.google.com/file/d/1iysaHwZA1Kl43OiTssGFcMkWIpHzLLo4/view?usp=sharing\";s:4:\"link\";N;s:7:\"page_id\";i:40;s:12:\"published_at\";s:19:\"2026-02-18 10:03:21\";}s:11:\"\0*\0original\";a:6:{s:2:\"id\";i:22;s:5:\"title\";s:36:\"Teachers Recruitment Circular - 2026\";s:4:\"file\";s:82:\"https://drive.google.com/file/d/1iysaHwZA1Kl43OiTssGFcMkWIpHzLLo4/view?usp=sharing\";s:4:\"link\";N;s:7:\"page_id\";i:40;s:12:\"published_at\";s:19:\"2026-02-18 10:03:21\";}s:10:\"\0*\0changes\";a:0:{}s:11:\"\0*\0previous\";a:0:{}s:8:\"\0*\0casts\";a:2:{s:12:\"published_at\";s:8:\"datetime\";s:10:\"expires_at\";s:8:\"datetime\";}s:17:\"\0*\0classCastCache\";a:0:{}s:21:\"\0*\0attributeCastCache\";a:0:{}s:13:\"\0*\0dateFormat\";N;s:10:\"\0*\0appends\";a:0:{}s:19:\"\0*\0dispatchesEvents\";a:0:{}s:14:\"\0*\0observables\";a:0:{}s:12:\"\0*\0relations\";a:1:{s:4:\"page\";O:15:\"App\\Models\\Page\":33:{s:13:\"\0*\0connection\";s:5:\"mysql\";s:8:\"\0*\0table\";s:5:\"pages\";s:13:\"\0*\0primaryKey\";s:2:\"id\";s:10:\"\0*\0keyType\";s:3:\"int\";s:12:\"incrementing\";b:1;s:7:\"\0*\0with\";a:0:{}s:12:\"\0*\0withCount\";a:0:{}s:19:\"preventsLazyLoading\";b:0;s:10:\"\0*\0perPage\";i:15;s:6:\"exists\";b:1;s:18:\"wasRecentlyCreated\";b:0;s:28:\"\0*\0escapeWhenCastingToString\";b:0;s:13:\"\0*\0attributes\";a:2:{s:2:\"id\";i:40;s:4:\"slug\";s:41:\"teachers-recruitment-circular-2026-notice\";}s:11:\"\0*\0original\";a:2:{s:2:\"id\";i:40;s:4:\"slug\";s:41:\"teachers-recruitment-circular-2026-notice\";}s:10:\"\0*\0changes\";a:0:{}s:11:\"\0*\0previous\";a:0:{}s:8:\"\0*\0casts\";a:3:{s:12:\"is_published\";s:7:\"boolean\";s:12:\"published_at\";s:8:\"datetime\";s:7:\"buttons\";s:5:\"array\";}s:17:\"\0*\0classCastCache\";a:0:{}s:21:\"\0*\0attributeCastCache\";a:0:{}s:13:\"\0*\0dateFormat\";N;s:10:\"\0*\0appends\";a:0:{}s:19:\"\0*\0dispatchesEvents\";a:0:{}s:14:\"\0*\0observables\";a:0:{}s:12:\"\0*\0relations\";a:0:{}s:10:\"\0*\0touches\";a:0:{}s:27:\"\0*\0relationAutoloadCallback\";N;s:26:\"\0*\0relationAutoloadContext\";N;s:10:\"timestamps\";b:1;s:13:\"usesUniqueIds\";b:0;s:9:\"\0*\0hidden\";a:0:{}s:10:\"\0*\0visible\";a:0:{}s:11:\"\0*\0fillable\";a:12:{i:0;s:5:\"title\";i:1;s:4:\"slug\";i:2;s:9:\"image_url\";i:3;s:7:\"content\";i:4;s:12:\"html_content\";i:5;s:7:\"buttons\";i:6;s:14:\"bottom_content\";i:7;s:10:\"meta_title\";i:8;s:16:\"meta_description\";i:9;s:12:\"is_published\";i:10;s:7:\"menu_id\";i:11;s:12:\"published_at\";}s:10:\"\0*\0guarded\";a:1:{i:0;s:1:\"*\";}}}s:10:\"\0*\0touches\";a:0:{}s:27:\"\0*\0relationAutoloadCallback\";N;s:26:\"\0*\0relationAutoloadContext\";N;s:10:\"timestamps\";b:1;s:13:\"usesUniqueIds\";b:0;s:9:\"\0*\0hidden\";a:0:{}s:10:\"\0*\0visible\";a:0:{}s:11:\"\0*\0fillable\";a:7:{i:0;s:5:\"title\";i:1;s:7:\"content\";i:2;s:4:\"file\";i:3;s:4:\"link\";i:4;s:7:\"page_id\";i:5;s:12:\"published_at\";i:6;s:10:\"expires_at\";}s:10:\"\0*\0guarded\";a:1:{i:0;s:1:\"*\";}}i:2;O:17:\"App\\Models\\Notice\":33:{s:13:\"\0*\0connection\";s:5:\"mysql\";s:8:\"\0*\0table\";s:7:\"notices\";s:13:\"\0*\0primaryKey\";s:2:\"id\";s:10:\"\0*\0keyType\";s:3:\"int\";s:12:\"incrementing\";b:1;s:7:\"\0*\0with\";a:0:{}s:12:\"\0*\0withCount\";a:0:{}s:19:\"preventsLazyLoading\";b:0;s:10:\"\0*\0perPage\";i:15;s:6:\"exists\";b:1;s:18:\"wasRecentlyCreated\";b:0;s:28:\"\0*\0escapeWhenCastingToString\";b:0;s:13:\"\0*\0attributes\";a:6:{s:2:\"id\";i:21;s:5:\"title\";s:21:\"Admission Test - 2026\";s:4:\"file\";s:82:\"https://drive.google.com/file/d/1Dxphsa4yUnJfeCyx5WJFvb4y5NreztIT/view?usp=sharing\";s:4:\"link\";N;s:7:\"page_id\";i:39;s:12:\"published_at\";s:19:\"2026-02-18 10:00:56\";}s:11:\"\0*\0original\";a:6:{s:2:\"id\";i:21;s:5:\"title\";s:21:\"Admission Test - 2026\";s:4:\"file\";s:82:\"https://drive.google.com/file/d/1Dxphsa4yUnJfeCyx5WJFvb4y5NreztIT/view?usp=sharing\";s:4:\"link\";N;s:7:\"page_id\";i:39;s:12:\"published_at\";s:19:\"2026-02-18 10:00:56\";}s:10:\"\0*\0changes\";a:0:{}s:11:\"\0*\0previous\";a:0:{}s:8:\"\0*\0casts\";a:2:{s:12:\"published_at\";s:8:\"datetime\";s:10:\"expires_at\";s:8:\"datetime\";}s:17:\"\0*\0classCastCache\";a:0:{}s:21:\"\0*\0attributeCastCache\";a:0:{}s:13:\"\0*\0dateFormat\";N;s:10:\"\0*\0appends\";a:0:{}s:19:\"\0*\0dispatchesEvents\";a:0:{}s:14:\"\0*\0observables\";a:0:{}s:12:\"\0*\0relations\";a:1:{s:4:\"page\";O:15:\"App\\Models\\Page\":33:{s:13:\"\0*\0connection\";s:5:\"mysql\";s:8:\"\0*\0table\";s:5:\"pages\";s:13:\"\0*\0primaryKey\";s:2:\"id\";s:10:\"\0*\0keyType\";s:3:\"int\";s:12:\"incrementing\";b:1;s:7:\"\0*\0with\";a:0:{}s:12:\"\0*\0withCount\";a:0:{}s:19:\"preventsLazyLoading\";b:0;s:10:\"\0*\0perPage\";i:15;s:6:\"exists\";b:1;s:18:\"wasRecentlyCreated\";b:0;s:28:\"\0*\0escapeWhenCastingToString\";b:0;s:13:\"\0*\0attributes\";a:2:{s:2:\"id\";i:39;s:4:\"slug\";s:26:\"admission-test-2026-notice\";}s:11:\"\0*\0original\";a:2:{s:2:\"id\";i:39;s:4:\"slug\";s:26:\"admission-test-2026-notice\";}s:10:\"\0*\0changes\";a:0:{}s:11:\"\0*\0previous\";a:0:{}s:8:\"\0*\0casts\";a:3:{s:12:\"is_published\";s:7:\"boolean\";s:12:\"published_at\";s:8:\"datetime\";s:7:\"buttons\";s:5:\"array\";}s:17:\"\0*\0classCastCache\";a:0:{}s:21:\"\0*\0attributeCastCache\";a:0:{}s:13:\"\0*\0dateFormat\";N;s:10:\"\0*\0appends\";a:0:{}s:19:\"\0*\0dispatchesEvents\";a:0:{}s:14:\"\0*\0observables\";a:0:{}s:12:\"\0*\0relations\";a:0:{}s:10:\"\0*\0touches\";a:0:{}s:27:\"\0*\0relationAutoloadCallback\";N;s:26:\"\0*\0relationAutoloadContext\";N;s:10:\"timestamps\";b:1;s:13:\"usesUniqueIds\";b:0;s:9:\"\0*\0hidden\";a:0:{}s:10:\"\0*\0visible\";a:0:{}s:11:\"\0*\0fillable\";a:12:{i:0;s:5:\"title\";i:1;s:4:\"slug\";i:2;s:9:\"image_url\";i:3;s:7:\"content\";i:4;s:12:\"html_content\";i:5;s:7:\"buttons\";i:6;s:14:\"bottom_content\";i:7;s:10:\"meta_title\";i:8;s:16:\"meta_description\";i:9;s:12:\"is_published\";i:10;s:7:\"menu_id\";i:11;s:12:\"published_at\";}s:10:\"\0*\0guarded\";a:1:{i:0;s:1:\"*\";}}}s:10:\"\0*\0touches\";a:0:{}s:27:\"\0*\0relationAutoloadCallback\";N;s:26:\"\0*\0relationAutoloadContext\";N;s:10:\"timestamps\";b:1;s:13:\"usesUniqueIds\";b:0;s:9:\"\0*\0hidden\";a:0:{}s:10:\"\0*\0visible\";a:0:{}s:11:\"\0*\0fillable\";a:7:{i:0;s:5:\"title\";i:1;s:7:\"content\";i:2;s:4:\"file\";i:3;s:4:\"link\";i:4;s:7:\"page_id\";i:5;s:12:\"published_at\";i:6;s:10:\"expires_at\";}s:10:\"\0*\0guarded\";a:1:{i:0;s:1:\"*\";}}i:3;O:17:\"App\\Models\\Notice\":33:{s:13:\"\0*\0connection\";s:5:\"mysql\";s:8:\"\0*\0table\";s:7:\"notices\";s:13:\"\0*\0primaryKey\";s:2:\"id\";s:10:\"\0*\0keyType\";s:3:\"int\";s:12:\"incrementing\";b:1;s:7:\"\0*\0with\";a:0:{}s:12:\"\0*\0withCount\";a:0:{}s:19:\"preventsLazyLoading\";b:0;s:10:\"\0*\0perPage\";i:15;s:6:\"exists\";b:1;s:18:\"wasRecentlyCreated\";b:0;s:28:\"\0*\0escapeWhenCastingToString\";b:0;s:13:\"\0*\0attributes\";a:6:{s:2:\"id\";i:23;s:5:\"title\";s:31:\"Final Recruitment Result - 2026\";s:4:\"file\";s:82:\"https://drive.google.com/file/d/19ESTK63Sn-XM5Yvs0BQZYi3RX5qAs_ly/view?usp=sharing\";s:4:\"link\";N;s:7:\"page_id\";i:41;s:12:\"published_at\";s:19:\"2026-02-10 10:04:23\";}s:11:\"\0*\0original\";a:6:{s:2:\"id\";i:23;s:5:\"title\";s:31:\"Final Recruitment Result - 2026\";s:4:\"file\";s:82:\"https://drive.google.com/file/d/19ESTK63Sn-XM5Yvs0BQZYi3RX5qAs_ly/view?usp=sharing\";s:4:\"link\";N;s:7:\"page_id\";i:41;s:12:\"published_at\";s:19:\"2026-02-10 10:04:23\";}s:10:\"\0*\0changes\";a:0:{}s:11:\"\0*\0previous\";a:0:{}s:8:\"\0*\0casts\";a:2:{s:12:\"published_at\";s:8:\"datetime\";s:10:\"expires_at\";s:8:\"datetime\";}s:17:\"\0*\0classCastCache\";a:0:{}s:21:\"\0*\0attributeCastCache\";a:0:{}s:13:\"\0*\0dateFormat\";N;s:10:\"\0*\0appends\";a:0:{}s:19:\"\0*\0dispatchesEvents\";a:0:{}s:14:\"\0*\0observables\";a:0:{}s:12:\"\0*\0relations\";a:1:{s:4:\"page\";O:15:\"App\\Models\\Page\":33:{s:13:\"\0*\0connection\";s:5:\"mysql\";s:8:\"\0*\0table\";s:5:\"pages\";s:13:\"\0*\0primaryKey\";s:2:\"id\";s:10:\"\0*\0keyType\";s:3:\"int\";s:12:\"incrementing\";b:1;s:7:\"\0*\0with\";a:0:{}s:12:\"\0*\0withCount\";a:0:{}s:19:\"preventsLazyLoading\";b:0;s:10:\"\0*\0perPage\";i:15;s:6:\"exists\";b:1;s:18:\"wasRecentlyCreated\";b:0;s:28:\"\0*\0escapeWhenCastingToString\";b:0;s:13:\"\0*\0attributes\";a:2:{s:2:\"id\";i:41;s:4:\"slug\";s:36:\"final-recruitment-result-2026-notice\";}s:11:\"\0*\0original\";a:2:{s:2:\"id\";i:41;s:4:\"slug\";s:36:\"final-recruitment-result-2026-notice\";}s:10:\"\0*\0changes\";a:0:{}s:11:\"\0*\0previous\";a:0:{}s:8:\"\0*\0casts\";a:3:{s:12:\"is_published\";s:7:\"boolean\";s:12:\"published_at\";s:8:\"datetime\";s:7:\"buttons\";s:5:\"array\";}s:17:\"\0*\0classCastCache\";a:0:{}s:21:\"\0*\0attributeCastCache\";a:0:{}s:13:\"\0*\0dateFormat\";N;s:10:\"\0*\0appends\";a:0:{}s:19:\"\0*\0dispatchesEvents\";a:0:{}s:14:\"\0*\0observables\";a:0:{}s:12:\"\0*\0relations\";a:0:{}s:10:\"\0*\0touches\";a:0:{}s:27:\"\0*\0relationAutoloadCallback\";N;s:26:\"\0*\0relationAutoloadContext\";N;s:10:\"timestamps\";b:1;s:13:\"usesUniqueIds\";b:0;s:9:\"\0*\0hidden\";a:0:{}s:10:\"\0*\0visible\";a:0:{}s:11:\"\0*\0fillable\";a:12:{i:0;s:5:\"title\";i:1;s:4:\"slug\";i:2;s:9:\"image_url\";i:3;s:7:\"content\";i:4;s:12:\"html_content\";i:5;s:7:\"buttons\";i:6;s:14:\"bottom_content\";i:7;s:10:\"meta_title\";i:8;s:16:\"meta_description\";i:9;s:12:\"is_published\";i:10;s:7:\"menu_id\";i:11;s:12:\"published_at\";}s:10:\"\0*\0guarded\";a:1:{i:0;s:1:\"*\";}}}s:10:\"\0*\0touches\";a:0:{}s:27:\"\0*\0relationAutoloadCallback\";N;s:26:\"\0*\0relationAutoloadContext\";N;s:10:\"timestamps\";b:1;s:13:\"usesUniqueIds\";b:0;s:9:\"\0*\0hidden\";a:0:{}s:10:\"\0*\0visible\";a:0:{}s:11:\"\0*\0fillable\";a:7:{i:0;s:5:\"title\";i:1;s:7:\"content\";i:2;s:4:\"file\";i:3;s:4:\"link\";i:4;s:7:\"page_id\";i:5;s:12:\"published_at\";i:6;s:10:\"expires_at\";}s:10:\"\0*\0guarded\";a:1:{i:0;s:1:\"*\";}}i:4;O:17:\"App\\Models\\Notice\":33:{s:13:\"\0*\0connection\";s:5:\"mysql\";s:8:\"\0*\0table\";s:7:\"notices\";s:13:\"\0*\0primaryKey\";s:2:\"id\";s:10:\"\0*\0keyType\";s:3:\"int\";s:12:\"incrementing\";b:1;s:7:\"\0*\0with\";a:0:{}s:12:\"\0*\0withCount\";a:0:{}s:19:\"preventsLazyLoading\";b:0;s:10:\"\0*\0perPage\";i:15;s:6:\"exists\";b:1;s:18:\"wasRecentlyCreated\";b:0;s:28:\"\0*\0escapeWhenCastingToString\";b:0;s:13:\"\0*\0attributes\";a:6:{s:2:\"id\";i:24;s:5:\"title\";s:35:\"KG - X Seat Plan has been Published\";s:4:\"file\";s:82:\"https://drive.google.com/file/d/1mIyanZ6mFdHxrL7ExTj2vigzTf1XNwby/view?usp=sharing\";s:4:\"link\";N;s:7:\"page_id\";i:42;s:12:\"published_at\";s:19:\"2026-01-29 10:06:00\";}s:11:\"\0*\0original\";a:6:{s:2:\"id\";i:24;s:5:\"title\";s:35:\"KG - X Seat Plan has been Published\";s:4:\"file\";s:82:\"https://drive.google.com/file/d/1mIyanZ6mFdHxrL7ExTj2vigzTf1XNwby/view?usp=sharing\";s:4:\"link\";N;s:7:\"page_id\";i:42;s:12:\"published_at\";s:19:\"2026-01-29 10:06:00\";}s:10:\"\0*\0changes\";a:0:{}s:11:\"\0*\0previous\";a:0:{}s:8:\"\0*\0casts\";a:2:{s:12:\"published_at\";s:8:\"datetime\";s:10:\"expires_at\";s:8:\"datetime\";}s:17:\"\0*\0classCastCache\";a:0:{}s:21:\"\0*\0attributeCastCache\";a:0:{}s:13:\"\0*\0dateFormat\";N;s:10:\"\0*\0appends\";a:0:{}s:19:\"\0*\0dispatchesEvents\";a:0:{}s:14:\"\0*\0observables\";a:0:{}s:12:\"\0*\0relations\";a:1:{s:4:\"page\";O:15:\"App\\Models\\Page\":33:{s:13:\"\0*\0connection\";s:5:\"mysql\";s:8:\"\0*\0table\";s:5:\"pages\";s:13:\"\0*\0primaryKey\";s:2:\"id\";s:10:\"\0*\0keyType\";s:3:\"int\";s:12:\"incrementing\";b:1;s:7:\"\0*\0with\";a:0:{}s:12:\"\0*\0withCount\";a:0:{}s:19:\"preventsLazyLoading\";b:0;s:10:\"\0*\0perPage\";i:15;s:6:\"exists\";b:1;s:18:\"wasRecentlyCreated\";b:0;s:28:\"\0*\0escapeWhenCastingToString\";b:0;s:13:\"\0*\0attributes\";a:2:{s:2:\"id\";i:42;s:4:\"slug\";s:40:\"kg-x-seat-plan-has-been-published-notice\";}s:11:\"\0*\0original\";a:2:{s:2:\"id\";i:42;s:4:\"slug\";s:40:\"kg-x-seat-plan-has-been-published-notice\";}s:10:\"\0*\0changes\";a:0:{}s:11:\"\0*\0previous\";a:0:{}s:8:\"\0*\0casts\";a:3:{s:12:\"is_published\";s:7:\"boolean\";s:12:\"published_at\";s:8:\"datetime\";s:7:\"buttons\";s:5:\"array\";}s:17:\"\0*\0classCastCache\";a:0:{}s:21:\"\0*\0attributeCastCache\";a:0:{}s:13:\"\0*\0dateFormat\";N;s:10:\"\0*\0appends\";a:0:{}s:19:\"\0*\0dispatchesEvents\";a:0:{}s:14:\"\0*\0observables\";a:0:{}s:12:\"\0*\0relations\";a:0:{}s:10:\"\0*\0touches\";a:0:{}s:27:\"\0*\0relationAutoloadCallback\";N;s:26:\"\0*\0relationAutoloadContext\";N;s:10:\"timestamps\";b:1;s:13:\"usesUniqueIds\";b:0;s:9:\"\0*\0hidden\";a:0:{}s:10:\"\0*\0visible\";a:0:{}s:11:\"\0*\0fillable\";a:12:{i:0;s:5:\"title\";i:1;s:4:\"slug\";i:2;s:9:\"image_url\";i:3;s:7:\"content\";i:4;s:12:\"html_content\";i:5;s:7:\"buttons\";i:6;s:14:\"bottom_content\";i:7;s:10:\"meta_title\";i:8;s:16:\"meta_description\";i:9;s:12:\"is_published\";i:10;s:7:\"menu_id\";i:11;s:12:\"published_at\";}s:10:\"\0*\0guarded\";a:1:{i:0;s:1:\"*\";}}}s:10:\"\0*\0touches\";a:0:{}s:27:\"\0*\0relationAutoloadCallback\";N;s:26:\"\0*\0relationAutoloadContext\";N;s:10:\"timestamps\";b:1;s:13:\"usesUniqueIds\";b:0;s:9:\"\0*\0hidden\";a:0:{}s:10:\"\0*\0visible\";a:0:{}s:11:\"\0*\0fillable\";a:7:{i:0;s:5:\"title\";i:1;s:7:\"content\";i:2;s:4:\"file\";i:3;s:4:\"link\";i:4;s:7:\"page_id\";i:5;s:12:\"published_at\";i:6;s:10:\"expires_at\";}s:10:\"\0*\0guarded\";a:1:{i:0;s:1:\"*\";}}}s:28:\"\0*\0escapeWhenCastingToString\";b:0;}',1776248781),('laravel-cache-homepage.sliders','O:39:\"Illuminate\\Database\\Eloquent\\Collection\":2:{s:8:\"\0*\0items\";a:3:{i:0;O:17:\"App\\Models\\Slider\":33:{s:13:\"\0*\0connection\";s:5:\"mysql\";s:8:\"\0*\0table\";s:7:\"sliders\";s:13:\"\0*\0primaryKey\";s:2:\"id\";s:10:\"\0*\0keyType\";s:3:\"int\";s:12:\"incrementing\";b:1;s:7:\"\0*\0with\";a:0:{}s:12:\"\0*\0withCount\";a:0:{}s:19:\"preventsLazyLoading\";b:0;s:10:\"\0*\0perPage\";i:15;s:6:\"exists\";b:1;s:18:\"wasRecentlyCreated\";b:0;s:28:\"\0*\0escapeWhenCastingToString\";b:0;s:13:\"\0*\0attributes\";a:5:{s:2:\"id\";i:5;s:5:\"title\";s:12:\"Science Fair\";s:9:\"image_url\";s:82:\"https://drive.google.com/file/d/1sE946CA5ZTaF4Ojqflxbt4_zPn-W62mk/view?usp=sharing\";s:4:\"link\";N;s:5:\"order\";i:0;}s:11:\"\0*\0original\";a:5:{s:2:\"id\";i:5;s:5:\"title\";s:12:\"Science Fair\";s:9:\"image_url\";s:82:\"https://drive.google.com/file/d/1sE946CA5ZTaF4Ojqflxbt4_zPn-W62mk/view?usp=sharing\";s:4:\"link\";N;s:5:\"order\";i:0;}s:10:\"\0*\0changes\";a:0:{}s:11:\"\0*\0previous\";a:0:{}s:8:\"\0*\0casts\";a:2:{s:9:\"is_active\";s:7:\"boolean\";s:5:\"order\";s:7:\"integer\";}s:17:\"\0*\0classCastCache\";a:0:{}s:21:\"\0*\0attributeCastCache\";a:0:{}s:13:\"\0*\0dateFormat\";N;s:10:\"\0*\0appends\";a:0:{}s:19:\"\0*\0dispatchesEvents\";a:0:{}s:14:\"\0*\0observables\";a:0:{}s:12:\"\0*\0relations\";a:0:{}s:10:\"\0*\0touches\";a:0:{}s:27:\"\0*\0relationAutoloadCallback\";N;s:26:\"\0*\0relationAutoloadContext\";N;s:10:\"timestamps\";b:1;s:13:\"usesUniqueIds\";b:0;s:9:\"\0*\0hidden\";a:0:{}s:10:\"\0*\0visible\";a:0:{}s:11:\"\0*\0fillable\";a:7:{i:0;s:5:\"title\";i:1;s:9:\"image_url\";i:2;s:4:\"link\";i:3;s:5:\"order\";i:4;s:9:\"is_active\";i:5;s:14:\"image_position\";i:6;s:9:\"image_fit\";}s:10:\"\0*\0guarded\";a:1:{i:0;s:1:\"*\";}}i:1;O:17:\"App\\Models\\Slider\":33:{s:13:\"\0*\0connection\";s:5:\"mysql\";s:8:\"\0*\0table\";s:7:\"sliders\";s:13:\"\0*\0primaryKey\";s:2:\"id\";s:10:\"\0*\0keyType\";s:3:\"int\";s:12:\"incrementing\";b:1;s:7:\"\0*\0with\";a:0:{}s:12:\"\0*\0withCount\";a:0:{}s:19:\"preventsLazyLoading\";b:0;s:10:\"\0*\0perPage\";i:15;s:6:\"exists\";b:1;s:18:\"wasRecentlyCreated\";b:0;s:28:\"\0*\0escapeWhenCastingToString\";b:0;s:13:\"\0*\0attributes\";a:5:{s:2:\"id\";i:6;s:5:\"title\";s:14:\"Champion House\";s:9:\"image_url\";s:82:\"https://drive.google.com/file/d/1hFZVM943jlIX2zxetLTEYeSvhnOOUPsQ/view?usp=sharing\";s:4:\"link\";N;s:5:\"order\";i:0;}s:11:\"\0*\0original\";a:5:{s:2:\"id\";i:6;s:5:\"title\";s:14:\"Champion House\";s:9:\"image_url\";s:82:\"https://drive.google.com/file/d/1hFZVM943jlIX2zxetLTEYeSvhnOOUPsQ/view?usp=sharing\";s:4:\"link\";N;s:5:\"order\";i:0;}s:10:\"\0*\0changes\";a:0:{}s:11:\"\0*\0previous\";a:0:{}s:8:\"\0*\0casts\";a:2:{s:9:\"is_active\";s:7:\"boolean\";s:5:\"order\";s:7:\"integer\";}s:17:\"\0*\0classCastCache\";a:0:{}s:21:\"\0*\0attributeCastCache\";a:0:{}s:13:\"\0*\0dateFormat\";N;s:10:\"\0*\0appends\";a:0:{}s:19:\"\0*\0dispatchesEvents\";a:0:{}s:14:\"\0*\0observables\";a:0:{}s:12:\"\0*\0relations\";a:0:{}s:10:\"\0*\0touches\";a:0:{}s:27:\"\0*\0relationAutoloadCallback\";N;s:26:\"\0*\0relationAutoloadContext\";N;s:10:\"timestamps\";b:1;s:13:\"usesUniqueIds\";b:0;s:9:\"\0*\0hidden\";a:0:{}s:10:\"\0*\0visible\";a:0:{}s:11:\"\0*\0fillable\";a:7:{i:0;s:5:\"title\";i:1;s:9:\"image_url\";i:2;s:4:\"link\";i:3;s:5:\"order\";i:4;s:9:\"is_active\";i:5;s:14:\"image_position\";i:6;s:9:\"image_fit\";}s:10:\"\0*\0guarded\";a:1:{i:0;s:1:\"*\";}}i:2;O:17:\"App\\Models\\Slider\":33:{s:13:\"\0*\0connection\";s:5:\"mysql\";s:8:\"\0*\0table\";s:7:\"sliders\";s:13:\"\0*\0primaryKey\";s:2:\"id\";s:10:\"\0*\0keyType\";s:3:\"int\";s:12:\"incrementing\";b:1;s:7:\"\0*\0with\";a:0:{}s:12:\"\0*\0withCount\";a:0:{}s:19:\"preventsLazyLoading\";b:0;s:10:\"\0*\0perPage\";i:15;s:6:\"exists\";b:1;s:18:\"wasRecentlyCreated\";b:0;s:28:\"\0*\0escapeWhenCastingToString\";b:0;s:13:\"\0*\0attributes\";a:5:{s:2:\"id\";i:1;s:5:\"title\";s:14:\"College Campus\";s:9:\"image_url\";s:82:\"https://drive.google.com/file/d/1Zg2u57qunWNrkt5yAi03qYjGfZGFkqUe/view?usp=sharing\";s:4:\"link\";N;s:5:\"order\";i:1;}s:11:\"\0*\0original\";a:5:{s:2:\"id\";i:1;s:5:\"title\";s:14:\"College Campus\";s:9:\"image_url\";s:82:\"https://drive.google.com/file/d/1Zg2u57qunWNrkt5yAi03qYjGfZGFkqUe/view?usp=sharing\";s:4:\"link\";N;s:5:\"order\";i:1;}s:10:\"\0*\0changes\";a:0:{}s:11:\"\0*\0previous\";a:0:{}s:8:\"\0*\0casts\";a:2:{s:9:\"is_active\";s:7:\"boolean\";s:5:\"order\";s:7:\"integer\";}s:17:\"\0*\0classCastCache\";a:0:{}s:21:\"\0*\0attributeCastCache\";a:0:{}s:13:\"\0*\0dateFormat\";N;s:10:\"\0*\0appends\";a:0:{}s:19:\"\0*\0dispatchesEvents\";a:0:{}s:14:\"\0*\0observables\";a:0:{}s:12:\"\0*\0relations\";a:0:{}s:10:\"\0*\0touches\";a:0:{}s:27:\"\0*\0relationAutoloadCallback\";N;s:26:\"\0*\0relationAutoloadContext\";N;s:10:\"timestamps\";b:1;s:13:\"usesUniqueIds\";b:0;s:9:\"\0*\0hidden\";a:0:{}s:10:\"\0*\0visible\";a:0:{}s:11:\"\0*\0fillable\";a:7:{i:0;s:5:\"title\";i:1;s:9:\"image_url\";i:2;s:4:\"link\";i:3;s:5:\"order\";i:4;s:9:\"is_active\";i:5;s:14:\"image_position\";i:6;s:9:\"image_fit\";}s:10:\"\0*\0guarded\";a:1:{i:0;s:1:\"*\";}}}s:28:\"\0*\0escapeWhenCastingToString\";b:0;}',1776250581),('laravel-cache-livewire-rate-limiter:a17961fa74e9275d529f489537f179c05d50c2f3','i:1;',1776236397),('laravel-cache-livewire-rate-limiter:a17961fa74e9275d529f489537f179c05d50c2f3:timer','i:1776236397;',1776236397),('laravel-cache-news.testing-bucket','O:20:\"App\\Models\\NewsEvent\":33:{s:13:\"\0*\0connection\";s:5:\"mysql\";s:8:\"\0*\0table\";s:11:\"news_events\";s:13:\"\0*\0primaryKey\";s:2:\"id\";s:10:\"\0*\0keyType\";s:3:\"int\";s:12:\"incrementing\";b:1;s:7:\"\0*\0with\";a:0:{}s:12:\"\0*\0withCount\";a:0:{}s:19:\"preventsLazyLoading\";b:0;s:10:\"\0*\0perPage\";i:15;s:6:\"exists\";b:1;s:18:\"wasRecentlyCreated\";b:0;s:28:\"\0*\0escapeWhenCastingToString\";b:0;s:13:\"\0*\0attributes\";a:12:{s:2:\"id\";i:19;s:5:\"title\";s:14:\"Testing Bucket\";s:4:\"slug\";s:14:\"testing-bucket\";s:7:\"excerpt\";N;s:7:\"content\";s:28:\"<p>Testing fgfdgfdgfdgdf</p>\";s:9:\"image_url\";s:97:\"https://pub-ef1e6cb91a354191aada31be868abf78.r2.dev/news-events/panchogarh-new-20260411071308.png\";s:17:\"additional_images\";N;s:6:\"author\";s:13:\"barisal-admin\";s:9:\"is_active\";i:1;s:12:\"published_at\";s:19:\"2026-04-11 07:01:02\";s:10:\"created_at\";s:19:\"2026-04-11 07:02:15\";s:10:\"updated_at\";s:19:\"2026-04-11 07:13:18\";}s:11:\"\0*\0original\";a:12:{s:2:\"id\";i:19;s:5:\"title\";s:14:\"Testing Bucket\";s:4:\"slug\";s:14:\"testing-bucket\";s:7:\"excerpt\";N;s:7:\"content\";s:28:\"<p>Testing fgfdgfdgfdgdf</p>\";s:9:\"image_url\";s:97:\"https://pub-ef1e6cb91a354191aada31be868abf78.r2.dev/news-events/panchogarh-new-20260411071308.png\";s:17:\"additional_images\";N;s:6:\"author\";s:13:\"barisal-admin\";s:9:\"is_active\";i:1;s:12:\"published_at\";s:19:\"2026-04-11 07:01:02\";s:10:\"created_at\";s:19:\"2026-04-11 07:02:15\";s:10:\"updated_at\";s:19:\"2026-04-11 07:13:18\";}s:10:\"\0*\0changes\";a:0:{}s:11:\"\0*\0previous\";a:0:{}s:8:\"\0*\0casts\";a:3:{s:9:\"is_active\";s:7:\"boolean\";s:12:\"published_at\";s:8:\"datetime\";s:17:\"additional_images\";s:5:\"array\";}s:17:\"\0*\0classCastCache\";a:0:{}s:21:\"\0*\0attributeCastCache\";a:0:{}s:13:\"\0*\0dateFormat\";N;s:10:\"\0*\0appends\";a:0:{}s:19:\"\0*\0dispatchesEvents\";a:0:{}s:14:\"\0*\0observables\";a:0:{}s:12:\"\0*\0relations\";a:0:{}s:10:\"\0*\0touches\";a:0:{}s:27:\"\0*\0relationAutoloadCallback\";N;s:26:\"\0*\0relationAutoloadContext\";N;s:10:\"timestamps\";b:1;s:13:\"usesUniqueIds\";b:0;s:9:\"\0*\0hidden\";a:0:{}s:10:\"\0*\0visible\";a:0:{}s:11:\"\0*\0fillable\";a:9:{i:0;s:5:\"title\";i:1;s:4:\"slug\";i:2;s:7:\"excerpt\";i:3;s:7:\"content\";i:4;s:9:\"image_url\";i:5;s:17:\"additional_images\";i:6;s:6:\"author\";i:7;s:9:\"is_active\";i:8;s:12:\"published_at\";}s:10:\"\0*\0guarded\";a:1:{i:0;s:1:\"*\";}}',1775897685),('laravel-cache-spatie.permission.cache','a:3:{s:5:\"alias\";a:4:{s:1:\"a\";s:2:\"id\";s:1:\"b\";s:4:\"name\";s:1:\"c\";s:10:\"guard_name\";s:1:\"r\";s:5:\"roles\";}s:11:\"permissions\";a:165:{i:0;a:4:{s:1:\"a\";i:1;s:1:\"b\";s:20:\"view_important::link\";s:1:\"c\";s:3:\"web\";s:1:\"r\";a:3:{i:0;i:1;i:1;i:2;i:2;i:3;}}i:1;a:4:{s:1:\"a\";i:2;s:1:\"b\";s:24:\"view_any_important::link\";s:1:\"c\";s:3:\"web\";s:1:\"r\";a:3:{i:0;i:1;i:1;i:2;i:2;i:3;}}i:2;a:4:{s:1:\"a\";i:3;s:1:\"b\";s:22:\"create_important::link\";s:1:\"c\";s:3:\"web\";s:1:\"r\";a:3:{i:0;i:1;i:1;i:2;i:2;i:3;}}i:3;a:4:{s:1:\"a\";i:4;s:1:\"b\";s:22:\"update_important::link\";s:1:\"c\";s:3:\"web\";s:1:\"r\";a:3:{i:0;i:1;i:1;i:2;i:2;i:3;}}i:4;a:4:{s:1:\"a\";i:5;s:1:\"b\";s:23:\"restore_important::link\";s:1:\"c\";s:3:\"web\";s:1:\"r\";a:3:{i:0;i:1;i:1;i:2;i:2;i:3;}}i:5;a:4:{s:1:\"a\";i:6;s:1:\"b\";s:27:\"restore_any_important::link\";s:1:\"c\";s:3:\"web\";s:1:\"r\";a:3:{i:0;i:1;i:1;i:2;i:2;i:3;}}i:6;a:4:{s:1:\"a\";i:7;s:1:\"b\";s:25:\"replicate_important::link\";s:1:\"c\";s:3:\"web\";s:1:\"r\";a:3:{i:0;i:1;i:1;i:2;i:2;i:3;}}i:7;a:4:{s:1:\"a\";i:8;s:1:\"b\";s:23:\"reorder_important::link\";s:1:\"c\";s:3:\"web\";s:1:\"r\";a:3:{i:0;i:1;i:1;i:2;i:2;i:3;}}i:8;a:4:{s:1:\"a\";i:9;s:1:\"b\";s:22:\"delete_important::link\";s:1:\"c\";s:3:\"web\";s:1:\"r\";a:3:{i:0;i:1;i:1;i:2;i:2;i:3;}}i:9;a:4:{s:1:\"a\";i:10;s:1:\"b\";s:26:\"delete_any_important::link\";s:1:\"c\";s:3:\"web\";s:1:\"r\";a:3:{i:0;i:1;i:1;i:2;i:2;i:3;}}i:10;a:4:{s:1:\"a\";i:11;s:1:\"b\";s:28:\"force_delete_important::link\";s:1:\"c\";s:3:\"web\";s:1:\"r\";a:3:{i:0;i:1;i:1;i:2;i:2;i:3;}}i:11;a:4:{s:1:\"a\";i:12;s:1:\"b\";s:32:\"force_delete_any_important::link\";s:1:\"c\";s:3:\"web\";s:1:\"r\";a:3:{i:0;i:1;i:1;i:2;i:2;i:3;}}i:12;a:4:{s:1:\"a\";i:13;s:1:\"b\";s:18:\"view_location::map\";s:1:\"c\";s:3:\"web\";s:1:\"r\";a:2:{i:0;i:1;i:1;i:2;}}i:13;a:4:{s:1:\"a\";i:14;s:1:\"b\";s:22:\"view_any_location::map\";s:1:\"c\";s:3:\"web\";s:1:\"r\";a:2:{i:0;i:1;i:1;i:2;}}i:14;a:4:{s:1:\"a\";i:15;s:1:\"b\";s:20:\"create_location::map\";s:1:\"c\";s:3:\"web\";s:1:\"r\";a:2:{i:0;i:1;i:1;i:2;}}i:15;a:4:{s:1:\"a\";i:16;s:1:\"b\";s:20:\"update_location::map\";s:1:\"c\";s:3:\"web\";s:1:\"r\";a:2:{i:0;i:1;i:1;i:2;}}i:16;a:4:{s:1:\"a\";i:17;s:1:\"b\";s:21:\"restore_location::map\";s:1:\"c\";s:3:\"web\";s:1:\"r\";a:2:{i:0;i:1;i:1;i:2;}}i:17;a:4:{s:1:\"a\";i:18;s:1:\"b\";s:25:\"restore_any_location::map\";s:1:\"c\";s:3:\"web\";s:1:\"r\";a:2:{i:0;i:1;i:1;i:2;}}i:18;a:4:{s:1:\"a\";i:19;s:1:\"b\";s:23:\"replicate_location::map\";s:1:\"c\";s:3:\"web\";s:1:\"r\";a:2:{i:0;i:1;i:1;i:2;}}i:19;a:4:{s:1:\"a\";i:20;s:1:\"b\";s:21:\"reorder_location::map\";s:1:\"c\";s:3:\"web\";s:1:\"r\";a:2:{i:0;i:1;i:1;i:2;}}i:20;a:4:{s:1:\"a\";i:21;s:1:\"b\";s:20:\"delete_location::map\";s:1:\"c\";s:3:\"web\";s:1:\"r\";a:2:{i:0;i:1;i:1;i:2;}}i:21;a:4:{s:1:\"a\";i:22;s:1:\"b\";s:24:\"delete_any_location::map\";s:1:\"c\";s:3:\"web\";s:1:\"r\";a:2:{i:0;i:1;i:1;i:2;}}i:22;a:4:{s:1:\"a\";i:23;s:1:\"b\";s:26:\"force_delete_location::map\";s:1:\"c\";s:3:\"web\";s:1:\"r\";a:2:{i:0;i:1;i:1;i:2;}}i:23;a:4:{s:1:\"a\";i:24;s:1:\"b\";s:30:\"force_delete_any_location::map\";s:1:\"c\";s:3:\"web\";s:1:\"r\";a:2:{i:0;i:1;i:1;i:2;}}i:24;a:4:{s:1:\"a\";i:25;s:1:\"b\";s:9:\"view_menu\";s:1:\"c\";s:3:\"web\";s:1:\"r\";a:3:{i:0;i:1;i:1;i:2;i:2;i:3;}}i:25;a:4:{s:1:\"a\";i:26;s:1:\"b\";s:13:\"view_any_menu\";s:1:\"c\";s:3:\"web\";s:1:\"r\";a:3:{i:0;i:1;i:1;i:2;i:2;i:3;}}i:26;a:4:{s:1:\"a\";i:27;s:1:\"b\";s:11:\"create_menu\";s:1:\"c\";s:3:\"web\";s:1:\"r\";a:3:{i:0;i:1;i:1;i:2;i:2;i:3;}}i:27;a:4:{s:1:\"a\";i:28;s:1:\"b\";s:11:\"update_menu\";s:1:\"c\";s:3:\"web\";s:1:\"r\";a:3:{i:0;i:1;i:1;i:2;i:2;i:3;}}i:28;a:4:{s:1:\"a\";i:29;s:1:\"b\";s:12:\"restore_menu\";s:1:\"c\";s:3:\"web\";s:1:\"r\";a:3:{i:0;i:1;i:1;i:2;i:2;i:3;}}i:29;a:4:{s:1:\"a\";i:30;s:1:\"b\";s:16:\"restore_any_menu\";s:1:\"c\";s:3:\"web\";s:1:\"r\";a:3:{i:0;i:1;i:1;i:2;i:2;i:3;}}i:30;a:4:{s:1:\"a\";i:31;s:1:\"b\";s:14:\"replicate_menu\";s:1:\"c\";s:3:\"web\";s:1:\"r\";a:3:{i:0;i:1;i:1;i:2;i:2;i:3;}}i:31;a:4:{s:1:\"a\";i:32;s:1:\"b\";s:12:\"reorder_menu\";s:1:\"c\";s:3:\"web\";s:1:\"r\";a:3:{i:0;i:1;i:1;i:2;i:2;i:3;}}i:32;a:4:{s:1:\"a\";i:33;s:1:\"b\";s:11:\"delete_menu\";s:1:\"c\";s:3:\"web\";s:1:\"r\";a:3:{i:0;i:1;i:1;i:2;i:2;i:3;}}i:33;a:4:{s:1:\"a\";i:34;s:1:\"b\";s:15:\"delete_any_menu\";s:1:\"c\";s:3:\"web\";s:1:\"r\";a:3:{i:0;i:1;i:1;i:2;i:2;i:3;}}i:34;a:4:{s:1:\"a\";i:35;s:1:\"b\";s:17:\"force_delete_menu\";s:1:\"c\";s:3:\"web\";s:1:\"r\";a:3:{i:0;i:1;i:1;i:2;i:2;i:3;}}i:35;a:4:{s:1:\"a\";i:36;s:1:\"b\";s:21:\"force_delete_any_menu\";s:1:\"c\";s:3:\"web\";s:1:\"r\";a:3:{i:0;i:1;i:1;i:2;i:2;i:3;}}i:36;a:4:{s:1:\"a\";i:37;s:1:\"b\";s:15:\"view_menu::card\";s:1:\"c\";s:3:\"web\";s:1:\"r\";a:3:{i:0;i:1;i:1;i:2;i:2;i:3;}}i:37;a:4:{s:1:\"a\";i:38;s:1:\"b\";s:19:\"view_any_menu::card\";s:1:\"c\";s:3:\"web\";s:1:\"r\";a:3:{i:0;i:1;i:1;i:2;i:2;i:3;}}i:38;a:4:{s:1:\"a\";i:39;s:1:\"b\";s:17:\"create_menu::card\";s:1:\"c\";s:3:\"web\";s:1:\"r\";a:3:{i:0;i:1;i:1;i:2;i:2;i:3;}}i:39;a:4:{s:1:\"a\";i:40;s:1:\"b\";s:17:\"update_menu::card\";s:1:\"c\";s:3:\"web\";s:1:\"r\";a:3:{i:0;i:1;i:1;i:2;i:2;i:3;}}i:40;a:4:{s:1:\"a\";i:41;s:1:\"b\";s:18:\"restore_menu::card\";s:1:\"c\";s:3:\"web\";s:1:\"r\";a:3:{i:0;i:1;i:1;i:2;i:2;i:3;}}i:41;a:4:{s:1:\"a\";i:42;s:1:\"b\";s:22:\"restore_any_menu::card\";s:1:\"c\";s:3:\"web\";s:1:\"r\";a:3:{i:0;i:1;i:1;i:2;i:2;i:3;}}i:42;a:4:{s:1:\"a\";i:43;s:1:\"b\";s:20:\"replicate_menu::card\";s:1:\"c\";s:3:\"web\";s:1:\"r\";a:3:{i:0;i:1;i:1;i:2;i:2;i:3;}}i:43;a:4:{s:1:\"a\";i:44;s:1:\"b\";s:18:\"reorder_menu::card\";s:1:\"c\";s:3:\"web\";s:1:\"r\";a:3:{i:0;i:1;i:1;i:2;i:2;i:3;}}i:44;a:4:{s:1:\"a\";i:45;s:1:\"b\";s:17:\"delete_menu::card\";s:1:\"c\";s:3:\"web\";s:1:\"r\";a:3:{i:0;i:1;i:1;i:2;i:2;i:3;}}i:45;a:4:{s:1:\"a\";i:46;s:1:\"b\";s:21:\"delete_any_menu::card\";s:1:\"c\";s:3:\"web\";s:1:\"r\";a:3:{i:0;i:1;i:1;i:2;i:2;i:3;}}i:46;a:4:{s:1:\"a\";i:47;s:1:\"b\";s:23:\"force_delete_menu::card\";s:1:\"c\";s:3:\"web\";s:1:\"r\";a:3:{i:0;i:1;i:1;i:2;i:2;i:3;}}i:47;a:4:{s:1:\"a\";i:48;s:1:\"b\";s:27:\"force_delete_any_menu::card\";s:1:\"c\";s:3:\"web\";s:1:\"r\";a:3:{i:0;i:1;i:1;i:2;i:2;i:3;}}i:48;a:4:{s:1:\"a\";i:49;s:1:\"b\";s:12:\"view_message\";s:1:\"c\";s:3:\"web\";s:1:\"r\";a:3:{i:0;i:1;i:1;i:2;i:2;i:3;}}i:49;a:4:{s:1:\"a\";i:50;s:1:\"b\";s:16:\"view_any_message\";s:1:\"c\";s:3:\"web\";s:1:\"r\";a:3:{i:0;i:1;i:1;i:2;i:2;i:3;}}i:50;a:4:{s:1:\"a\";i:51;s:1:\"b\";s:14:\"create_message\";s:1:\"c\";s:3:\"web\";s:1:\"r\";a:3:{i:0;i:1;i:1;i:2;i:2;i:3;}}i:51;a:4:{s:1:\"a\";i:52;s:1:\"b\";s:14:\"update_message\";s:1:\"c\";s:3:\"web\";s:1:\"r\";a:3:{i:0;i:1;i:1;i:2;i:2;i:3;}}i:52;a:4:{s:1:\"a\";i:53;s:1:\"b\";s:15:\"restore_message\";s:1:\"c\";s:3:\"web\";s:1:\"r\";a:3:{i:0;i:1;i:1;i:2;i:2;i:3;}}i:53;a:4:{s:1:\"a\";i:54;s:1:\"b\";s:19:\"restore_any_message\";s:1:\"c\";s:3:\"web\";s:1:\"r\";a:3:{i:0;i:1;i:1;i:2;i:2;i:3;}}i:54;a:4:{s:1:\"a\";i:55;s:1:\"b\";s:17:\"replicate_message\";s:1:\"c\";s:3:\"web\";s:1:\"r\";a:3:{i:0;i:1;i:1;i:2;i:2;i:3;}}i:55;a:4:{s:1:\"a\";i:56;s:1:\"b\";s:15:\"reorder_message\";s:1:\"c\";s:3:\"web\";s:1:\"r\";a:3:{i:0;i:1;i:1;i:2;i:2;i:3;}}i:56;a:4:{s:1:\"a\";i:57;s:1:\"b\";s:14:\"delete_message\";s:1:\"c\";s:3:\"web\";s:1:\"r\";a:3:{i:0;i:1;i:1;i:2;i:2;i:3;}}i:57;a:4:{s:1:\"a\";i:58;s:1:\"b\";s:18:\"delete_any_message\";s:1:\"c\";s:3:\"web\";s:1:\"r\";a:3:{i:0;i:1;i:1;i:2;i:2;i:3;}}i:58;a:4:{s:1:\"a\";i:59;s:1:\"b\";s:20:\"force_delete_message\";s:1:\"c\";s:3:\"web\";s:1:\"r\";a:3:{i:0;i:1;i:1;i:2;i:2;i:3;}}i:59;a:4:{s:1:\"a\";i:60;s:1:\"b\";s:24:\"force_delete_any_message\";s:1:\"c\";s:3:\"web\";s:1:\"r\";a:3:{i:0;i:1;i:1;i:2;i:2;i:3;}}i:60;a:4:{s:1:\"a\";i:61;s:1:\"b\";s:16:\"view_news::event\";s:1:\"c\";s:3:\"web\";s:1:\"r\";a:3:{i:0;i:1;i:1;i:2;i:2;i:3;}}i:61;a:4:{s:1:\"a\";i:62;s:1:\"b\";s:20:\"view_any_news::event\";s:1:\"c\";s:3:\"web\";s:1:\"r\";a:3:{i:0;i:1;i:1;i:2;i:2;i:3;}}i:62;a:4:{s:1:\"a\";i:63;s:1:\"b\";s:18:\"create_news::event\";s:1:\"c\";s:3:\"web\";s:1:\"r\";a:3:{i:0;i:1;i:1;i:2;i:2;i:3;}}i:63;a:4:{s:1:\"a\";i:64;s:1:\"b\";s:18:\"update_news::event\";s:1:\"c\";s:3:\"web\";s:1:\"r\";a:3:{i:0;i:1;i:1;i:2;i:2;i:3;}}i:64;a:4:{s:1:\"a\";i:65;s:1:\"b\";s:19:\"restore_news::event\";s:1:\"c\";s:3:\"web\";s:1:\"r\";a:3:{i:0;i:1;i:1;i:2;i:2;i:3;}}i:65;a:4:{s:1:\"a\";i:66;s:1:\"b\";s:23:\"restore_any_news::event\";s:1:\"c\";s:3:\"web\";s:1:\"r\";a:3:{i:0;i:1;i:1;i:2;i:2;i:3;}}i:66;a:4:{s:1:\"a\";i:67;s:1:\"b\";s:21:\"replicate_news::event\";s:1:\"c\";s:3:\"web\";s:1:\"r\";a:3:{i:0;i:1;i:1;i:2;i:2;i:3;}}i:67;a:4:{s:1:\"a\";i:68;s:1:\"b\";s:19:\"reorder_news::event\";s:1:\"c\";s:3:\"web\";s:1:\"r\";a:3:{i:0;i:1;i:1;i:2;i:2;i:3;}}i:68;a:4:{s:1:\"a\";i:69;s:1:\"b\";s:18:\"delete_news::event\";s:1:\"c\";s:3:\"web\";s:1:\"r\";a:3:{i:0;i:1;i:1;i:2;i:2;i:3;}}i:69;a:4:{s:1:\"a\";i:70;s:1:\"b\";s:22:\"delete_any_news::event\";s:1:\"c\";s:3:\"web\";s:1:\"r\";a:3:{i:0;i:1;i:1;i:2;i:2;i:3;}}i:70;a:4:{s:1:\"a\";i:71;s:1:\"b\";s:24:\"force_delete_news::event\";s:1:\"c\";s:3:\"web\";s:1:\"r\";a:3:{i:0;i:1;i:1;i:2;i:2;i:3;}}i:71;a:4:{s:1:\"a\";i:72;s:1:\"b\";s:28:\"force_delete_any_news::event\";s:1:\"c\";s:3:\"web\";s:1:\"r\";a:3:{i:0;i:1;i:1;i:2;i:2;i:3;}}i:72;a:4:{s:1:\"a\";i:73;s:1:\"b\";s:11:\"view_notice\";s:1:\"c\";s:3:\"web\";s:1:\"r\";a:3:{i:0;i:1;i:1;i:2;i:2;i:3;}}i:73;a:4:{s:1:\"a\";i:74;s:1:\"b\";s:15:\"view_any_notice\";s:1:\"c\";s:3:\"web\";s:1:\"r\";a:3:{i:0;i:1;i:1;i:2;i:2;i:3;}}i:74;a:4:{s:1:\"a\";i:75;s:1:\"b\";s:13:\"create_notice\";s:1:\"c\";s:3:\"web\";s:1:\"r\";a:3:{i:0;i:1;i:1;i:2;i:2;i:3;}}i:75;a:4:{s:1:\"a\";i:76;s:1:\"b\";s:13:\"update_notice\";s:1:\"c\";s:3:\"web\";s:1:\"r\";a:3:{i:0;i:1;i:1;i:2;i:2;i:3;}}i:76;a:4:{s:1:\"a\";i:77;s:1:\"b\";s:14:\"restore_notice\";s:1:\"c\";s:3:\"web\";s:1:\"r\";a:3:{i:0;i:1;i:1;i:2;i:2;i:3;}}i:77;a:4:{s:1:\"a\";i:78;s:1:\"b\";s:18:\"restore_any_notice\";s:1:\"c\";s:3:\"web\";s:1:\"r\";a:3:{i:0;i:1;i:1;i:2;i:2;i:3;}}i:78;a:4:{s:1:\"a\";i:79;s:1:\"b\";s:16:\"replicate_notice\";s:1:\"c\";s:3:\"web\";s:1:\"r\";a:3:{i:0;i:1;i:1;i:2;i:2;i:3;}}i:79;a:4:{s:1:\"a\";i:80;s:1:\"b\";s:14:\"reorder_notice\";s:1:\"c\";s:3:\"web\";s:1:\"r\";a:3:{i:0;i:1;i:1;i:2;i:2;i:3;}}i:80;a:4:{s:1:\"a\";i:81;s:1:\"b\";s:13:\"delete_notice\";s:1:\"c\";s:3:\"web\";s:1:\"r\";a:3:{i:0;i:1;i:1;i:2;i:2;i:3;}}i:81;a:4:{s:1:\"a\";i:82;s:1:\"b\";s:17:\"delete_any_notice\";s:1:\"c\";s:3:\"web\";s:1:\"r\";a:3:{i:0;i:1;i:1;i:2;i:2;i:3;}}i:82;a:4:{s:1:\"a\";i:83;s:1:\"b\";s:19:\"force_delete_notice\";s:1:\"c\";s:3:\"web\";s:1:\"r\";a:3:{i:0;i:1;i:1;i:2;i:2;i:3;}}i:83;a:4:{s:1:\"a\";i:84;s:1:\"b\";s:23:\"force_delete_any_notice\";s:1:\"c\";s:3:\"web\";s:1:\"r\";a:3:{i:0;i:1;i:1;i:2;i:2;i:3;}}i:84;a:4:{s:1:\"a\";i:85;s:1:\"b\";s:9:\"view_page\";s:1:\"c\";s:3:\"web\";s:1:\"r\";a:3:{i:0;i:1;i:1;i:2;i:2;i:3;}}i:85;a:4:{s:1:\"a\";i:86;s:1:\"b\";s:13:\"view_any_page\";s:1:\"c\";s:3:\"web\";s:1:\"r\";a:3:{i:0;i:1;i:1;i:2;i:2;i:3;}}i:86;a:4:{s:1:\"a\";i:87;s:1:\"b\";s:11:\"create_page\";s:1:\"c\";s:3:\"web\";s:1:\"r\";a:3:{i:0;i:1;i:1;i:2;i:2;i:3;}}i:87;a:4:{s:1:\"a\";i:88;s:1:\"b\";s:11:\"update_page\";s:1:\"c\";s:3:\"web\";s:1:\"r\";a:3:{i:0;i:1;i:1;i:2;i:2;i:3;}}i:88;a:4:{s:1:\"a\";i:89;s:1:\"b\";s:12:\"restore_page\";s:1:\"c\";s:3:\"web\";s:1:\"r\";a:3:{i:0;i:1;i:1;i:2;i:2;i:3;}}i:89;a:4:{s:1:\"a\";i:90;s:1:\"b\";s:16:\"restore_any_page\";s:1:\"c\";s:3:\"web\";s:1:\"r\";a:3:{i:0;i:1;i:1;i:2;i:2;i:3;}}i:90;a:4:{s:1:\"a\";i:91;s:1:\"b\";s:14:\"replicate_page\";s:1:\"c\";s:3:\"web\";s:1:\"r\";a:3:{i:0;i:1;i:1;i:2;i:2;i:3;}}i:91;a:4:{s:1:\"a\";i:92;s:1:\"b\";s:12:\"reorder_page\";s:1:\"c\";s:3:\"web\";s:1:\"r\";a:3:{i:0;i:1;i:1;i:2;i:2;i:3;}}i:92;a:4:{s:1:\"a\";i:93;s:1:\"b\";s:11:\"delete_page\";s:1:\"c\";s:3:\"web\";s:1:\"r\";a:3:{i:0;i:1;i:1;i:2;i:2;i:3;}}i:93;a:4:{s:1:\"a\";i:94;s:1:\"b\";s:15:\"delete_any_page\";s:1:\"c\";s:3:\"web\";s:1:\"r\";a:3:{i:0;i:1;i:1;i:2;i:2;i:3;}}i:94;a:4:{s:1:\"a\";i:95;s:1:\"b\";s:17:\"force_delete_page\";s:1:\"c\";s:3:\"web\";s:1:\"r\";a:3:{i:0;i:1;i:1;i:2;i:2;i:3;}}i:95;a:4:{s:1:\"a\";i:96;s:1:\"b\";s:21:\"force_delete_any_page\";s:1:\"c\";s:3:\"web\";s:1:\"r\";a:3:{i:0;i:1;i:1;i:2;i:2;i:3;}}i:96;a:4:{s:1:\"a\";i:97;s:1:\"b\";s:20:\"view_sidebar::widget\";s:1:\"c\";s:3:\"web\";s:1:\"r\";a:3:{i:0;i:1;i:1;i:2;i:2;i:3;}}i:97;a:4:{s:1:\"a\";i:98;s:1:\"b\";s:24:\"view_any_sidebar::widget\";s:1:\"c\";s:3:\"web\";s:1:\"r\";a:3:{i:0;i:1;i:1;i:2;i:2;i:3;}}i:98;a:4:{s:1:\"a\";i:99;s:1:\"b\";s:22:\"create_sidebar::widget\";s:1:\"c\";s:3:\"web\";s:1:\"r\";a:3:{i:0;i:1;i:1;i:2;i:2;i:3;}}i:99;a:4:{s:1:\"a\";i:100;s:1:\"b\";s:22:\"update_sidebar::widget\";s:1:\"c\";s:3:\"web\";s:1:\"r\";a:3:{i:0;i:1;i:1;i:2;i:2;i:3;}}i:100;a:4:{s:1:\"a\";i:101;s:1:\"b\";s:23:\"restore_sidebar::widget\";s:1:\"c\";s:3:\"web\";s:1:\"r\";a:3:{i:0;i:1;i:1;i:2;i:2;i:3;}}i:101;a:4:{s:1:\"a\";i:102;s:1:\"b\";s:27:\"restore_any_sidebar::widget\";s:1:\"c\";s:3:\"web\";s:1:\"r\";a:3:{i:0;i:1;i:1;i:2;i:2;i:3;}}i:102;a:4:{s:1:\"a\";i:103;s:1:\"b\";s:25:\"replicate_sidebar::widget\";s:1:\"c\";s:3:\"web\";s:1:\"r\";a:3:{i:0;i:1;i:1;i:2;i:2;i:3;}}i:103;a:4:{s:1:\"a\";i:104;s:1:\"b\";s:23:\"reorder_sidebar::widget\";s:1:\"c\";s:3:\"web\";s:1:\"r\";a:3:{i:0;i:1;i:1;i:2;i:2;i:3;}}i:104;a:4:{s:1:\"a\";i:105;s:1:\"b\";s:22:\"delete_sidebar::widget\";s:1:\"c\";s:3:\"web\";s:1:\"r\";a:3:{i:0;i:1;i:1;i:2;i:2;i:3;}}i:105;a:4:{s:1:\"a\";i:106;s:1:\"b\";s:26:\"delete_any_sidebar::widget\";s:1:\"c\";s:3:\"web\";s:1:\"r\";a:3:{i:0;i:1;i:1;i:2;i:2;i:3;}}i:106;a:4:{s:1:\"a\";i:107;s:1:\"b\";s:28:\"force_delete_sidebar::widget\";s:1:\"c\";s:3:\"web\";s:1:\"r\";a:3:{i:0;i:1;i:1;i:2;i:2;i:3;}}i:107;a:4:{s:1:\"a\";i:108;s:1:\"b\";s:32:\"force_delete_any_sidebar::widget\";s:1:\"c\";s:3:\"web\";s:1:\"r\";a:3:{i:0;i:1;i:1;i:2;i:2;i:3;}}i:108;a:4:{s:1:\"a\";i:109;s:1:\"b\";s:11:\"view_slider\";s:1:\"c\";s:3:\"web\";s:1:\"r\";a:3:{i:0;i:1;i:1;i:2;i:2;i:3;}}i:109;a:4:{s:1:\"a\";i:110;s:1:\"b\";s:15:\"view_any_slider\";s:1:\"c\";s:3:\"web\";s:1:\"r\";a:3:{i:0;i:1;i:1;i:2;i:2;i:3;}}i:110;a:4:{s:1:\"a\";i:111;s:1:\"b\";s:13:\"create_slider\";s:1:\"c\";s:3:\"web\";s:1:\"r\";a:3:{i:0;i:1;i:1;i:2;i:2;i:3;}}i:111;a:4:{s:1:\"a\";i:112;s:1:\"b\";s:13:\"update_slider\";s:1:\"c\";s:3:\"web\";s:1:\"r\";a:3:{i:0;i:1;i:1;i:2;i:2;i:3;}}i:112;a:4:{s:1:\"a\";i:113;s:1:\"b\";s:14:\"restore_slider\";s:1:\"c\";s:3:\"web\";s:1:\"r\";a:3:{i:0;i:1;i:1;i:2;i:2;i:3;}}i:113;a:4:{s:1:\"a\";i:114;s:1:\"b\";s:18:\"restore_any_slider\";s:1:\"c\";s:3:\"web\";s:1:\"r\";a:3:{i:0;i:1;i:1;i:2;i:2;i:3;}}i:114;a:4:{s:1:\"a\";i:115;s:1:\"b\";s:16:\"replicate_slider\";s:1:\"c\";s:3:\"web\";s:1:\"r\";a:3:{i:0;i:1;i:1;i:2;i:2;i:3;}}i:115;a:4:{s:1:\"a\";i:116;s:1:\"b\";s:14:\"reorder_slider\";s:1:\"c\";s:3:\"web\";s:1:\"r\";a:3:{i:0;i:1;i:1;i:2;i:2;i:3;}}i:116;a:4:{s:1:\"a\";i:117;s:1:\"b\";s:13:\"delete_slider\";s:1:\"c\";s:3:\"web\";s:1:\"r\";a:3:{i:0;i:1;i:1;i:2;i:2;i:3;}}i:117;a:4:{s:1:\"a\";i:118;s:1:\"b\";s:17:\"delete_any_slider\";s:1:\"c\";s:3:\"web\";s:1:\"r\";a:3:{i:0;i:1;i:1;i:2;i:2;i:3;}}i:118;a:4:{s:1:\"a\";i:119;s:1:\"b\";s:19:\"force_delete_slider\";s:1:\"c\";s:3:\"web\";s:1:\"r\";a:3:{i:0;i:1;i:1;i:2;i:2;i:3;}}i:119;a:4:{s:1:\"a\";i:120;s:1:\"b\";s:23:\"force_delete_any_slider\";s:1:\"c\";s:3:\"web\";s:1:\"r\";a:3:{i:0;i:1;i:1;i:2;i:2;i:3;}}i:120;a:4:{s:1:\"a\";i:121;s:1:\"b\";s:9:\"view_user\";s:1:\"c\";s:3:\"web\";s:1:\"r\";a:2:{i:0;i:1;i:1;i:2;}}i:121;a:4:{s:1:\"a\";i:122;s:1:\"b\";s:13:\"view_any_user\";s:1:\"c\";s:3:\"web\";s:1:\"r\";a:2:{i:0;i:1;i:1;i:2;}}i:122;a:4:{s:1:\"a\";i:123;s:1:\"b\";s:11:\"create_user\";s:1:\"c\";s:3:\"web\";s:1:\"r\";a:2:{i:0;i:1;i:1;i:2;}}i:123;a:4:{s:1:\"a\";i:124;s:1:\"b\";s:11:\"update_user\";s:1:\"c\";s:3:\"web\";s:1:\"r\";a:2:{i:0;i:1;i:1;i:2;}}i:124;a:4:{s:1:\"a\";i:125;s:1:\"b\";s:12:\"restore_user\";s:1:\"c\";s:3:\"web\";s:1:\"r\";a:2:{i:0;i:1;i:1;i:2;}}i:125;a:4:{s:1:\"a\";i:126;s:1:\"b\";s:16:\"restore_any_user\";s:1:\"c\";s:3:\"web\";s:1:\"r\";a:2:{i:0;i:1;i:1;i:2;}}i:126;a:4:{s:1:\"a\";i:127;s:1:\"b\";s:14:\"replicate_user\";s:1:\"c\";s:3:\"web\";s:1:\"r\";a:2:{i:0;i:1;i:1;i:2;}}i:127;a:4:{s:1:\"a\";i:128;s:1:\"b\";s:12:\"reorder_user\";s:1:\"c\";s:3:\"web\";s:1:\"r\";a:2:{i:0;i:1;i:1;i:2;}}i:128;a:4:{s:1:\"a\";i:129;s:1:\"b\";s:11:\"delete_user\";s:1:\"c\";s:3:\"web\";s:1:\"r\";a:2:{i:0;i:1;i:1;i:2;}}i:129;a:4:{s:1:\"a\";i:130;s:1:\"b\";s:15:\"delete_any_user\";s:1:\"c\";s:3:\"web\";s:1:\"r\";a:2:{i:0;i:1;i:1;i:2;}}i:130;a:4:{s:1:\"a\";i:131;s:1:\"b\";s:17:\"force_delete_user\";s:1:\"c\";s:3:\"web\";s:1:\"r\";a:2:{i:0;i:1;i:1;i:2;}}i:131;a:4:{s:1:\"a\";i:132;s:1:\"b\";s:21:\"force_delete_any_user\";s:1:\"c\";s:3:\"web\";s:1:\"r\";a:2:{i:0;i:1;i:1;i:2;}}i:132;a:4:{s:1:\"a\";i:133;s:1:\"b\";s:21:\"view_welcome::section\";s:1:\"c\";s:3:\"web\";s:1:\"r\";a:3:{i:0;i:1;i:1;i:2;i:2;i:3;}}i:133;a:4:{s:1:\"a\";i:134;s:1:\"b\";s:25:\"view_any_welcome::section\";s:1:\"c\";s:3:\"web\";s:1:\"r\";a:3:{i:0;i:1;i:1;i:2;i:2;i:3;}}i:134;a:4:{s:1:\"a\";i:135;s:1:\"b\";s:23:\"create_welcome::section\";s:1:\"c\";s:3:\"web\";s:1:\"r\";a:3:{i:0;i:1;i:1;i:2;i:2;i:3;}}i:135;a:4:{s:1:\"a\";i:136;s:1:\"b\";s:23:\"update_welcome::section\";s:1:\"c\";s:3:\"web\";s:1:\"r\";a:3:{i:0;i:1;i:1;i:2;i:2;i:3;}}i:136;a:4:{s:1:\"a\";i:137;s:1:\"b\";s:24:\"restore_welcome::section\";s:1:\"c\";s:3:\"web\";s:1:\"r\";a:3:{i:0;i:1;i:1;i:2;i:2;i:3;}}i:137;a:4:{s:1:\"a\";i:138;s:1:\"b\";s:28:\"restore_any_welcome::section\";s:1:\"c\";s:3:\"web\";s:1:\"r\";a:3:{i:0;i:1;i:1;i:2;i:2;i:3;}}i:138;a:4:{s:1:\"a\";i:139;s:1:\"b\";s:26:\"replicate_welcome::section\";s:1:\"c\";s:3:\"web\";s:1:\"r\";a:3:{i:0;i:1;i:1;i:2;i:2;i:3;}}i:139;a:4:{s:1:\"a\";i:140;s:1:\"b\";s:24:\"reorder_welcome::section\";s:1:\"c\";s:3:\"web\";s:1:\"r\";a:3:{i:0;i:1;i:1;i:2;i:2;i:3;}}i:140;a:4:{s:1:\"a\";i:141;s:1:\"b\";s:23:\"delete_welcome::section\";s:1:\"c\";s:3:\"web\";s:1:\"r\";a:3:{i:0;i:1;i:1;i:2;i:2;i:3;}}i:141;a:4:{s:1:\"a\";i:142;s:1:\"b\";s:27:\"delete_any_welcome::section\";s:1:\"c\";s:3:\"web\";s:1:\"r\";a:3:{i:0;i:1;i:1;i:2;i:2;i:3;}}i:142;a:4:{s:1:\"a\";i:143;s:1:\"b\";s:29:\"force_delete_welcome::section\";s:1:\"c\";s:3:\"web\";s:1:\"r\";a:3:{i:0;i:1;i:1;i:2;i:2;i:3;}}i:143;a:4:{s:1:\"a\";i:144;s:1:\"b\";s:33:\"force_delete_any_welcome::section\";s:1:\"c\";s:3:\"web\";s:1:\"r\";a:3:{i:0;i:1;i:1;i:2;i:2;i:3;}}i:144;a:4:{s:1:\"a\";i:145;s:1:\"b\";s:17:\"page_ManageFooter\";s:1:\"c\";s:3:\"web\";s:1:\"r\";a:2:{i:0;i:1;i:1;i:2;}}i:145;a:4:{s:1:\"a\";i:146;s:1:\"b\";s:17:\"page_ManageHeader\";s:1:\"c\";s:3:\"web\";s:1:\"r\";a:2:{i:0;i:1;i:1;i:2;}}i:146;a:4:{s:1:\"a\";i:147;s:1:\"b\";s:24:\"page_ManageSidebarDesign\";s:1:\"c\";s:3:\"web\";s:1:\"r\";a:2:{i:0;i:1;i:1;i:2;}}i:147;a:4:{s:1:\"a\";i:148;s:1:\"b\";s:9:\"view_role\";s:1:\"c\";s:3:\"web\";s:1:\"r\";a:1:{i:0;i:1;}}i:148;a:4:{s:1:\"a\";i:149;s:1:\"b\";s:13:\"view_any_role\";s:1:\"c\";s:3:\"web\";s:1:\"r\";a:1:{i:0;i:1;}}i:149;a:4:{s:1:\"a\";i:150;s:1:\"b\";s:11:\"create_role\";s:1:\"c\";s:3:\"web\";s:1:\"r\";a:1:{i:0;i:1;}}i:150;a:4:{s:1:\"a\";i:151;s:1:\"b\";s:11:\"update_role\";s:1:\"c\";s:3:\"web\";s:1:\"r\";a:1:{i:0;i:1;}}i:151;a:4:{s:1:\"a\";i:152;s:1:\"b\";s:11:\"delete_role\";s:1:\"c\";s:3:\"web\";s:1:\"r\";a:1:{i:0;i:1;}}i:152;a:4:{s:1:\"a\";i:153;s:1:\"b\";s:15:\"delete_any_role\";s:1:\"c\";s:3:\"web\";s:1:\"r\";a:1:{i:0;i:1;}}i:153;a:4:{s:1:\"a\";i:154;s:1:\"b\";s:12:\"view_setting\";s:1:\"c\";s:3:\"web\";s:1:\"r\";a:1:{i:0;i:1;}}i:154;a:4:{s:1:\"a\";i:155;s:1:\"b\";s:16:\"view_any_setting\";s:1:\"c\";s:3:\"web\";s:1:\"r\";a:1:{i:0;i:1;}}i:155;a:4:{s:1:\"a\";i:156;s:1:\"b\";s:14:\"create_setting\";s:1:\"c\";s:3:\"web\";s:1:\"r\";a:1:{i:0;i:1;}}i:156;a:4:{s:1:\"a\";i:157;s:1:\"b\";s:14:\"update_setting\";s:1:\"c\";s:3:\"web\";s:1:\"r\";a:1:{i:0;i:1;}}i:157;a:4:{s:1:\"a\";i:158;s:1:\"b\";s:15:\"restore_setting\";s:1:\"c\";s:3:\"web\";s:1:\"r\";a:1:{i:0;i:1;}}i:158;a:4:{s:1:\"a\";i:159;s:1:\"b\";s:19:\"restore_any_setting\";s:1:\"c\";s:3:\"web\";s:1:\"r\";a:1:{i:0;i:1;}}i:159;a:4:{s:1:\"a\";i:160;s:1:\"b\";s:17:\"replicate_setting\";s:1:\"c\";s:3:\"web\";s:1:\"r\";a:1:{i:0;i:1;}}i:160;a:4:{s:1:\"a\";i:161;s:1:\"b\";s:15:\"reorder_setting\";s:1:\"c\";s:3:\"web\";s:1:\"r\";a:1:{i:0;i:1;}}i:161;a:4:{s:1:\"a\";i:162;s:1:\"b\";s:14:\"delete_setting\";s:1:\"c\";s:3:\"web\";s:1:\"r\";a:1:{i:0;i:1;}}i:162;a:4:{s:1:\"a\";i:163;s:1:\"b\";s:18:\"delete_any_setting\";s:1:\"c\";s:3:\"web\";s:1:\"r\";a:1:{i:0;i:1;}}i:163;a:4:{s:1:\"a\";i:164;s:1:\"b\";s:20:\"force_delete_setting\";s:1:\"c\";s:3:\"web\";s:1:\"r\";a:1:{i:0;i:1;}}i:164;a:4:{s:1:\"a\";i:165;s:1:\"b\";s:24:\"force_delete_any_setting\";s:1:\"c\";s:3:\"web\";s:1:\"r\";a:1:{i:0;i:1;}}}s:5:\"roles\";a:3:{i:0;a:3:{s:1:\"a\";i:1;s:1:\"b\";s:11:\"super_admin\";s:1:\"c\";s:3:\"web\";}i:1;a:3:{s:1:\"a\";i:2;s:1:\"b\";s:5:\"admin\";s:1:\"c\";s:3:\"web\";}i:2;a:3:{s:1:\"a\";i:3;s:1:\"b\";s:10:\"panel_user\";s:1:\"c\";s:3:\"web\";}}}',1776322739),('laravel-cache-stats.notices_count','i:11;',1776237625),('laravel-cache-stats.pages_count','i:42;',1776237625),('laravel-cache-stats.sliders_count','i:3;',1776237625),('laravel-cache-stats.users_count','i:7;',1776237625);
/*!40000 ALTER TABLE `cache` ENABLE KEYS */;
UNLOCK TABLES;

--
-- Table structure for table `cache_locks`
--

DROP TABLE IF EXISTS `cache_locks`;
/*!40101 SET @saved_cs_client     = @@character_set_client */;
/*!50503 SET character_set_client = utf8mb4 */;
CREATE TABLE `cache_locks` (
  `key` varchar(255) COLLATE utf8mb4_unicode_ci NOT NULL,
  `owner` varchar(255) COLLATE utf8mb4_unicode_ci NOT NULL,
  `expiration` int NOT NULL,
  PRIMARY KEY (`key`)
) ENGINE=InnoDB DEFAULT CHARSET=utf8mb4 COLLATE=utf8mb4_unicode_ci;
/*!40101 SET character_set_client = @saved_cs_client */;

--
-- Dumping data for table `cache_locks`
--

LOCK TABLES `cache_locks` WRITE;
/*!40000 ALTER TABLE `cache_locks` DISABLE KEYS */;
/*!40000 ALTER TABLE `cache_locks` ENABLE KEYS */;
UNLOCK TABLES;

--
-- Table structure for table `failed_jobs`
--

DROP TABLE IF EXISTS `failed_jobs`;
/*!40101 SET @saved_cs_client     = @@character_set_client */;
/*!50503 SET character_set_client = utf8mb4 */;
CREATE TABLE `failed_jobs` (
  `id` bigint unsigned NOT NULL AUTO_INCREMENT,
  `uuid` varchar(255) COLLATE utf8mb4_unicode_ci NOT NULL,
  `connection` text COLLATE utf8mb4_unicode_ci NOT NULL,
  `queue` text COLLATE utf8mb4_unicode_ci NOT NULL,
  `payload` longtext COLLATE utf8mb4_unicode_ci NOT NULL,
  `exception` longtext COLLATE utf8mb4_unicode_ci NOT NULL,
  `failed_at` timestamp NOT NULL DEFAULT CURRENT_TIMESTAMP,
  PRIMARY KEY (`id`),
  UNIQUE KEY `failed_jobs_uuid_unique` (`uuid`)
) ENGINE=InnoDB DEFAULT CHARSET=utf8mb4 COLLATE=utf8mb4_unicode_ci;
/*!40101 SET character_set_client = @saved_cs_client */;

--
-- Dumping data for table `failed_jobs`
--

LOCK TABLES `failed_jobs` WRITE;
/*!40000 ALTER TABLE `failed_jobs` DISABLE KEYS */;
/*!40000 ALTER TABLE `failed_jobs` ENABLE KEYS */;
UNLOCK TABLES;

--
-- Table structure for table `footer_settings`
--

DROP TABLE IF EXISTS `footer_settings`;
/*!40101 SET @saved_cs_client     = @@character_set_client */;
/*!50503 SET character_set_client = utf8mb4 */;
CREATE TABLE `footer_settings` (
  `id` bigint unsigned NOT NULL AUTO_INCREMENT,
  `logo_url` text COLLATE utf8mb4_unicode_ci,
  `school_name` varchar(255) COLLATE utf8mb4_unicode_ci NOT NULL DEFAULT 'Barishal Cantonment Public School & College',
  `contact_title` varchar(255) COLLATE utf8mb4_unicode_ci NOT NULL DEFAULT 'CONTACT',
  `contact_phones` text COLLATE utf8mb4_unicode_ci,
  `contact_email` varchar(255) COLLATE utf8mb4_unicode_ci DEFAULT NULL,
  `contact_address` text COLLATE utf8mb4_unicode_ci,
  `featured_links_title` varchar(255) COLLATE utf8mb4_unicode_ci NOT NULL DEFAULT 'FEATURED LINKS',
  `featured_links` text COLLATE utf8mb4_unicode_ci,
  `facebook_title` varchar(255) COLLATE utf8mb4_unicode_ci NOT NULL DEFAULT 'OUR FACEBOOK PAGE',
  `facebook_embed_url` text COLLATE utf8mb4_unicode_ci,
  `facebook_url` varchar(255) COLLATE utf8mb4_unicode_ci DEFAULT NULL,
  `twitter_url` varchar(255) COLLATE utf8mb4_unicode_ci DEFAULT NULL,
  `copyright_text` varchar(255) COLLATE utf8mb4_unicode_ci NOT NULL DEFAULT 'Copyright ©2024 BCPSC | Developed By Trust Innovation Ltd.',
  `privacy_policy_url` varchar(255) COLLATE utf8mb4_unicode_ci DEFAULT NULL,
  `created_at` timestamp NULL DEFAULT NULL,
  `updated_at` timestamp NULL DEFAULT NULL,
  PRIMARY KEY (`id`)
) ENGINE=InnoDB AUTO_INCREMENT=2 DEFAULT CHARSET=utf8mb4 COLLATE=utf8mb4_unicode_ci;
/*!40101 SET character_set_client = @saved_cs_client */;

--
-- Dumping data for table `footer_settings`
--

LOCK TABLES `footer_settings` WRITE;
/*!40000 ALTER TABLE `footer_settings` DISABLE KEYS */;
INSERT INTO `footer_settings` VALUES (1,'https://drive.google.com/file/d/1LpcYwD9mhMZcL-v1BM52V_dipYeqBpP6/view?usp=sharing','Dhaka Cantonment Girls\' Public School and College','CONTACT','[{\"label\":\"Admin\",\"number\":\" 01769017725\"},{\"label\":\"Tuition Fee\",\"number\":\"01876862530\"},{\"label\":\"Transport\",\"number\":\"01769051740\"}]','dcgpsc2005@gmail.com','Signal Gate, Dhaka Cantonment\nDhaka-1206, Bangladesh.\nPhone (8am - 8pm)','Featured Links','[{\"title\":\"Education Board\",\"url\":\"https:\\/\\/www.dhakaeducationboard.gov.bd\\/site\\/\"}]','Facebook Page','https://www.facebook.com/dcgpsc/','https://www.facebook.com/dcgpsc/',NULL,'Copyright ©2026 dcgpsc| Developed By Trust Innovation Ltd..',NULL,'2025-11-22 14:27:15','2026-03-16 04:17:49');
/*!40000 ALTER TABLE `footer_settings` ENABLE KEYS */;
UNLOCK TABLES;

--
-- Table structure for table `governing_body_members`
--

DROP TABLE IF EXISTS `governing_body_members`;
/*!40101 SET @saved_cs_client     = @@character_set_client */;
/*!50503 SET character_set_client = utf8mb4 */;
CREATE TABLE `governing_body_members` (
  `id` bigint unsigned NOT NULL AUTO_INCREMENT,
  `name` varchar(255) COLLATE utf8mb4_unicode_ci NOT NULL,
  `designation` varchar(255) COLLATE utf8mb4_unicode_ci DEFAULT NULL,
  `description` text COLLATE utf8mb4_unicode_ci,
  `photo_url` text COLLATE utf8mb4_unicode_ci,
  `order` int NOT NULL DEFAULT '0',
  `is_active` tinyint(1) NOT NULL DEFAULT '1',
  `created_at` timestamp NULL DEFAULT NULL,
  `updated_at` timestamp NULL DEFAULT NULL,
  `role_id` bigint unsigned DEFAULT NULL,
  PRIMARY KEY (`id`),
  KEY `governing_body_members_role_id_foreign` (`role_id`),
  CONSTRAINT `governing_body_members_role_id_foreign` FOREIGN KEY (`role_id`) REFERENCES `governing_body_roles` (`id`) ON DELETE SET NULL
) ENGINE=InnoDB AUTO_INCREMENT=18 DEFAULT CHARSET=utf8mb4 COLLATE=utf8mb4_unicode_ci;
/*!40101 SET character_set_client = @saved_cs_client */;

--
-- Dumping data for table `governing_body_members`
--

LOCK TABLES `governing_body_members` WRITE;
/*!40000 ALTER TABLE `governing_body_members` DISABLE KEYS */;
INSERT INTO `governing_body_members` VALUES (1,'Brig Gen Kazi Mustafizur Rahman','SPP, ndc, psc',NULL,'https://drive.google.com/thumbnail?id=1t3hzSL0QTEa3mNzGwa5-enEqwhXw6L8w&sz=w1920',1,1,'2026-03-10 04:17:29','2026-03-23 09:00:45',6),(7,'Col Md Mamun Azad Salehin','afwc, psc',NULL,'https://drive.google.com/file/d/1hWnJoIPEfjXMTx73VsSh2Bp6cKoA6p86/view?usp=sharing',2,1,'2026-03-23 09:09:44','2026-03-23 09:09:44',9),(8,'Lt Col Farhana Pervin Khan','AEC',NULL,'https://drive.google.com/file/d/11LW4nuLhstPc1wwunQ7EJArMRCxM34rI/view?usp=sharing',3,1,'2026-03-23 09:10:51','2026-03-23 09:10:51',8),(9,'Lt Col Md Ferdous Hasan','psc','Engrs GE (Army) North, Dhaka','https://drive.google.com/file/d/1nE1sJp-wIpbhw5cIeROd5y5dns_EWusD/view?usp=sharing',4,1,'2026-03-23 09:12:23','2026-03-23 09:12:23',10),(10,'Maj A.N.M. Saif Uddin','AEC',' GSO-2 (Edn), AHQ GS Br, Edn Dte','https://drive.google.com/file/d/1bjYQByzBoRPQTSzs8pMnOS3aW2lp2mOq/view?usp=sharing',5,1,'2026-03-23 09:13:46','2026-03-23 09:13:46',8),(11,'Md. Kamruzzaman',NULL,NULL,'https://drive.google.com/file/d/1qsWFbmsog1xIOrHmI2zeUY627hqfGyt7/view?usp=sharing',6,1,'2026-03-23 09:15:39','2026-03-23 09:15:39',15),(12,'Sarker Md. Gias Uddin',NULL,NULL,'https://drive.google.com/file/d/1QnMqCpmhNQ8D6HWh12nTNVIkgvd93IiI/view?usp=sharing',7,1,'2026-03-23 09:16:50','2026-03-23 09:16:50',11),(13,'Mohammad Belal Uddin',NULL,NULL,'https://drive.google.com/file/d/1L3tdHPc8DPo05ptBUvwTu-I0dH5rwHM-/view?usp=sharing',8,1,'2026-03-23 09:17:41','2026-03-23 09:17:41',12),(14,'Sumbul Zohra',NULL,NULL,'https://drive.google.com/file/d/1Y11zs7z8jGpBgiQxLsSsLQ-LHsGxGQhC/view?usp=sharing',9,1,'2026-03-23 09:18:24','2026-03-23 09:18:24',12),(15,'Bidyut Cakrabarti',NULL,NULL,'https://drive.google.com/file/d/1UeKmVrVCt8kL78ZjsBNiMK6U7xH5DSyw/view?usp=sharing',10,1,'2026-03-23 09:19:22','2026-03-23 09:19:22',13),(16,'Major Md. Ehsanul Haque','AMC',NULL,'https://drive.google.com/file/d/1Hx5b6Jqb1B-ZiDXcrLBvt1HqA_BahPBG/view?usp=sharing',11,1,'2026-03-23 09:20:19','2026-03-23 09:20:19',13),(17,'Nadia Begum',NULL,NULL,'https://drive.google.com/file/d/1z_V7AwpniZBXBBIDHCXoJ25H52dn8cbq/view?usp=sharing',12,1,'2026-03-23 09:21:04','2026-03-23 09:21:04',13);
/*!40000 ALTER TABLE `governing_body_members` ENABLE KEYS */;
UNLOCK TABLES;

--
-- Table structure for table `governing_body_roles`
--

DROP TABLE IF EXISTS `governing_body_roles`;
/*!40101 SET @saved_cs_client     = @@character_set_client */;
/*!50503 SET character_set_client = utf8mb4 */;
CREATE TABLE `governing_body_roles` (
  `id` bigint unsigned NOT NULL AUTO_INCREMENT,
  `name` varchar(255) COLLATE utf8mb4_unicode_ci NOT NULL,
  `name_font_size` varchar(255) COLLATE utf8mb4_unicode_ci NOT NULL DEFAULT '1.2rem',
  `name_color` varchar(255) COLLATE utf8mb4_unicode_ci NOT NULL DEFAULT '#2c3e50',
  `designation_font_size` varchar(255) COLLATE utf8mb4_unicode_ci NOT NULL DEFAULT '1rem',
  `designation_color` varchar(255) COLLATE utf8mb4_unicode_ci NOT NULL DEFAULT '#3498db',
  `badge_bg_color` varchar(255) COLLATE utf8mb4_unicode_ci NOT NULL DEFAULT '#27ae60',
  `badge_text_color` varchar(255) COLLATE utf8mb4_unicode_ci NOT NULL DEFAULT '#ffffff',
  `order` int NOT NULL DEFAULT '0',
  `is_active` tinyint(1) NOT NULL DEFAULT '1',
  `created_at` timestamp NULL DEFAULT NULL,
  `updated_at` timestamp NULL DEFAULT NULL,
  PRIMARY KEY (`id`)
) ENGINE=InnoDB AUTO_INCREMENT=16 DEFAULT CHARSET=utf8mb4 COLLATE=utf8mb4_unicode_ci;
/*!40101 SET character_set_client = @saved_cs_client */;

--
-- Dumping data for table `governing_body_roles`
--

LOCK TABLES `governing_body_roles` WRITE;
/*!40000 ALTER TABLE `governing_body_roles` DISABLE KEYS */;
INSERT INTO `governing_body_roles` VALUES (5,'Chief Patron','16px','#2c3e50','1rem','#015400','#27ae60','#ffffff',0,1,'2026-03-10 05:52:39','2026-03-10 06:01:55'),(6,'Chairman','20px','#2c3e50','1rem','#3498db','#2980b9','#ffffff',0,1,'2026-03-10 05:52:39','2026-03-10 05:52:39'),(7,'Secretary','1.2rem','#2c3e50','1rem','#3498db','#8e44ad','#ffffff',0,1,'2026-03-10 05:52:39','2026-03-10 05:52:39'),(8,'Member','1.2rem','#2c3e50','1rem','#3498db','#27ae60','#ffffff',0,1,'2026-03-10 05:52:39','2026-03-10 05:52:39'),(9,'Principal & Member Secretary','20px','#2c3e50','16px','#3498db','#27ae60','#ffffff',0,1,'2026-03-23 09:01:44','2026-03-23 09:01:44'),(10,'Member Representative','20px','#2c3e50','16px','#3498db','#27ae60','#ffffff',0,1,'2026-03-23 09:01:51','2026-03-23 09:01:51'),(11,'Teacher Representative, College','20px','#2c3e50','16px','#3498db','#27ae60','#ffffff',0,1,'2026-03-23 09:02:03','2026-03-23 09:02:03'),(12,'Teacher Representative, School','20px','#2c3e50','16px','#3498db','#27ae60','#ffffff',0,1,'2026-03-23 09:02:14','2026-03-23 09:02:14'),(13,'Guardian Representative, College','20px','#2c3e50','16px','#3498db','#27ae60','#ffffff',0,1,'2026-03-23 09:02:20','2026-03-23 09:02:20'),(14,'Guardian Representative, School','20px','#2c3e50','16px','#3498db','#27ae60','#ffffff',0,1,'2026-03-23 09:02:36','2026-03-23 09:02:36'),(15,'Vice Principal','20px','#2c3e50','16px','#3498db','#27ae60','#ffffff',0,1,'2026-03-23 09:14:41','2026-03-23 09:14:41');
/*!40000 ALTER TABLE `governing_body_roles` ENABLE KEYS */;
UNLOCK TABLES;

--
-- Table structure for table `header_settings`
--

DROP TABLE IF EXISTS `header_settings`;
/*!40101 SET @saved_cs_client     = @@character_set_client */;
/*!50503 SET character_set_client = utf8mb4 */;
CREATE TABLE `header_settings` (
  `id` bigint unsigned NOT NULL AUTO_INCREMENT,
  `email` varchar(255) COLLATE utf8mb4_unicode_ci DEFAULT NULL,
  `phones` longtext CHARACTER SET utf8mb4 COLLATE utf8mb4_bin,
  `facebook_url` varchar(255) COLLATE utf8mb4_unicode_ci DEFAULT NULL,
  `youtube_url` varchar(255) COLLATE utf8mb4_unicode_ci DEFAULT NULL,
  `twitter_url` varchar(255) COLLATE utf8mb4_unicode_ci DEFAULT NULL,
  `instagram_url` varchar(255) COLLATE utf8mb4_unicode_ci DEFAULT NULL,
  `linkedin_url` varchar(255) COLLATE utf8mb4_unicode_ci DEFAULT NULL,
  `show_login_link` tinyint(1) NOT NULL DEFAULT '1',
  `show_top_bar` tinyint(1) NOT NULL DEFAULT '1',
  `logo_url` text COLLATE utf8mb4_unicode_ci,
  `favicon_url` text COLLATE utf8mb4_unicode_ci,
  `site_name` varchar(255) COLLATE utf8mb4_unicode_ci NOT NULL DEFAULT 'BARISHAL CANTONMENT PUBLIC SCHOOL & COLLEGE',
  `is_shop_enabled` tinyint(1) NOT NULL DEFAULT '1',
  `site_name_font_size` varchar(255) COLLATE utf8mb4_unicode_ci DEFAULT '1.5rem',
  `site_name_bangla` varchar(255) COLLATE utf8mb4_unicode_ci NOT NULL DEFAULT 'বরিশাল ক্যান্টনমেন্ট পাবলিক স্কুল ও কলেজ',
  `eiin` varchar(255) COLLATE utf8mb4_unicode_ci NOT NULL DEFAULT 'Barishal Cantonment, EIIN:136998',
  `action_buttons` longtext CHARACTER SET utf8mb4 COLLATE utf8mb4_bin,
  `show_notice_ticker` tinyint(1) DEFAULT '1',
  `notice_ticker_label` varchar(255) COLLATE utf8mb4_unicode_ci NOT NULL DEFAULT 'LATEST NEWS',
  `notice_ticker_limit` int DEFAULT '10',
  `ticker_position` varchar(255) COLLATE utf8mb4_unicode_ci NOT NULL DEFAULT 'below_slider',
  `created_at` timestamp NULL DEFAULT NULL,
  `updated_at` timestamp NULL DEFAULT NULL,
  PRIMARY KEY (`id`),
  CONSTRAINT `header_settings_chk_1` CHECK (json_valid(`phones`)),
  CONSTRAINT `header_settings_chk_2` CHECK (json_valid(`action_buttons`))
) ENGINE=InnoDB AUTO_INCREMENT=2 DEFAULT CHARSET=utf8mb4 COLLATE=utf8mb4_unicode_ci;
/*!40101 SET character_set_client = @saved_cs_client */;

--
-- Dumping data for table `header_settings`
--

LOCK TABLES `header_settings` WRITE;
/*!40000 ALTER TABLE `header_settings` DISABLE KEYS */;
INSERT INTO `header_settings` VALUES (1,'dcgpsc2005@gmail.com','[{\"number\":\"01769017725\"}]',NULL,NULL,NULL,NULL,NULL,0,0,'https://drive.google.com/file/d/1WBejVYWV--Bsv6AD13ewkuyg5ptn4ZQ-/view?usp=sharing','https://drive.google.com/file/d/1LpcYwD9mhMZcL-v1BM52V_dipYeqBpP6/view?usp=sharing','Dhaka Cantonment Girls\' Public School and College',0,'22px','ঢাকা ক্যান্টনমেন্ট গার্লস পাবলিক স্কুল এন্ড কলেজ','School Code : 1160 | College Code : 1114 | EIIN : 132090','[{\"url\":\"online-admission\",\"label\":\"Admission\",\"order\":\"2\",\"bg_color\":\"#f20000\",\"text_color\":\"#ffffff\"},{\"url\":\"https:\\/\\/admission.trusteduerp.xyz\\/job\\/apply?insId=1012\",\"label\":\"E-Recruement \",\"order\":\"1\",\"bg_color\":\"#00918d\",\"text_color\":\"#ffffff\"},{\"url\":\"https:\\/\\/s3.trusteduerp.xyz\\/st\\/login?insId=1012\",\"label\":\"Student Login\",\"order\":\"3\",\"bg_color\":\"#00a5d1\",\"text_color\":\"#ffffff\"}]',1,'LATEST NOTICE',3,'above_slider','2025-11-22 14:34:32','2026-04-15 04:09:46');
/*!40000 ALTER TABLE `header_settings` ENABLE KEYS */;
UNLOCK TABLES;

--
-- Table structure for table `important_links`
--

DROP TABLE IF EXISTS `important_links`;
/*!40101 SET @saved_cs_client     = @@character_set_client */;
/*!50503 SET character_set_client = utf8mb4 */;
CREATE TABLE `important_links` (
  `id` bigint unsigned NOT NULL AUTO_INCREMENT,
  `title` varchar(255) COLLATE utf8mb4_unicode_ci NOT NULL,
  `url` varchar(255) COLLATE utf8mb4_unicode_ci NOT NULL,
  `order` int NOT NULL DEFAULT '0',
  `is_active` tinyint(1) NOT NULL DEFAULT '1',
  `created_at` timestamp NULL DEFAULT NULL,
  `updated_at` timestamp NULL DEFAULT NULL,
  `menu_id` bigint unsigned DEFAULT NULL,
  PRIMARY KEY (`id`),
  KEY `important_links_menu_id_foreign` (`menu_id`),
  CONSTRAINT `important_links_menu_id_foreign` FOREIGN KEY (`menu_id`) REFERENCES `menus` (`id`) ON DELETE SET NULL
) ENGINE=InnoDB AUTO_INCREMENT=18 DEFAULT CHARSET=utf8mb4 COLLATE=utf8mb4_unicode_ci;
/*!40101 SET character_set_client = @saved_cs_client */;

--
-- Dumping data for table `important_links`
--

LOCK TABLES `important_links` WRITE;
/*!40000 ALTER TABLE `important_links` DISABLE KEYS */;
INSERT INTO `important_links` VALUES (10,'Governing Body','/governing-body',0,1,'2026-03-14 09:27:50','2026-03-14 09:27:50',44),(12,'Message of the Chairman','/message/brig-gen-kazi-mustafizur-rahman',1,1,'2026-03-23 09:44:33','2026-03-23 09:44:33',41),(13,'Message of Principal','/message/col-md-mamun-azad-salehin',2,1,'2026-03-23 09:44:45','2026-03-23 09:44:45',42),(14,'History','/history',4,1,'2026-03-23 09:44:57','2026-03-23 09:44:57',38),(15,'Mission & Vision','/mission-vision',5,1,'2026-03-23 09:45:35','2026-03-23 09:45:35',65),(16,'Infrastructure ','/infrastructure',6,1,'2026-04-02 01:35:48','2026-04-02 01:35:48',77),(17,'Class Routine','/class-routine',8,1,'2026-04-02 01:37:38','2026-04-02 01:37:38',71);
/*!40000 ALTER TABLE `important_links` ENABLE KEYS */;
UNLOCK TABLES;

--
-- Table structure for table `job_batches`
--

DROP TABLE IF EXISTS `job_batches`;
/*!40101 SET @saved_cs_client     = @@character_set_client */;
/*!50503 SET character_set_client = utf8mb4 */;
CREATE TABLE `job_batches` (
  `id` varchar(255) COLLATE utf8mb4_unicode_ci NOT NULL,
  `name` varchar(255) COLLATE utf8mb4_unicode_ci NOT NULL,
  `total_jobs` int NOT NULL,
  `pending_jobs` int NOT NULL,
  `failed_jobs` int NOT NULL,
  `failed_job_ids` longtext COLLATE utf8mb4_unicode_ci NOT NULL,
  `options` mediumtext COLLATE utf8mb4_unicode_ci,
  `cancelled_at` int DEFAULT NULL,
  `created_at` int NOT NULL,
  `finished_at` int DEFAULT NULL,
  PRIMARY KEY (`id`)
) ENGINE=InnoDB DEFAULT CHARSET=utf8mb4 COLLATE=utf8mb4_unicode_ci;
/*!40101 SET character_set_client = @saved_cs_client */;

--
-- Dumping data for table `job_batches`
--

LOCK TABLES `job_batches` WRITE;
/*!40000 ALTER TABLE `job_batches` DISABLE KEYS */;
/*!40000 ALTER TABLE `job_batches` ENABLE KEYS */;
UNLOCK TABLES;

--
-- Table structure for table `jobs`
--

DROP TABLE IF EXISTS `jobs`;
/*!40101 SET @saved_cs_client     = @@character_set_client */;
/*!50503 SET character_set_client = utf8mb4 */;
CREATE TABLE `jobs` (
  `id` bigint unsigned NOT NULL AUTO_INCREMENT,
  `queue` varchar(255) COLLATE utf8mb4_unicode_ci NOT NULL,
  `payload` longtext COLLATE utf8mb4_unicode_ci NOT NULL,
  `attempts` tinyint unsigned NOT NULL,
  `reserved_at` int unsigned DEFAULT NULL,
  `available_at` int unsigned NOT NULL,
  `created_at` int unsigned NOT NULL,
  PRIMARY KEY (`id`),
  KEY `jobs_queue_index` (`queue`)
) ENGINE=InnoDB DEFAULT CHARSET=utf8mb4 COLLATE=utf8mb4_unicode_ci;
/*!40101 SET character_set_client = @saved_cs_client */;

--
-- Dumping data for table `jobs`
--

LOCK TABLES `jobs` WRITE;
/*!40000 ALTER TABLE `jobs` DISABLE KEYS */;
/*!40000 ALTER TABLE `jobs` ENABLE KEYS */;
UNLOCK TABLES;

--
-- Table structure for table `location_maps`
--

DROP TABLE IF EXISTS `location_maps`;
/*!40101 SET @saved_cs_client     = @@character_set_client */;
/*!50503 SET character_set_client = utf8mb4 */;
CREATE TABLE `location_maps` (
  `id` bigint unsigned NOT NULL AUTO_INCREMENT,
  `title` varchar(255) COLLATE utf8mb4_unicode_ci NOT NULL DEFAULT 'Our Location',
  `embed_code` text COLLATE utf8mb4_unicode_ci,
  `address` varchar(255) COLLATE utf8mb4_unicode_ci DEFAULT NULL,
  `phone` varchar(255) COLLATE utf8mb4_unicode_ci DEFAULT NULL,
  `email` varchar(255) COLLATE utf8mb4_unicode_ci DEFAULT NULL,
  `is_active` tinyint(1) NOT NULL DEFAULT '1',
  `order` int NOT NULL DEFAULT '0',
  `created_at` timestamp NULL DEFAULT NULL,
  `updated_at` timestamp NULL DEFAULT NULL,
  PRIMARY KEY (`id`)
) ENGINE=InnoDB AUTO_INCREMENT=2 DEFAULT CHARSET=utf8mb4 COLLATE=utf8mb4_unicode_ci;
/*!40101 SET character_set_client = @saved_cs_client */;

--
-- Dumping data for table `location_maps`
--

LOCK TABLES `location_maps` WRITE;
/*!40000 ALTER TABLE `location_maps` DISABLE KEYS */;
INSERT INTO `location_maps` VALUES (1,'Our Location','<iframe src=\"https://www.google.com/maps/embed?pb=!1m18!1m12!1m3!1d3649.970349337053!2d90.39465411013288!3d23.819653386026452!2m3!1f0!2f0!3f0!3m2!1i1024!2i768!4f13.1!3m3!1m2!1s0x3755c6e660af53b7%3A0x1ffc06334426208c!2sDhaka%20Cantonment%20Girls&#39;%20Public%20School%20%26%20College!5e0!3m2!1sen!2sbd!4v1773502495145!5m2!1sen!2sbd\" width=\"600\" height=\"450\" style=\"border:0;\" allowfullscreen=\"\" loading=\"lazy\" referrerpolicy=\"no-referrer-when-downgrade\"></iframe>','menu','01913162085','shimulvisa@gmail.com',1,0,'2025-12-31 19:45:51','2026-03-14 09:35:43');
/*!40000 ALTER TABLE `location_maps` ENABLE KEYS */;
UNLOCK TABLES;

--
-- Table structure for table `menu_card_items`
--

DROP TABLE IF EXISTS `menu_card_items`;
/*!40101 SET @saved_cs_client     = @@character_set_client */;
/*!50503 SET character_set_client = utf8mb4 */;
CREATE TABLE `menu_card_items` (
  `id` bigint unsigned NOT NULL AUTO_INCREMENT,
  `menu_card_id` bigint unsigned NOT NULL,
  `title` varchar(255) COLLATE utf8mb4_unicode_ci NOT NULL,
  `url` varchar(255) COLLATE utf8mb4_unicode_ci DEFAULT NULL,
  `page_id` bigint unsigned DEFAULT NULL,
  `order` int NOT NULL DEFAULT '0',
  `is_active` tinyint(1) NOT NULL DEFAULT '1',
  `created_at` timestamp NULL DEFAULT NULL,
  `updated_at` timestamp NULL DEFAULT NULL,
  PRIMARY KEY (`id`),
  KEY `menu_card_items_menu_card_id_foreign` (`menu_card_id`),
  KEY `menu_card_items_page_id_foreign` (`page_id`),
  CONSTRAINT `menu_card_items_menu_card_id_foreign` FOREIGN KEY (`menu_card_id`) REFERENCES `menu_cards` (`id`) ON DELETE CASCADE,
  CONSTRAINT `menu_card_items_page_id_foreign` FOREIGN KEY (`page_id`) REFERENCES `pages` (`id`) ON DELETE SET NULL
) ENGINE=InnoDB AUTO_INCREMENT=16 DEFAULT CHARSET=utf8mb4 COLLATE=utf8mb4_unicode_ci;
/*!40101 SET character_set_client = @saved_cs_client */;

--
-- Dumping data for table `menu_card_items`
--

LOCK TABLES `menu_card_items` WRITE;
/*!40000 ALTER TABLE `menu_card_items` DISABLE KEYS */;
INSERT INTO `menu_card_items` VALUES (1,1,'History',NULL,21,1,1,'2025-11-22 13:47:46','2026-03-26 03:28:46'),(2,1,'Governing Body',NULL,23,2,1,'2025-11-22 13:48:51','2026-03-26 03:28:46'),(3,1,'Mission & Vision',NULL,44,3,1,'2025-12-14 16:50:30','2026-03-26 03:28:46'),(4,1,'At a Glance',NULL,20,4,1,'2025-12-14 16:52:06','2026-03-26 03:28:46'),(5,2,'Exam Routine',NULL,52,1,1,'2025-12-14 16:55:15','2026-04-01 11:22:24'),(6,2,'Syllabus',NULL,24,2,1,'2025-12-14 16:55:15','2026-04-01 11:21:30'),(7,2,'Class Routine',NULL,51,3,1,'2025-12-14 16:55:15','2026-04-01 11:21:30'),(8,2,'Academic Calendar',NULL,25,4,1,'2025-12-14 16:55:15','2026-04-01 11:21:30'),(9,4,'Governing Body',NULL,23,1,1,'2026-04-01 11:25:55','2026-04-01 11:25:55'),(10,4,'Message of the Chairman','https://dcgpsc.trusteduerp.com/message/brig-gen-kazi-mustafizur-rahman',NULL,1,1,'2026-04-01 11:25:55','2026-04-01 11:25:55'),(11,4,'Message of the Principal','https://dcgpsc.trusteduerp.com/message/col-md-mamun-azad-salehin',NULL,2,1,'2026-04-01 11:25:55','2026-04-01 11:25:55'),(12,4,'Teacher and Staff ','https://s3.trusteduerp.xyz/op/teacher?insId=1012',NULL,4,1,'2026-04-01 11:26:43','2026-04-01 11:26:43'),(13,5,'Class Routine',NULL,51,1,1,'2026-04-02 01:40:24','2026-04-02 01:40:24'),(14,5,'Exam Routine',NULL,52,2,1,'2026-04-02 01:40:24','2026-04-02 01:40:24'),(15,5,'Public Exam Result',NULL,58,0,1,'2026-04-02 01:40:24','2026-04-02 01:40:24');
/*!40000 ALTER TABLE `menu_card_items` ENABLE KEYS */;
UNLOCK TABLES;

--
-- Table structure for table `menu_card_settings`
--

DROP TABLE IF EXISTS `menu_card_settings`;
/*!40101 SET @saved_cs_client     = @@character_set_client */;
/*!50503 SET character_set_client = utf8mb4 */;
CREATE TABLE `menu_card_settings` (
  `id` bigint unsigned NOT NULL AUTO_INCREMENT,
  `created_at` timestamp NULL DEFAULT NULL,
  `updated_at` timestamp NULL DEFAULT NULL,
  PRIMARY KEY (`id`)
) ENGINE=InnoDB DEFAULT CHARSET=utf8mb4 COLLATE=utf8mb4_unicode_ci;
/*!40101 SET character_set_client = @saved_cs_client */;

--
-- Dumping data for table `menu_card_settings`
--

LOCK TABLES `menu_card_settings` WRITE;
/*!40000 ALTER TABLE `menu_card_settings` DISABLE KEYS */;
/*!40000 ALTER TABLE `menu_card_settings` ENABLE KEYS */;
UNLOCK TABLES;

--
-- Table structure for table `menu_cards`
--

DROP TABLE IF EXISTS `menu_cards`;
/*!40101 SET @saved_cs_client     = @@character_set_client */;
/*!50503 SET character_set_client = utf8mb4 */;
CREATE TABLE `menu_cards` (
  `id` bigint unsigned NOT NULL AUTO_INCREMENT,
  `title` varchar(255) COLLATE utf8mb4_unicode_ci NOT NULL,
  `icon_url` text COLLATE utf8mb4_unicode_ci,
  `bg_color` varchar(255) COLLATE utf8mb4_unicode_ci NOT NULL DEFAULT '#0a4d3c',
  `template` varchar(255) COLLATE utf8mb4_unicode_ci NOT NULL DEFAULT 'template_1',
  `order` int NOT NULL DEFAULT '0',
  `is_active` tinyint(1) NOT NULL DEFAULT '1',
  `created_at` timestamp NULL DEFAULT NULL,
  `updated_at` timestamp NULL DEFAULT NULL,
  PRIMARY KEY (`id`)
) ENGINE=InnoDB AUTO_INCREMENT=7 DEFAULT CHARSET=utf8mb4 COLLATE=utf8mb4_unicode_ci;
/*!40101 SET character_set_client = @saved_cs_client */;

--
-- Dumping data for table `menu_cards`
--

LOCK TABLES `menu_cards` WRITE;
/*!40000 ALTER TABLE `menu_cards` DISABLE KEYS */;
INSERT INTO `menu_cards` VALUES (1,'About','https://bacpsc.edu.bd/wp-content/uploads/2024/10/pngwing.com-6-qjw6xoa2zmq0bmfiy0y114xrtalnymruj74dk6aj1k.png','#0a4d3c','template_1',1,1,'2025-11-22 13:47:46','2025-12-14 13:45:10'),(2,'Academic Info','https://bacpsc.edu.bd/wp-content/uploads/2024/10/school-icon-png-14040-pzdxpp8il32glqq3zma2c8b3htb2falm60ey31hv54.png','#0a4d3c','template_1',2,1,'2025-12-09 15:29:59','2025-12-14 16:46:31'),(3,'Student Corner','https://bacpsc.edu.bd/wp-content/uploads/2024/10/school-icon-png-14053-pzdxpq6crx3qxcoqu4oowq2k376fmzpci52fkbggyw.png','#0a4d3c','template_1',3,0,'2025-12-14 16:44:50','2026-04-02 01:41:26'),(4,'Administration','https://bacpsc.edu.bd/wp-content/uploads/2024/10/pngwing.com-2-300x300-1.png','#0a4d3c','template_1',4,1,'2025-12-14 16:45:05','2025-12-14 16:47:41'),(5,'Download','https://bacpsc.edu.bd/wp-content/uploads/2024/10/pngwing.com-1-q1mcc20kb9pnbp6i2e0av4bmi1g44gltvkxcl1p0q0.png','#0a4d3c','template_1',5,1,'2025-12-14 16:45:16','2025-12-14 16:48:15'),(6,'Miscellaneous','https://bacpsc.edu.bd/wp-content/uploads/2024/10/5231713-pzdy71dcn2suqtjir42cbut5xnusebfdvtlcqrsgdk.png','#0a4d3c','template_1',6,0,'2025-12-14 16:45:52','2026-04-02 01:41:33');
/*!40000 ALTER TABLE `menu_cards` ENABLE KEYS */;
UNLOCK TABLES;

--
-- Table structure for table `menus`
--

DROP TABLE IF EXISTS `menus`;
/*!40101 SET @saved_cs_client     = @@character_set_client */;
/*!50503 SET character_set_client = utf8mb4 */;
CREATE TABLE `menus` (
  `id` bigint unsigned NOT NULL AUTO_INCREMENT,
  `title` varchar(255) COLLATE utf8mb4_unicode_ci NOT NULL,
  `url` varchar(255) COLLATE utf8mb4_unicode_ci DEFAULT NULL,
  `page_id` bigint unsigned DEFAULT NULL,
  `parent_id` bigint unsigned DEFAULT NULL,
  `order` int NOT NULL DEFAULT '0',
  `is_active` tinyint(1) NOT NULL DEFAULT '1',
  `is_highlighted` tinyint(1) NOT NULL DEFAULT '0',
  `highlight_color` varchar(255) COLLATE utf8mb4_unicode_ci DEFAULT NULL,
  `created_at` timestamp NULL DEFAULT NULL,
  `updated_at` timestamp NULL DEFAULT NULL,
  PRIMARY KEY (`id`),
  KEY `menus_parent_id_foreign` (`parent_id`),
  KEY `menus_page_id_foreign` (`page_id`),
  CONSTRAINT `menus_page_id_foreign` FOREIGN KEY (`page_id`) REFERENCES `pages` (`id`) ON DELETE SET NULL,
  CONSTRAINT `menus_parent_id_foreign` FOREIGN KEY (`parent_id`) REFERENCES `menus` (`id`) ON DELETE CASCADE
) ENGINE=InnoDB AUTO_INCREMENT=87 DEFAULT CHARSET=utf8mb4 COLLATE=utf8mb4_unicode_ci;
/*!40101 SET character_set_client = @saved_cs_client */;

--
-- Dumping data for table `menus`
--

LOCK TABLES `menus` WRITE;
/*!40000 ALTER TABLE `menus` DISABLE KEYS */;
INSERT INTO `menus` VALUES (1,'Home','/',NULL,NULL,1,1,0,NULL,'2025-11-22 06:44:21','2025-11-22 06:44:21'),(2,'About',NULL,57,NULL,2,1,0,NULL,'2025-11-22 06:44:21','2026-04-01 23:23:29'),(3,'Academic',NULL,53,NULL,2,1,0,NULL,'2025-11-22 06:44:21','2026-04-01 23:25:46'),(4,'Administration',NULL,23,NULL,2,1,0,NULL,'2025-11-22 06:44:21','2025-12-29 14:15:37'),(5,'Notice','/notices',NULL,NULL,10,0,0,NULL,'2025-11-22 06:44:21','2026-04-02 00:39:44'),(6,'Admission',NULL,NULL,NULL,6,1,0,NULL,'2025-11-22 06:44:21','2026-04-01 23:56:07'),(8,'Co-Curriculam',NULL,37,NULL,8,0,0,NULL,'2025-11-22 06:44:21','2026-03-26 04:27:19'),(9,'Facilities',NULL,56,NULL,9,0,0,NULL,'2025-11-22 06:44:21','2026-04-01 23:32:37'),(11,'Login','/admin',NULL,NULL,11,0,0,NULL,'2025-11-22 06:44:21','2026-03-14 10:00:26'),(33,'Link BG',NULL,12,NULL,10,0,1,'#ff0000','2025-12-17 06:33:24','2025-12-29 11:54:33'),(34,'Gallery','/gallery',NULL,NULL,10,0,0,NULL,'2025-12-17 07:19:27','2026-04-02 00:40:33'),(35,'Photo Gallery','https://dhakacanttgirl-my.sharepoint.com/personal/photo_archive_dcgpsc_edu_bd/_layouts/15/onedrive.aspx?id=%2Fpersonal%2Fphoto%5Farchive%5Fdcgpsc%5Fedu%5Fbd%2FDocuments%2FPhoto%20Archive&ga=1',NULL,34,1,0,0,NULL,'2025-12-17 07:21:20','2026-04-11 04:27:41'),(36,'Video Gallery','/video-gallery',NULL,34,2,1,0,NULL,'2025-12-17 07:22:47','2026-03-30 21:44:56'),(37,'At a Glance',NULL,20,2,1,0,0,NULL,'2025-12-29 11:58:44','2026-04-01 23:20:47'),(38,'History',NULL,21,2,2,1,0,NULL,'2025-12-29 12:00:45','2025-12-29 12:00:45'),(39,'Why study DCGPSC',NULL,22,2,3,0,0,NULL,'2025-12-29 12:02:37','2026-04-01 23:25:00'),(40,'Message of Chief Patron','https://demo.mosconicuplive.com/message/chief-patron-massage',NULL,4,1,0,0,NULL,'2025-12-29 12:04:58','2026-03-16 04:35:07'),(41,'Message of the Chairman','/message/brig-gen-kazi-mustafizur-rahman',NULL,4,2,1,0,NULL,'2025-12-29 12:08:17','2026-03-16 04:34:32'),(42,'Message of Principal','/message/col-md-mamun-azad-salehin',NULL,4,3,1,0,NULL,'2025-12-29 12:08:57','2026-03-16 04:36:07'),(43,'Teacher & Staff','https://s3.trusteduerp.xyz/op/teacher?insId=1012',NULL,4,3,1,0,NULL,'2025-12-29 12:11:13','2026-03-16 04:37:23'),(44,'Governing Body',NULL,23,4,0,1,0,NULL,'2025-12-29 13:24:52','2025-12-29 13:24:52'),(45,'Syllabus',NULL,24,3,5,1,0,NULL,'2025-12-29 14:34:38','2026-04-01 23:29:55'),(47,'Academic calendar',NULL,25,3,3,0,0,NULL,'2025-12-29 14:38:53','2026-03-26 04:32:53'),(48,'Admission Circular',NULL,NULL,6,1,0,0,NULL,'2025-12-29 14:54:07','2026-04-01 23:34:22'),(49,'Admission Circular',NULL,26,6,2,1,0,NULL,'2025-12-29 14:57:26','2026-04-01 23:58:30'),(50,'Apply Online','https://admission.trusteduerp.xyz/op/admission?insId=-100',NULL,6,2,1,0,NULL,'2025-12-29 14:58:20','2026-04-01 23:53:31'),(51,'Library','https://s3.trusteduerp.xyz/st/login?insId=1012',NULL,NULL,10,1,0,NULL,'2025-12-29 16:40:30','2026-03-26 05:28:18'),(52,'School Library','https://s3.trusteduerp.xyz/op/library?insId=1012',NULL,51,1,1,0,NULL,'2025-12-29 16:42:05','2026-04-01 11:31:45'),(53,'Tuition Fee','https://s3.trusteduerp.xyz/st/login?insId=1012',NULL,NULL,9,1,1,'#dc3545','2025-12-29 16:43:20','2026-04-15 04:10:59'),(55,'Multimedia Class Room',NULL,28,9,1,1,0,NULL,'2025-12-29 17:27:40','2025-12-29 17:27:40'),(56,'Indoor Game',NULL,29,9,2,0,0,NULL,'2025-12-29 17:27:53','2026-03-26 04:26:15'),(57,'Outdoor Games',NULL,30,9,3,0,0,NULL,'2025-12-29 17:28:08','2026-03-26 04:26:47'),(58,'Library',NULL,31,9,4,1,0,NULL,'2025-12-29 17:28:23','2025-12-29 17:28:23'),(59,'Lab',NULL,32,9,5,1,0,NULL,'2025-12-29 17:28:39','2026-03-26 04:23:28'),(60,'Language Club',NULL,33,8,1,1,0,NULL,'2025-12-29 17:31:53','2025-12-29 17:31:53'),(61,'Debate Club',NULL,34,8,2,1,0,NULL,'2025-12-29 17:54:40','2025-12-29 17:54:40'),(62,'GK and Current Affairs',NULL,35,8,3,1,0,NULL,'2025-12-29 17:56:20','2025-12-29 17:56:20'),(63,'Quranic Club',NULL,36,8,4,1,0,NULL,'2025-12-29 18:03:19','2025-12-29 18:03:19'),(64,'Calligraphy and arts and crafts Society',NULL,37,8,5,1,0,NULL,'2025-12-29 18:03:33','2025-12-29 18:03:33'),(65,'Mission & Vision',NULL,44,2,4,1,0,NULL,'2026-03-23 09:26:00','2026-03-23 09:26:00'),(66,'LOGIN','#',NULL,NULL,15,1,0,NULL,'2026-03-26 04:30:38','2026-03-26 04:30:38'),(67,'Software Login','https://s3.trusteduerp.xyz',NULL,66,1,1,0,NULL,'2026-03-26 04:31:17','2026-03-26 04:31:17'),(68,'Teacher Login','https://s3.trusteduerp.xyz',NULL,66,2,1,0,NULL,'2026-03-26 04:31:43','2026-03-26 04:31:43'),(69,'Achievements','/achievements',NULL,2,5,1,0,NULL,'2026-03-30 21:41:47','2026-03-30 21:45:41'),(70,'News & Events','/news',NULL,2,6,1,0,NULL,'2026-03-30 21:44:15','2026-03-30 21:44:15'),(71,'Class Routine',NULL,51,3,3,1,0,NULL,'2026-04-01 10:26:05','2026-04-01 23:28:47'),(72,'Exam Routine',NULL,52,3,3,1,0,NULL,'2026-04-01 10:40:02','2026-04-01 23:30:14'),(73,'Academic Calander',NULL,53,3,5,1,0,NULL,'2026-04-01 11:02:56','2026-04-01 11:02:56'),(74,'Transport of DCGPSC',NULL,54,9,4,1,0,NULL,'2026-04-01 11:11:10','2026-04-01 11:11:31'),(75,'Auditorium of DCGPSC',NULL,55,9,5,1,0,NULL,'2026-04-01 11:12:16','2026-04-01 11:12:16'),(76,'Playground of DCGPSC',NULL,56,9,7,1,0,NULL,'2026-04-01 11:13:02','2026-04-01 11:13:02'),(77,'Infrastructure ',NULL,57,2,2,1,0,NULL,'2026-04-01 23:23:55','2026-04-01 23:23:55'),(78,'Notice','/notices',NULL,3,1,1,0,NULL,'2026-04-01 23:28:00','2026-04-01 23:28:00'),(79,'Result',NULL,59,NULL,7,1,0,NULL,'2026-04-02 00:00:05','2026-04-02 00:03:19'),(80,'Public Exam Result',NULL,58,79,1,1,0,NULL,'2026-04-02 00:04:05','2026-04-02 00:04:05'),(81,'Recruitment Result',NULL,59,79,2,1,0,NULL,'2026-04-02 00:04:19','2026-04-02 00:04:19'),(82,'Photo Gallery','/gallery',NULL,NULL,10,0,0,NULL,'2026-04-02 00:41:32','2026-04-02 01:16:20'),(83,'Contact',NULL,60,NULL,12,1,0,NULL,'2026-04-02 00:48:22','2026-04-02 00:48:22'),(85,'Photo Gallery','https://dhakacanttgirl-my.sharepoint.com/personal/photo_archive_dcgpsc_edu_bd/_layouts/15/onedrive.aspx?id=%2Fpersonal%2Fphoto%5Farchive%5Fdcgpsc%5Fedu%5Fbd%2FDocuments%2FPhoto%20Archive&ga=1',NULL,NULL,11,0,0,NULL,'2026-04-02 01:15:16','2026-04-11 04:27:37'),(86,'Photo Gallery','/gallery',NULL,NULL,12,1,0,NULL,'2026-04-11 04:26:01','2026-04-11 04:26:53');
/*!40000 ALTER TABLE `menus` ENABLE KEYS */;
UNLOCK TABLES;

--
-- Table structure for table `messages`
--

DROP TABLE IF EXISTS `messages`;
/*!40101 SET @saved_cs_client     = @@character_set_client */;
/*!50503 SET character_set_client = utf8mb4 */;
CREATE TABLE `messages` (
  `id` bigint unsigned NOT NULL AUTO_INCREMENT,
  `type` varchar(255) COLLATE utf8mb4_unicode_ci DEFAULT NULL,
  `name` varchar(255) COLLATE utf8mb4_unicode_ci NOT NULL,
  `title` varchar(255) COLLATE utf8mb4_unicode_ci DEFAULT NULL,
  `slug` varchar(255) COLLATE utf8mb4_unicode_ci DEFAULT NULL,
  `designation` varchar(255) COLLATE utf8mb4_unicode_ci NOT NULL,
  `image_url` text COLLATE utf8mb4_unicode_ci,
  `image` varchar(255) COLLATE utf8mb4_unicode_ci DEFAULT NULL,
  `message` text COLLATE utf8mb4_unicode_ci,
  `link` varchar(255) COLLATE utf8mb4_unicode_ci DEFAULT NULL,
  `style` longtext CHARACTER SET utf8mb4 COLLATE utf8mb4_bin,
  `order` int NOT NULL DEFAULT '0',
  `is_active` tinyint(1) NOT NULL DEFAULT '1',
  `created_at` timestamp NULL DEFAULT NULL,
  `updated_at` timestamp NULL DEFAULT NULL,
  PRIMARY KEY (`id`),
  UNIQUE KEY `messages_slug_unique` (`slug`)
) ENGINE=InnoDB AUTO_INCREMENT=7 DEFAULT CHARSET=utf8mb4 COLLATE=utf8mb4_unicode_ci;
/*!40101 SET character_set_client = @saved_cs_client */;

--
-- Dumping data for table `messages`
--

LOCK TABLES `messages` WRITE;
/*!40000 ALTER TABLE `messages` DISABLE KEYS */;
INSERT INTO `messages` VALUES (5,'Chairman','Brig Gen Kazi Mustafizur Rahman','Message of the Chairman','brig-gen-kazi-mustafizur-rahman','SPP, ndc, psc','https://drive.google.com/file/d/1t3hzSL0QTEa3mNzGwa5-enEqwhXw6L8w/view?usp=sharing',NULL,'Of being felt the necessity of inserting this message in our web page, I, as the new chairman, governing body of the institution, would say, this institution values the mankind first, respects the genuineness and made the students learn to face the hurdles and to become successful in life. I know the brilliant faculty members who are dedicated to their professionalism and commitment to be a part of the vibrant team of this Alma Mater.\n\nThis institution has a passionate focus on a values-based education that instills honesty, integrity, strong core of tenacity, self-respect, self-belief, compassion and mutual respect into all the students. Those treasures will embellish their capability to contribute beyond the institution into the wider community.\n\nTo attain this noble vision this institution maintain inclusive learning-teaching environment through intensive and effective care exerted to every individual student. Ostensibly, the academic results in recent years reflect its concerted endeavour to materialize her prodigious vision.\n\nThis institution is determined with its unprejudiced, altruistic, inexorable and voluntary approach to improve the professional competence and the development of women in and through our education programs. May Allah continue to bless us and our sacred vision and objective come into reality adorned in our heart and soul.',NULL,NULL,1,1,'2026-03-13 09:42:51','2026-03-16 00:16:07'),(6,'Principal','Col Md Mamun Azad Salehin','Message of the Principal','col-md-mamun-azad-salehin','afwc, psc','https://drive.google.com/file/d/1n2TqEQgQCNmO4cmH68jcLRT0wMYb99lV/view?usp=sharing',NULL,'Dhaka Cantonment Girls’ School and College with its rich legacy of nurturing young minds, stands as a beacon of enlightenment and progress in our community. Education is the key to empowerment and transformation. We are committed to leading our institution towards greater heights of excellence and innovation.\n\nIn today\'s fast-paced world, it is imperative that we equip our students with the necessary tools and skills to thrive in the digital age. Through the integration of technology into our teaching and learning processes, we aim to enhance the educational experience and empower our students to become lifelong learners.\n\nFurthermore, our commitment to promoting gender equality and empowerment remains unwavering. With a student body comprising bright young girls from Nursery to Class 12, we are dedicated to fostering an environment where each student can reach her full potential and emerge as a confident, enlightened individual.\n\nAt the heart of our mission lies the goal of nurturing not just academically successful individuals, but also compassionate, socially responsible citizens. We strive to instill in our students the values of tolerance, respect, and inclusivity, thus shaping them into modern, secular citizens who are capable of contributing positively to society.\n\nAs we embark on this journey together, I invite all stakeholders – students, parents, teachers, and staff members – to join hands in realizing our collective vision for the school. Let us work together to create a learning environment that is dynamic, inclusive, and conducive to the holistic development of every student. Together, let us spread the light of knowledge and empowerment, and pave the way for a brighter future for our girls.',NULL,NULL,2,1,'2026-03-13 09:45:43','2026-03-16 03:59:02');
/*!40000 ALTER TABLE `messages` ENABLE KEYS */;
UNLOCK TABLES;

--
-- Table structure for table `migrations`
--

DROP TABLE IF EXISTS `migrations`;
/*!40101 SET @saved_cs_client     = @@character_set_client */;
/*!50503 SET character_set_client = utf8mb4 */;
CREATE TABLE `migrations` (
  `id` int unsigned NOT NULL AUTO_INCREMENT,
  `migration` varchar(255) COLLATE utf8mb4_unicode_ci NOT NULL,
  `batch` int NOT NULL,
  PRIMARY KEY (`id`)
) ENGINE=InnoDB AUTO_INCREMENT=88 DEFAULT CHARSET=utf8mb4 COLLATE=utf8mb4_unicode_ci;
/*!40101 SET character_set_client = @saved_cs_client */;

--
-- Dumping data for table `migrations`
--

LOCK TABLES `migrations` WRITE;
/*!40000 ALTER TABLE `migrations` DISABLE KEYS */;
INSERT INTO `migrations` VALUES (1,'0001_01_01_000000_create_users_table',1),(2,'0001_01_01_000001_create_cache_table',1),(3,'0001_01_01_000002_create_jobs_table',1),(4,'2025_11_22_043613_create_sliders_table',1),(5,'2025_11_22_043615_create_notices_table',1),(6,'2025_11_22_043616_create_messages_table',1),(7,'2025_11_22_044141_create_settings_table',1),(8,'2025_11_22_064221_create_menus_table',2),(9,'2025_11_22_050000_add_image_fields_to_sliders_table',3),(10,'2025_11_22_060000_update_messages_and_create_sidebar_widgets',4),(11,'2025_11_22_070000_make_message_nullable_in_messages_table',5),(12,'2025_11_22_080000_add_style_to_messages_table',6),(13,'2025_11_22_090000_create_important_links_table',7),(14,'2025_11_22_100000_add_link_to_notices_table',8),(15,'2025_11_22_110000_create_pages_table',9),(16,'2025_11_22_110001_add_page_id_to_menus_table',9),(17,'2025_11_22_120000_add_page_id_to_notices_table',10),(18,'2025_11_22_130000_add_expires_at_to_notices_table',11),(19,'2025_11_22_140000_create_welcome_sections_table',12),(20,'2025_11_22_150000_create_menu_cards_table',13),(21,'2025_11_22_160000_create_news_events_table',14),(22,'2025_11_22_170000_create_location_maps_table',15),(23,'2025_11_22_180000_create_footer_settings_table',16),(24,'2025_11_22_190000_create_header_settings_table',17),(25,'2025_11_22_145402_add_image_fit_to_sliders_table',18),(26,'2025_11_22_150542_add_favicon_url_to_header_settings_table',19),(27,'2025_11_22_153019_create_permission_tables',20),(28,'2025_11_22_173758_create_theme_settings_table',21),(29,'2025_11_22_175204_add_additional_colors_to_theme_settings_table',22),(30,'2025_11_22_183705_add_body_bg_color_to_theme_settings_table',23),(31,'2025_11_22_200000_add_favicon_url_to_header_settings_table',24),(32,'2025_12_09_063825_enhance_header_settings_table',24),(34,'2025_12_09_084404_add_ticker_colors_to_theme_settings_table',25),(35,'2025_12_09_090249_add_slug_to_messages_table',26),(36,'2025_12_09_105701_add_html_content_to_pages_table',27),(37,'2025_12_09_112500_drop_json_constraint_from_pages_table',28),(38,'2025_12_09_140000_ensure_notice_menu_exists',29),(39,'2025_12_09_153113_create_photo_galleries_table',30),(40,'2025_12_14_135322_add_template_to_menu_cards_table',31),(41,'2025_12_14_135925_create_menu_card_settings_table',32),(42,'2025_12_14_144941_create_achievements_table',32),(43,'2025_12_14_152222_add_additional_images_to_news_events_and_achievements_tables',33),(44,'2025_12_14_171525_add_performance_indexes_to_tables',34),(45,'2025_12_16_093752_add_homepage_template_to_theme_settings_table',35),(46,'2025_12_17_062954_add_highlight_fields_to_menus_table',36),(47,'2025_12_17_064707_add_buttons_to_pages_table',37),(48,'2025_12_17_065330_add_bottom_content_to_pages_table',38),(49,'2025_12_17_070504_create_video_galleries_table',39),(50,'2025_12_17_073347_add_created_by_to_video_galleries_table',40),(51,'2025_12_17_075124_add_google_drive_folder_link_to_photo_galleries_table',41),(52,'2025_12_17_080025_add_thumbnail_image_id_to_photo_galleries_table',42),(53,'2025_12_17_083133_add_manual_thumbnail_to_photo_galleries_table',43),(54,'2025_12_18_122837_add_message_card_fields_to_theme_settings_table',44),(55,'2025_12_18_150132_add_card_color_fields_to_theme_settings_table',45),(56,'2025_12_18_150916_add_card_name_text_color_to_theme_settings_table',46),(57,'2025_12_18_151417_add_card_designation_text_color_to_theme_settings_table',47),(58,'2025_12_18_152622_add_card_image_border_color_to_theme_settings_table',48),(59,'2025_12_18_152758_add_card_image_border_color_to_theme_settings_table',48),(60,'2025_12_20_141942_add_sidebar_title_to_theme_settings_table',49),(61,'2025_12_20_144537_add_section_titles_to_theme_settings_table',50),(62,'2025_12_20_145924_add_google_drive_folder_to_achievements_table',51),(63,'2025_12_24_151333_add_google_drive_bg_image_to_theme_settings_table',52),(64,'2025_12_28_052939_create_popups_table',53),(65,'2025_12_28_054702_add_button_colors_to_popups_table',54),(66,'2025_12_28_094718_remove_image_column_from_sliders_table',55),(67,'2025_12_28_105507_add_contact_address_to_footer_settings_table',56),(68,'2025_12_18_153814_create_location_maps_table',57),(69,'2025_12_20_082028_add_sidebar_title_to_theme_settings_table',57),(70,'2025_12_30_174500_add_notice_ticker_settings_to_header_settings_table',58),(71,'2025_12_31_071502_create_theme_showcases_table',58),(72,'2025_12_31_080955_add_theme_key_to_theme_showcases_table',59),(73,'2026_01_01_224500_add_site_name_font_size_to_header_settings_table',60),(74,'2026_01_04_125209_add_title_to_messages_table',61),(75,'2026_01_04_130222_make_type_nullable_in_messages_table',62),(76,'2026_03_10_080000_add_ticker_position_to_header_settings_table',63),(77,'2026_03_10_100000_create_governing_body_members_table',64),(78,'2026_03_10_110000_create_governing_body_roles_table',65),(79,'2026_03_10_112416_drop_role_column_from_governing_body_members',66),(80,'2026_03_11_033000_create_products_table',67),(81,'2026_03_11_033004_create_orders_table',67),(82,'2026_03_11_033005_add_is_shop_enabled_to_header_settings_table',67),(83,'2026_03_14_210000_add_menu_id_to_important_links_table',68),(84,'2026_03_23_215400_add_image_url_to_pages_table',69),(85,'2026_04_11_113019_add_r2_columns_to_photo_galleries_table',70),(86,'2026_04_15_150000_add_show_top_bar_to_header_settings_table',71),(87,'2026_04_15_160500_add_notice_ticker_label_to_header_settings_table',72);
/*!40000 ALTER TABLE `migrations` ENABLE KEYS */;
UNLOCK TABLES;

--
-- Table structure for table `model_has_permissions`
--

DROP TABLE IF EXISTS `model_has_permissions`;
/*!40101 SET @saved_cs_client     = @@character_set_client */;
/*!50503 SET character_set_client = utf8mb4 */;
CREATE TABLE `model_has_permissions` (
  `permission_id` bigint unsigned NOT NULL,
  `model_type` varchar(255) COLLATE utf8mb4_unicode_ci NOT NULL,
  `model_id` bigint unsigned NOT NULL,
  PRIMARY KEY (`permission_id`,`model_id`,`model_type`),
  KEY `model_has_permissions_model_id_model_type_index` (`model_id`,`model_type`),
  CONSTRAINT `model_has_permissions_permission_id_foreign` FOREIGN KEY (`permission_id`) REFERENCES `permissions` (`id`) ON DELETE CASCADE
) ENGINE=InnoDB DEFAULT CHARSET=utf8mb4 COLLATE=utf8mb4_unicode_ci;
/*!40101 SET character_set_client = @saved_cs_client */;

--
-- Dumping data for table `model_has_permissions`
--

LOCK TABLES `model_has_permissions` WRITE;
/*!40000 ALTER TABLE `model_has_permissions` DISABLE KEYS */;
/*!40000 ALTER TABLE `model_has_permissions` ENABLE KEYS */;
UNLOCK TABLES;

--
-- Table structure for table `model_has_roles`
--

DROP TABLE IF EXISTS `model_has_roles`;
/*!40101 SET @saved_cs_client     = @@character_set_client */;
/*!50503 SET character_set_client = utf8mb4 */;
CREATE TABLE `model_has_roles` (
  `role_id` bigint unsigned NOT NULL,
  `model_type` varchar(255) COLLATE utf8mb4_unicode_ci NOT NULL,
  `model_id` bigint unsigned NOT NULL,
  PRIMARY KEY (`role_id`,`model_id`,`model_type`),
  KEY `model_has_roles_model_id_model_type_index` (`model_id`,`model_type`),
  CONSTRAINT `model_has_roles_role_id_foreign` FOREIGN KEY (`role_id`) REFERENCES `roles` (`id`) ON DELETE CASCADE
) ENGINE=InnoDB DEFAULT CHARSET=utf8mb4 COLLATE=utf8mb4_unicode_ci;
/*!40101 SET character_set_client = @saved_cs_client */;

--
-- Dumping data for table `model_has_roles`
--

LOCK TABLES `model_has_roles` WRITE;
/*!40000 ALTER TABLE `model_has_roles` DISABLE KEYS */;
INSERT INTO `model_has_roles` VALUES (1,'App\\Models\\User',1),(1,'App\\Models\\User',3),(3,'App\\Models\\User',4),(1,'App\\Models\\User',6),(3,'App\\Models\\User',7),(3,'App\\Models\\User',8);
/*!40000 ALTER TABLE `model_has_roles` ENABLE KEYS */;
UNLOCK TABLES;

--
-- Table structure for table `news_events`
--

DROP TABLE IF EXISTS `news_events`;
/*!40101 SET @saved_cs_client     = @@character_set_client */;
/*!50503 SET character_set_client = utf8mb4 */;
CREATE TABLE `news_events` (
  `id` bigint unsigned NOT NULL AUTO_INCREMENT,
  `title` varchar(255) COLLATE utf8mb4_unicode_ci NOT NULL,
  `slug` varchar(255) COLLATE utf8mb4_unicode_ci NOT NULL,
  `excerpt` text COLLATE utf8mb4_unicode_ci,
  `content` longtext COLLATE utf8mb4_unicode_ci NOT NULL,
  `image_url` text COLLATE utf8mb4_unicode_ci,
  `additional_images` longtext CHARACTER SET utf8mb4 COLLATE utf8mb4_bin,
  `author` varchar(255) COLLATE utf8mb4_unicode_ci NOT NULL DEFAULT 'barisal-admin',
  `is_active` tinyint(1) NOT NULL DEFAULT '1',
  `published_at` timestamp NULL DEFAULT NULL,
  `created_at` timestamp NULL DEFAULT NULL,
  `updated_at` timestamp NULL DEFAULT NULL,
  PRIMARY KEY (`id`),
  UNIQUE KEY `news_events_slug_unique` (`slug`),
  KEY `news_active_published_idx` (`is_active`,`published_at`),
  KEY `news_slug_idx` (`slug`),
  CONSTRAINT `news_events_chk_1` CHECK (json_valid(`additional_images`))
) ENGINE=InnoDB AUTO_INCREMENT=21 DEFAULT CHARSET=utf8mb4 COLLATE=utf8mb4_unicode_ci;
/*!40101 SET character_set_client = @saved_cs_client */;

--
-- Dumping data for table `news_events`
--

LOCK TABLES `news_events` WRITE;
/*!40000 ALTER TABLE `news_events` DISABLE KEYS */;
INSERT INTO `news_events` VALUES (5,'Annual Sport - 2026','annual-sport-2026',NULL,'<p>The biggest event of the year, The Interhouse Annual Sport - 2026, took place in a festive mood. The campus took a colorful look for that event, so as the students. There were gaming events for the students, the parents, and the guests, Parade, PT, Taekwondo, Dress as You Like, and a colorful display. Major General Md Sajedur Rahman , ndu, psc, Military Secretary, Bangladesh Army, was present as the chief guest while Fatema Zohura was the special guest. The special guest distributed prizes among the winners, and the chief guest awarded the group champions and the winner houses.&nbsp;</p><p>The program ended with the attenuation of the flags.</p>','https://drive.google.com/file/d/1JRu5I8v4w1HLvh--h4NFUCihIZaBdczK/view?usp=sharing',NULL,'barisal-admin',1,'2026-01-21 23:26:42','2026-03-24 23:28:39','2026-03-24 23:44:19'),(6,'Celebrating the Outstanding HSC Results with our Student','celebrating-the-outstanding-hsc-results-with-our-student',NULL,'<p>Congratulations to all HSC achievers! Your hard work, patience, and dedication have paid off. Wishing you all the best for your next chapter!</p>','https://drive.google.com/file/d/1kBIoENKw_wXL2JVA1OEWs7tOY_j1K1HQ/view?usp=sharing',NULL,'barisal-admin',1,'2025-10-09 23:28:38','2026-03-24 23:31:11','2026-03-24 23:44:59'),(7,'Celebrating the Outstanding SSC Results with our Student','celebrating-the-outstanding-ssc-results-with-our-student',NULL,'<p>A proud moment for our school.</p><p>Celebrating the outstanding SSC results with our students, teachers and honourable Principal sir.</p><p>Congratulations to all students!</p>','https://drive.google.com/file/d/1oDl4njObYgi75w6L3zgGsSG_ukulT4yX/view?usp=sharing',NULL,'barisal-admin',1,'2025-07-09 23:31:10','2026-03-24 23:32:38','2026-03-24 23:45:24'),(8,'Outstanding Result in SSC - 2025','outstanding-result-in-ssc-2025',NULL,'<p>Students brought another brilliant result in SSC 2025. 143 out of 200 students achieved GPA 5.00 with 100% passed.</p><p>Result Summary</p><p>Science Group: Students - 160, GPA 5.00 - 133</p><p>Business Studies Group: Students - 40, GPA 5.00 - 10</p><p>Congratulations to all successful students, guardians, and the teachers for their continued efforts.</p>','https://drive.google.com/file/d/1AB-rhw4ZiRd3K7IyKZcDzSIjaIrMtSjh/view?usp=sharing',NULL,'barisal-admin',1,'2025-07-12 21:51:39','2026-03-30 21:53:41','2026-03-30 21:53:41'),(9,'Independence & National Day Observed','independence-national-day-observed',NULL,'<p>DCGPSC observed Independence &amp; National Day 2025 with due respect. The day was observed through a parade, reading the speeches of honorable president, chief advisor, and army chief, and discussion session.</p>','https://drive.google.com/file/d/1T1zbc5n38JtRRVMaH3hY9cH5ynt2OUf3/view?usp=sharing',NULL,'barisal-admin',1,'2025-03-25 21:53:41','2026-03-30 21:56:27','2026-03-30 21:56:27'),(10,'National Genocide Day Observed','national-genocide-day-observed',NULL,'<p>DCGPSC observed National Genocide Day with due respect. Freedom fighter Senior Warrant Officer Mizanur Rahman enlightened the students by telling stories of his experience in the liberation of Bangladesh in 1971.&nbsp;</p>','https://drive.google.com/file/d/1FTafYqU_7W-YjH9oYl66Bl2bs0Cwk2Eq/view?usp=sharing',NULL,'barisal-admin',1,'2025-03-25 21:56:27','2026-03-30 21:57:39','2026-03-30 21:57:39'),(11,'Teachers` Enrichment Program - 2025','teachers-enrichment-program-2025',NULL,'<p>ll teachers of DCGPSC participated in the Teachers\' Enrichment Program held between 9 to 12 March 2025.</p>','https://drive.google.com/file/d/1AyjLZZ6EDIaQVxu2QyIUffNaY2I7w6QN/view?usp=sharing',NULL,'barisal-admin',1,'2025-03-25 21:57:39','2026-03-30 21:59:25','2026-03-30 21:59:25'),(12,'Youth Fest - 2025','youth-fest-2025',NULL,'<p>DCGPSC organized a workshop on Social Business and Entrepreneurship in the Youth Fest - 2025! Some fellow young entrepreneurs encouraged the students in social business.&nbsp;</p>','https://drive.google.com/file/d/1Wyp_L9Jvci6TZLUzNNs2bphkvbaVNiKl/view?usp=sharing',NULL,'barisal-admin',1,'2025-03-25 21:59:25','2026-03-30 22:03:33','2026-03-30 22:03:33'),(13,'21 February, Shahid Dibosh, and Internal Mother Language Day Observed','21-february-shahid-dibosh-and-internal-mother-language-day-observed',NULL,'<p>DCGPSC observed 21 February, Shahid Dibosh, and Internal Mother Language Day with due respect. The day was observed through a provat ferri, doa, discussion, and a cultural program.&nbsp;</p>','https://drive.google.com/file/d/1AZhPN1qZvuMsEcGAVgskEaXLFqZJ2K-X/view?usp=sharing',NULL,'barisal-admin',1,'2026-03-30 22:03:33','2026-03-30 22:05:58','2026-03-30 22:05:58'),(14,'Kids Study Tour to Science Museum','kids-study-tour-to-science-museum',NULL,'<p>The study tour of class III, IV, and V took place in a festive mood. The students visited National Science Museum and explored the amazing world of science. <br><br>Click on the following links to get more photos - <br><a href=\"https://www.facebook.com/dcgpsc/posts/pfbid02EgQ58bWGocd3ajJutRWMnixkjVoR1RnfcrdrEQMF4FFocPri1W4Nc6bSPAv4HPNLl?__cft__[0]=AZWLwuEuoZrVpLpzVTh5klez_xsg08sg6nD21hDuaqDoebArEuSo9Trbnqy9sw2vV9vzzpCTNC2nGcex7gnyxxX-0jJW5OYGoDpKl_tbmz7rb6nEgMT3mC7-2reTV3U2EW5rR_LbE8AHi77MskaUiUq-G_HbVC2Tmk9CvnIx-A27CQ&amp;__tn__=%2CO%2CP-R\">Day 1 Photo Link </a><br><a href=\"https://www.facebook.com/dcgpsc/posts/pfbid02cE6BzxaRygiJXRDdRUCBM5ULWSgaRJd1PMtQn5NRzu7GGyk6Qit7Ykk1bt37FprQl?__cft__[0]=AZUdIa8k3f0eDiHbpvUSOx9adWaeYhm_SVOcdwl2LFPpx-pb6FBZwPJyYvGrWtt-BtEO-D0TmSllgnbN4cXv1cLTa5NJnXh5fzFBk9o0XPHSYkkmv5UWixYIHgCQ1Zxr-WCBAYTJxJfpCife1GF7ykmp4zzBEpemms5emeHQt572EA&amp;__tn__=%2CO%2CP-R\">Day 2 Photo Link</a>&nbsp;</p>','https://drive.google.com/file/d/1aRCMe5SFJZk5lTYjfjUmdQUCZxwM3Nqu/view?usp=sharing',NULL,'barisal-admin',1,'2026-03-25 22:05:58','2026-03-30 22:07:35','2026-03-30 22:07:35'),(15,'Bosnto Boron Utsob held','bosnto-boron-utsob-held',NULL,'<p>DCGPSC celebrated Bosonto Born Utsob with a colorful program that took place at the college playground.&nbsp;</p>','https://drive.google.com/file/d/1nSXoprzZf6FRlCIfrT7RoeERXYi4y85p/view?usp=sharing',NULL,'barisal-admin',1,'2025-03-25 22:07:35','2026-03-30 22:15:20','2026-03-30 22:15:20'),(16,'Nobinboron of Class XI Held','nobinboron-of-class-xi-held',NULL,'<p>Nobinboron of the students of class XI and Felicitation of the successful students of HSC 2023 who got admitted into different public universities and medical colleges was held in the college auditorium today. Brig Gen Md Abdur Razzak, SUP, ndc, psc, chairman, governing body, and, commander, 86 Independent Signal Brigade, was present as the chief guest while Mrs. Khadeza Chowdhury was the special guest. The newly admitted students of class XI were given warm reception with flowers and the successful students of HSC – 2023 were felicitated with crests. A colorful cultural program was also held performed by the students of class XII.<br><br></p>','https://drive.google.com/file/d/1WRRLf4MBvOz4RheEODM4e2jxUpvV4tpa/view?usp=sharing',NULL,'barisal-admin',1,'2024-10-07 22:15:20','2026-03-30 22:19:07','2026-03-30 22:19:07'),(17,'Eid Reunion Programme','eid-reunion-programme',NULL,'<p>A colourful Eid reunion programme was celebrated by the teachers and staffs of Dhaka Cantonment Girls\' Public School &amp; College. Honorable principal Col Md Mamun Azad Salehin, afwc, psc was the chief guest and Honorable ma\'am Salma Salehin was the special guest of this event. Various performances were performed by teachers and staff and they had a great day togethe</p>','https://drive.google.com/file/d/1mUJaie02CxUE9BnaJ9jRbXpLOsxbrXLE/view?usp=sharing',NULL,'barisal-admin',1,'2024-07-13 22:19:07','2026-03-30 22:21:02','2026-03-30 22:21:02'),(18,'Club Inauguration Ceremony 2024','club-inauguration-ceremony-2024',NULL,'<p>Club inauguration ceremony 2024:</p><p>Executive members from different newly formed clubs got the Sash and Arm Bands from our respected principal sir.</p>','https://drive.google.com/file/d/1s5bi97331YVVCY_5yzwbtRX4Qd6yN5ND/view?usp=sharing',NULL,'barisal-admin',1,'2024-07-07 22:21:02','2026-03-30 22:22:38','2026-03-30 22:22:38'),(19,'Testing Bucket','testing-bucket',NULL,'<p>Testing fgfdgfdgfdgdf</p>','https://pub-ef1e6cb91a354191aada31be868abf78.r2.dev/news-events/panchogarh-new-20260411071308.png',NULL,'barisal-admin',1,'2026-04-11 01:01:02','2026-04-11 01:02:15','2026-04-11 01:13:18'),(20,'Testing','testing',NULL,'<p>Hello</p>','https://pub-ef1e6cb91a354191aada31be868abf78.r2.dev/news-events/inshot-20250919-194143554-scaled-20260411080825.jpg',NULL,'barisal-admin',1,'2026-04-11 02:07:46','2026-04-11 02:08:46','2026-04-11 02:08:46');
/*!40000 ALTER TABLE `news_events` ENABLE KEYS */;
UNLOCK TABLES;

--
-- Table structure for table `notices`
--

DROP TABLE IF EXISTS `notices`;
/*!40101 SET @saved_cs_client     = @@character_set_client */;
/*!50503 SET character_set_client = utf8mb4 */;
CREATE TABLE `notices` (
  `id` bigint unsigned NOT NULL AUTO_INCREMENT,
  `title` varchar(255) COLLATE utf8mb4_unicode_ci NOT NULL,
  `content` text COLLATE utf8mb4_unicode_ci,
  `file` varchar(255) COLLATE utf8mb4_unicode_ci DEFAULT NULL,
  `link` varchar(255) COLLATE utf8mb4_unicode_ci DEFAULT NULL,
  `page_id` bigint unsigned DEFAULT NULL,
  `published_at` timestamp NOT NULL DEFAULT CURRENT_TIMESTAMP,
  `expires_at` timestamp NULL DEFAULT NULL,
  `created_at` timestamp NULL DEFAULT NULL,
  `updated_at` timestamp NULL DEFAULT NULL,
  PRIMARY KEY (`id`),
  KEY `notices_page_id_foreign` (`page_id`),
  KEY `notices_published_idx` (`published_at`),
  KEY `notices_page_idx` (`page_id`),
  CONSTRAINT `notices_page_id_foreign` FOREIGN KEY (`page_id`) REFERENCES `pages` (`id`) ON DELETE SET NULL
) ENGINE=InnoDB AUTO_INCREMENT=38 DEFAULT CHARSET=utf8mb4 COLLATE=utf8mb4_unicode_ci;
/*!40101 SET character_set_client = @saved_cs_client */;

--
-- Dumping data for table `notices`
--

LOCK TABLES `notices` WRITE;
/*!40000 ALTER TABLE `notices` DISABLE KEYS */;
INSERT INTO `notices` VALUES (21,'Admission Test - 2026',NULL,'https://drive.google.com/file/d/1Dxphsa4yUnJfeCyx5WJFvb4y5NreztIT/view?usp=sharing',NULL,39,'2026-02-18 04:00:56',NULL,'2026-03-16 04:02:11','2026-03-16 04:03:01'),(22,'Teachers Recruitment Circular - 2026',NULL,'https://drive.google.com/file/d/1iysaHwZA1Kl43OiTssGFcMkWIpHzLLo4/view?usp=sharing',NULL,40,'2026-02-18 04:03:21',NULL,'2026-03-16 04:04:23','2026-03-16 04:04:23'),(23,'Final Recruitment Result - 2026',NULL,'https://drive.google.com/file/d/19ESTK63Sn-XM5Yvs0BQZYi3RX5qAs_ly/view?usp=sharing',NULL,41,'2026-02-10 04:04:23',NULL,'2026-03-16 04:06:00','2026-03-16 04:06:00'),(24,'KG - X Seat Plan has been Published',NULL,'https://drive.google.com/file/d/1mIyanZ6mFdHxrL7ExTj2vigzTf1XNwby/view?usp=sharing',NULL,42,'2026-01-29 04:06:00',NULL,'2026-03-16 04:11:13','2026-03-16 04:11:13'),(25,'Teachers Recruitment Circular',NULL,'https://drive.google.com/file/d/1FrZe6fgiNmfxrFf8ccRdFhKUCiPNP-wS/view?usp=sharing',NULL,43,'2026-01-19 04:11:13',NULL,'2026-03-16 04:13:06','2026-03-16 04:13:06'),(26,'Class I Admission Test Result - 2026','<p>Please have a look on the attached file for the result and admission instructions.&nbsp;</p>','https://drive.google.com/file/d/1o2uzFExC9nKy1GgB7ZjKn-ReM-YnfMnK/view?usp=drive_link',NULL,45,'2026-01-19 08:06:14',NULL,'2026-03-30 09:25:03','2026-03-30 09:25:03'),(27,'Class One Admission Test – 2026 Seat Plan & Schedule','<p>Class One Admission Test – 2026 Seat Plan &amp; Schedule<br>The seat plan and examination schedule for the Class One Admission Test have been published.<br>Please check carefully and attend the exam on time.</p>','https://drive.google.com/file/d/1nDUbrFEqv_wPD_Eu87VC6WM6KIOdXEJ3/view?usp=sharing',NULL,46,'2026-01-08 09:25:03',NULL,'2026-03-30 09:26:26','2026-03-30 09:26:26'),(28,'Admission Circular Session - 2026','<p>Please have a look on the notice for details.&nbsp;</p>','https://drive.google.com/file/d/1oXrLaFzFaFmVVVWqjN8mae4_rUCo31NN/view?usp=sharing',NULL,47,'2026-01-07 09:26:26',NULL,'2026-03-30 09:28:41','2026-03-30 09:28:41'),(29,'Class Schedules -2025','<p>Class Schedules -2025</p>','https://drive.google.com/file/d/1pa-b6I5q-sn-XpMgFHXA0dvKtUgHcA-t/view?usp=drive_link',NULL,48,'2025-12-30 09:28:41',NULL,'2026-03-30 09:30:03','2026-03-30 09:30:03'),(30,'Class One (BV) Admission Circular Session - 2026','<p>Please have a look on the notice for details.&nbsp;</p>','https://drive.google.com/file/d/1gdaKxUbORwiu7wOs4kxy12kkAhC11-gf/view?usp=drive_link',NULL,49,'2025-12-21 09:30:03',NULL,'2026-03-30 09:31:26','2026-03-30 09:31:26'),(33,'Nursery Admission 2026 - List of Selected students from Waiting list','<p>Nursery Admission 2026 - List of Selected students from Waiting list.</p>','https://pub-ef1e6cb91a354191aada31be868abf78.r2.dev/notices/07-12-2025-1765095480-1-20260415071316.pdf',NULL,62,'2025-12-07 01:12:41',NULL,'2026-04-15 02:13:07','2026-04-15 02:13:07'),(34,'Recruitment Exam Result has been Published','<p>Recruitment Exam Result has been Published.</p>','https://pub-ef1e6cb91a354191aada31be868abf78.r2.dev/notices/03-12-2025-1764748675-1-20260415081629.pdf',NULL,63,'2026-04-15 02:15:57',NULL,'2026-04-15 02:16:36','2026-04-15 02:16:36'),(35,'Recruitment Exam Result has been Published','<p>Recruitment Exam Result has been Published.</p>','https://pub-ef1e6cb91a354191aada31be868abf78.r2.dev/notices/03-12-2025-1764748675-1-20260415081904.pdf',NULL,64,'2025-12-03 02:16:36',NULL,'2026-04-15 02:19:09','2026-04-15 02:19:09'),(36,'Nursery Admission Form 2026','<p>Nursery Admission Form 2026</p>','https://pub-ef1e6cb91a354191aada31be868abf78.r2.dev/notices/23-11-2025-1763893223-2-20260415082023.pdf',NULL,65,'2025-11-23 02:19:09',NULL,'2026-04-15 02:20:42','2026-04-15 02:20:42'),(37,'Nursery Admission Lottery 2026 Final Result','<p>See the attatched file for the result and admission instructions.&nbsp;</p>','https://pub-ef1e6cb91a354191aada31be868abf78.r2.dev/notices/15-11-2025-1763191992-2-20260415082142.pdf',NULL,66,'2025-11-15 02:21:15',NULL,'2026-04-15 02:22:03','2026-04-15 02:22:03');
/*!40000 ALTER TABLE `notices` ENABLE KEYS */;
UNLOCK TABLES;

--
-- Table structure for table `orders`
--

DROP TABLE IF EXISTS `orders`;
/*!40101 SET @saved_cs_client     = @@character_set_client */;
/*!50503 SET character_set_client = utf8mb4 */;
CREATE TABLE `orders` (
  `id` bigint unsigned NOT NULL AUTO_INCREMENT,
  `user_id` bigint unsigned DEFAULT NULL,
  `product_id` bigint unsigned NOT NULL,
  `customer_name` varchar(255) COLLATE utf8mb4_unicode_ci DEFAULT NULL,
  `customer_email` varchar(255) COLLATE utf8mb4_unicode_ci DEFAULT NULL,
  `customer_phone` varchar(255) COLLATE utf8mb4_unicode_ci DEFAULT NULL,
  `amount` decimal(10,2) NOT NULL,
  `payment_method` varchar(255) COLLATE utf8mb4_unicode_ci NOT NULL,
  `payment_status` varchar(255) COLLATE utf8mb4_unicode_ci NOT NULL DEFAULT 'pending',
  `transaction_id` varchar(255) COLLATE utf8mb4_unicode_ci DEFAULT NULL,
  `status` varchar(255) COLLATE utf8mb4_unicode_ci NOT NULL DEFAULT 'pending',
  `order_notes` text COLLATE utf8mb4_unicode_ci,
  `created_at` timestamp NULL DEFAULT NULL,
  `updated_at` timestamp NULL DEFAULT NULL,
  PRIMARY KEY (`id`),
  KEY `orders_user_id_foreign` (`user_id`),
  KEY `orders_product_id_foreign` (`product_id`),
  CONSTRAINT `orders_product_id_foreign` FOREIGN KEY (`product_id`) REFERENCES `products` (`id`) ON DELETE CASCADE,
  CONSTRAINT `orders_user_id_foreign` FOREIGN KEY (`user_id`) REFERENCES `users` (`id`) ON DELETE SET NULL
) ENGINE=InnoDB AUTO_INCREMENT=2 DEFAULT CHARSET=utf8mb4 COLLATE=utf8mb4_unicode_ci;
/*!40101 SET character_set_client = @saved_cs_client */;

--
-- Dumping data for table `orders`
--

LOCK TABLES `orders` WRITE;
/*!40000 ALTER TABLE `orders` DISABLE KEYS */;
INSERT INTO `orders` VALUES (1,NULL,1,'shimul','shimul.amarschool@gmail.com','01913162085',1999.00,'manual','paid',NULL,'completed',NULL,'2026-03-12 08:59:25','2026-03-12 09:00:10');
/*!40000 ALTER TABLE `orders` ENABLE KEYS */;
UNLOCK TABLES;

--
-- Table structure for table `pages`
--

DROP TABLE IF EXISTS `pages`;
/*!40101 SET @saved_cs_client     = @@character_set_client */;
/*!50503 SET character_set_client = utf8mb4 */;
CREATE TABLE `pages` (
  `id` bigint unsigned NOT NULL AUTO_INCREMENT,
  `title` varchar(255) COLLATE utf8mb4_unicode_ci NOT NULL,
  `slug` varchar(255) COLLATE utf8mb4_unicode_ci NOT NULL,
  `image_url` varchar(255) COLLATE utf8mb4_unicode_ci DEFAULT NULL,
  `content` longtext COLLATE utf8mb4_unicode_ci,
  `html_content` longtext COLLATE utf8mb4_unicode_ci,
  `buttons` longtext CHARACTER SET utf8mb4 COLLATE utf8mb4_bin,
  `bottom_content` text COLLATE utf8mb4_unicode_ci,
  `meta_title` varchar(255) COLLATE utf8mb4_unicode_ci DEFAULT NULL,
  `meta_description` text COLLATE utf8mb4_unicode_ci,
  `is_published` tinyint(1) NOT NULL DEFAULT '0',
  `menu_id` bigint unsigned DEFAULT NULL,
  `published_at` timestamp NULL DEFAULT NULL,
  `created_at` timestamp NULL DEFAULT NULL,
  `updated_at` timestamp NULL DEFAULT NULL,
  PRIMARY KEY (`id`),
  UNIQUE KEY `pages_slug_unique` (`slug`),
  KEY `pages_menu_id_foreign` (`menu_id`),
  KEY `pages_published_idx` (`is_published`,`published_at`),
  CONSTRAINT `pages_menu_id_foreign` FOREIGN KEY (`menu_id`) REFERENCES `menus` (`id`) ON DELETE SET NULL,
  CONSTRAINT `pages_chk_1` CHECK (json_valid(`buttons`))
) ENGINE=InnoDB AUTO_INCREMENT=67 DEFAULT CHARSET=utf8mb4 COLLATE=utf8mb4_unicode_ci;
/*!40101 SET character_set_client = @saved_cs_client */;

--
-- Dumping data for table `pages`
--

LOCK TABLES `pages` WRITE;
/*!40000 ALTER TABLE `pages` DISABLE KEYS */;
INSERT INTO `pages` VALUES (3,'Parent Teacher Meeting','parent-teacher-meeting-notice-3',NULL,'[{\"data\": {\"level\": \"h2\", \"content\": \"Parent Teacher Meeting\", \"alignment\": \"center\"}, \"type\": \"heading\"}, {\"data\": {\"content\": \"<p>Notice content will be added here.</p>\"}, \"type\": \"paragraph\"}]',NULL,NULL,NULL,NULL,NULL,1,NULL,'2025-11-18 04:42:45','2025-11-22 11:32:35','2025-11-22 11:32:35'),(12,'Button','button',NULL,'\n\n\nনিচের বাট ক্লিক করুন','নিচের বাট ক্লিক করুননিচের বাট ক্লিক করুননিচের বাট ক্লিক করুননিচের বাট ক্লিক করুন','[{\"url\": \"https://facebook.com\", \"icon\": \"fa-link\", \"text\": \"Online Admission \", \"color\": \"danger\", \"open_new_tab\": false}]','নিচের বাট ক্লিক করুননিচের বাট ক্লিক করুননিচের বাট ক্লিক করুননিচের বাট ক্লিক করুন',NULL,NULL,1,33,'2025-12-17 06:41:55','2025-12-17 06:44:28','2025-12-17 06:57:11'),(20,'At a Glance','at-a-glance',NULL,'Dhaka Cantt Girls’ Public School & College is one of the most reputed colleges in Dhaka City. The College, full of scenic beauty and free from din and bustle of the city, launched it journey in the middle of 2005. Lt Col Zahid Hossain (retired as Brig Gen) was appointed as the founder principal.\n\nApart from sufficient classrooms, the college has four science laboratories and a modern library. The library of this institute is fully air conditioned having more than 5000 volumes and internet facilities. The computer lab of this institution is enriched with modern amenities having 30 computers. The institution has its own clubs for running extracurricular activities. There are four different houses in which the students are categorized for academic and extracurricular activities. It has showed its best with in the short span of time.\n\nPresently Brig Gen Md Abdur Razzak, SUP, ndc, psc is the Chairman of the Governing Body and Col Md Mamun Azad Salehin, afwc, psc is the Principal of the institution. Currently Principal, Vice Principal, 36 Teachers in College section, 80 Teachers in School section, 29 Office Staff, 60 MLSS are working here. The classes are being conducted from Nursery to class XII in Bangla Version and Nursery to class IX in English Version.',NULL,'[]',NULL,NULL,NULL,1,NULL,'2025-12-29 11:56:03','2025-12-29 11:58:17','2026-03-16 04:38:36'),(21,'History','history',NULL,'Dhaka Cantonment Girls\' Public School and College started its journey in August 2005 intending to create dynamic womenfolk for future Bangladesh. Lt Col Md Zahid Hossain, AEC (Retd as Brig Gen) was postes as first Principal. Initial works were started under the supervision of the AHQ Education Directorate. Brig Gen Md. Golam Hossain the then Comd, Army Sig Bde was nominated as the first Chairman of the Governing Body of the institution by the then Chief of Army Staff\n\n\nThe first admission test was arranged in Dec 2005. Classes were started from 1 January 2006 with 17 Sections from class II to VII. The School was formally inaugurated by Chief of Army Staff Gen Moin U Ahmed, NDC, PSC on 02 March 2006.',NULL,'[]',NULL,NULL,NULL,1,NULL,'2025-12-29 11:58:17','2025-12-29 12:00:31','2026-03-16 04:38:59'),(22,'Why study DCGPSC','why-study-dcgpsc',NULL,'Dhaka Cantt Girls’ Public School & College in an emerging institute having all facilities for students, and the teachers of the institute are very experienced and knowledgeable. \n\nAcademic Facilities \n\nThe Institute has its own campus sufficient class rooms, the institution is enriched with a modern library,four labs, two play grounds and a small children’s park.  The School is surrounded by lakes from three sides that make the environment solitary. \n\nExcellent Result \n\nEvery year the institute shows extra ordinary result in different public exams. A number of students achieve position in the board each year. Many of the students get admitted in the public Universities and other institutions every year for higher studies. \n\nStrong cultural Identity\n\nWithin the short span of time, the institution earned a reputation for its cultural activities. Students of this institute take part in debate competitions arranged by the government of Bangladesh and Army Headquarters and achieve different awards every year. Apart from this, the students of this college win prizes in essay competitions arranged nationally from time to time. \n\nLeader in Games & Sports\n\nEvery year many Students Participate in different tournament including athletics, handball, cricket etc. Our team became champion in Inter College Girls’ Cricket, Handball and Athletics Tournament several times. \n\nVeteran Teaching Staffs \n\nWe have 92 experienced and qualified teachers who create a congenial atmospleve  in the class to make the students efficient and morally developed.',NULL,'[]',NULL,NULL,NULL,1,NULL,'2025-12-29 12:00:31','2025-12-29 12:02:15','2026-03-30 22:26:07'),(23,'Governing Body','governing-body',NULL,'.','<!DOCTYPE html>\n<html lang=\"en\">\n<head>\n    <meta charset=\"UTF-8\">\n    <meta name=\"viewport\" content=\"width=device-width, initial-scale=1.0\">\n    <title>Governing Body - RCESC</title>\n    <style>\n        .gb-container {\n            max-width: 1100px;\n            margin: 0 auto;\n            padding: 20px;\n            font-family: \'Arial\', sans-serif;\n            text-align: center;\n        }\n\n        .gb-title {\n            color: #1a5c2e;\n            font-size: 32px;\n            margin-bottom: 40px;\n            border-bottom: 2px solid #1a5c2e;\n            display: inline-block;\n            padding-bottom: 10px;\n        }\n\n        /* Top Single Card */\n        .chief-section {\n            display: flex;\n            justify-content: center;\n            margin-bottom: 40px;\n        }\n\n        /* Grid for 3 columns */\n        .members-grid {\n            display: grid;\n            grid-template-columns: repeat(3, 1fr); /* এক লাইনে ৩টি */\n            gap: 25px;\n        }\n\n        .member-card {\n            background: #fff;\n            border: 1px solid #ddd;\n            border-top: 5px solid #1a5c2e;\n            border-radius: 8px;\n            padding: 20px;\n            box-shadow: 0 4px 10px rgba(0,0,0,0.05);\n            display: flex;\n            flex-direction: column;\n            align-items: center;\n        }\n\n        .chief-card {\n            width: 350px; /* Chief Patron একটু বড় */\n            border-top-color: #d4af37; /* Gold border */\n        }\n\n        .member-photo {\n            width: 140px;\n            height: 160px;\n            background-color: #f0f0f0;\n            margin-bottom: 15px;\n            border-radius: 5px;\n            object-fit: cover;\n            border: 1px solid #eee;\n        }\n\n        .m-name {\n            font-size: 16px;\n            font-weight: bold;\n            color: #333;\n            margin-bottom: 8px;\n            line-height: 1.3;\n        }\n\n        .m-desig {\n            font-size: 14px;\n            color: #666;\n            margin-bottom: 12px;\n            min-height: 40px; /* এলাইনমেন্ট ঠিক রাখার জন্য */\n        }\n\n        .m-role {\n            background: #1a5c2e;\n            color: #fff;\n            font-size: 12px;\n            padding: 5px 15px;\n            border-radius: 20px;\n            text-transform: uppercase;\n        }\n\n        /* Mobile Responsive */\n        @media (max-width: 900px) {\n            .members-grid { grid-template-columns: repeat(2, 1fr); }\n        }\n        @media (max-width: 600px) {\n            .members-grid { grid-template-columns: 1fr; }\n            .chief-card { width: 100%; }\n        }\n    </style>\n</head>\n<body>\n\n<div class=\"gb-container\">\n    <h1 class=\"gb-title\">GOVERNING BODY</h1>\n\n    <div class=\"chief-section\">\n        <div class=\"member-card chief-card\">\n            <img src=\"https://drive.google.com/thumbnail?id=1c1S0LftMeWrKugw7OMleUpNwIHX0Y7Gq&sz=w800\" alt=\"Chief Patron\" class=\"member-photo\">\n            <div class=\"m-name\">Maj Gen Mohammad Asadullah Minhazul Alam, ndu, psc, PhD</div>\n            <div class=\"m-desig\">GOC, 10 Inf Div & Area Commander, Cox\'s Bazar Area</div>\n            <div class=\"m-role\">Chief Patron</div>\n        </div>\n    </div>\n    <div class=\"members-grid\">\n        <div class=\"member-card\">\n            <img src=\"https://drive.google.com/thumbnail?id=1me1hfGslY5SCT-66zUWv4zHgZeJh89C0&sz=w800\"  alt=\"Chairman\" class=\"member-photo\">\n            <div class=\"m-name\">Brig Gen Md Khademul Bashar, PBGMS, psc</div>\n            <div class=\"m-desig\">Commander, 65 Infantry Brigade</div>\n            <div class=\"m-role\">Chairman</div>\n        </div>\n\n        <div class=\"member-card\">\n            <img src=\"https://drive.google.com/thumbnail?id=1rLSq0VGMdJ5N4AeIT0rRQMkKBPMt8Ig0&sz=w800\" alt=\"Member Secretary\" class=\"member-photo\">\n            <div class=\"m-name\">Lecturer H. M Syeedur Rahman</div>\n            <div class=\"m-desig\">Teachers Representative</div>\n            <div class=\"m-role\">Member</div>\n        </div>\n        <div class=\"member-card\">\n            <img src=\"https://drive.google.com/thumbnail?id=1kIBpAsS61YOuE30ywg3BXmdsR8lYGOiP&sz=w800\" alt=\"Member\" class=\"member-photo\">\n            <div class=\"m-name\">Sr. Teacher Tasnim Sauda Saki</div>\n            <div class=\"m-desig\">Teachers Representative</div>\n            <div class=\"m-role\">Member</div>\n        </div>\n        \n        <div class=\"member-card\">\n            <img src=\"https://drive.google.com/thumbnail?id=1WB4V-25Tg0Lx0MqC95NQ6HSBXJG9VP5M&sz=w800\" alt=\"Member\" class=\"member-photo\">\n            <div class=\"m-name\">Asst Teacher Mohammad Saifullah</div>\n            <div class=\"m-desig\">Teachers Representative</div>\n            <div class=\"m-role\">Member</div>\n        </div>\n\n<div class=\"member-card\">\n            <img src=\"https://drive.google.com/thumbnail?id=1rLSq0VGMdJ5N4AeIT0rRQMkKBPMt8Ig0&sz=w800\" alt=\"Member\" class=\"member-photo\">\n            <div class=\"m-name\">Lt Col M Iqbal Khalid, psc, ADST</div>\n            <div class=\"m-desig\">Guardian Representative</div>\n            <div class=\"m-role\">Member</div>\n        </div>\n\n<div class=\"member-card\">\n            <img src=\"https://drive.google.com/thumbnail?id=1rLSq0VGMdJ5N4AeIT0rRQMkKBPMt8Ig0&sz=w800\" alt=\"Member\" class=\"member-photo\">\n            <div class=\"m-name\">Lt Col Z M Mahmudul Islam, psc, Engrs</div>\n            <div class=\"m-desig\">Guardian Representative</div>\n            <div class=\"m-role\">Member</div>\n        </div>\n\n      <div class=\"member-card\">\n            <img src=\"https://drive.google.com/thumbnail?id=1rLSq0VGMdJ5N4AeIT0rRQMkKBPMt8Ig0&sz=w800\" alt=\"Member\" class=\"member-photo\">\n            <div class=\"m-name\">Asst Prof Shormin Siddiqa Lima</div>\n            <div class=\"m-desig\">Guardian Representative</div>\n            <div class=\"m-role\">Member</div>\n        </div>\n\n        <div class=\"member-card\">\n              <img src=\"https://drive.google.com/thumbnail?id=1rLSq0VGMdJ5N4AeIT0rRQMkKBPMt8Ig0&sz=w800\" alt=\"Member\" class=\"member-photo\">\n              <div class=\"m-name\">Lt Col Mahtab Khan, psc</div>\n              <div class=\"m-desig\">Co-opt Member</div>\n              <div class=\"m-role\">Member</div>\n        </div>\n\n       <div class=\"member-card\">\n              <img src=\"https://drive.google.com/thumbnail?id=1rLSq0VGMdJ5N4AeIT0rRQMkKBPMt8Ig0&sz=w800\" alt=\"Member\" class=\"member-photo\">\n              <div class=\"m-name\">Maj M Zahid Hassan Maroof, AEC</div>\n              <div class=\"m-desig\">Co-opt Member</div>\n              <div class=\"m-role\">Member</div>\n        </div>\n\n <div class=\"member-card\">\n              <img src=\"https://drive.google.com/thumbnail?id=12usXBZF8Qxib4L0xHjba32B3knfgNI8a&sz=w800\" alt=\"Member\" class=\"member-photo\">\n              <div class=\"m-name\">Maj Md Rashedul Kabir,Inf</div>\n              <div class=\"m-desig\">Co-opt Member</div>\n              <div class=\"m-role\">Member</div>\n        </div>\n\n <div class=\"member-card\">\n              <img src=\"https://drive.google.com/thumbnail?id=1QCP4gbU9jkxdMYPGSfqvhM7vd0TXHVXu&sz=w800\" alt=\"Member\" class=\"member-photo\">\n              <div class=\"m-name\">Lt Col Md Abdur Rahim, M Phil, AEC</div>\n              <div class=\"m-desig\">Principal & </div>\n              <div class=\"m-role\"> Member Secretary</div>\n        </div>\n    </div>\n</div>\n\n</body>\n</html>','[]',NULL,NULL,NULL,1,44,'2025-12-29 12:15:36','2025-12-29 12:16:13','2025-12-29 13:24:52'),(24,'Syllabus','syllabus',NULL,'Syllabus -2018 :: Class XI-XII',NULL,'[{\"url\":\"https:\\/\\/drive.google.com\\/file\\/d\\/1wXMFtgdpYoMFnI6yASXfKGJUoYnfDgqZ\\/view?usp=sharing\",\"icon\":\"fa-file-pdf\",\"text\":\"Syllabus -2018 :: Class XI-XII\",\"color\":\"success\",\"open_new_tab\":true}]',NULL,NULL,NULL,1,NULL,'2025-12-29 14:21:27','2025-12-29 14:23:09','2026-03-26 04:10:41'),(25,'Academic calendar','academic-calendar',NULL,'Academic calendar',NULL,'[{\"url\": \"https://demo.mosconicuplive.com/syllabus\", \"icon\": \"fa-info-circle\", \"text\": \"Academic Calendar 2025\", \"color\": \"success\", \"open_new_tab\": true}, {\"url\": \"https://demo.mosconicuplive.com/syllabus\", \"icon\": \"fa-info-circle\", \"text\": \"Academic Calendar 2024\", \"color\": \"success\", \"open_new_tab\": false}, {\"url\": \"https://demo.mosconicuplive.com/syllabus\", \"icon\": \"fa-info-circle\", \"text\": \"Academic Calendar 2023\", \"color\": \"success\", \"open_new_tab\": true}]',NULL,NULL,NULL,0,NULL,'2025-12-29 14:36:23','2025-12-29 14:37:57','2026-04-01 10:24:04'),(26,'Admission Circular','admission-circular',NULL,'Admission Circular ',NULL,'[{\"text\":\"Class XI Admission Circular Session 2025-2026\",\"url\":\"https:\\/\\/drive.google.com\\/file\\/d\\/12Tgcks09SiAsct8a9jzOq8fb2jlWSu2e\\/view?usp=sharing\",\"color\":\"primary\",\"icon\":\"fa-file-pdf\",\"open_new_tab\":false}]',NULL,NULL,NULL,1,49,'2025-12-29 14:40:51','2025-12-29 14:41:32','2026-04-02 01:33:53'),(27,'Prospectus','prospectus',NULL,' Prospectus (English Version) of DCGPSC',NULL,'[{\"text\":\" Prospectus (English Version) of DCGPSC\",\"url\":\"https:\\/\\/drive.google.com\\/file\\/d\\/107Na7LIsc5TmAYCeOl1iIAg-EsoZmilp\\/view?usp=sharing\",\"color\":\"primary\",\"icon\":\"fa-file-pdf\",\"open_new_tab\":true}]',NULL,NULL,NULL,1,NULL,'2025-12-29 14:56:05','2025-12-29 14:57:05','2026-04-01 23:54:18'),(28,'Class Room','class-room','https://drive.google.com/file/d/1gJQpSK96iF7meb4VKTSuHh8d3tH3BiBV/view?usp=sharing','The Institution has 68 well decorated classrooms. The Classrooms Present a learner friendly environment. Besides, there are 52 multimedia classrooms in the institution. Here, teachers can take classes using multimedia projector and digital content.',NULL,'[]',NULL,NULL,NULL,1,55,'2025-12-29 17:16:36','2025-12-29 17:20:45','2026-03-26 04:19:38'),(29,'Indoor Game','indoor-game',NULL,'<img src=\"https://drive.google.com/thumbnail?id=1FACC3BelDSHaQqLXPItbwA4kv70gHlwT&sz=w800\" alt=\"Admission\" class=\"circular-photo\">',NULL,'[]',NULL,NULL,NULL,1,56,'2025-12-29 17:20:44','2025-12-29 17:22:59','2025-12-29 17:27:53'),(30,'Outdoor Games','outdoor-games',NULL,'<img src=\"https://drive.google.com/thumbnail?id=18dFRXFCUHH5k0ypmCTi2QWWJUm_aPI_j&sz=w800\" alt=\"Admission\" class=\"circular-photo\">',NULL,'[]',NULL,NULL,NULL,1,57,'2025-12-29 17:22:59','2025-12-29 17:24:21','2025-12-29 17:28:08'),(31,'Library','library','https://drive.google.com/file/d/1M8fi1O-D0rY2zaPCKeJ0niIrQ2iHgMWR/view?usp=sharing','The Institution has a pally air conditioned modern library with seating arrangement of 100 Students. It is enriched with five thousand books. It is named as “Lt Col Zayed Memorial Library and Information Centre” recognizing his contribution for establishing the library.',NULL,'[]',NULL,NULL,NULL,1,58,'2025-12-29 17:24:21','2025-12-29 17:25:47','2026-03-26 04:48:36'),(32,'Lab','lab','https://drive.google.com/file/d/1WuKx3JwBkJhxItC2IvWmnSnjuYsHxx77/view?usp=sharing','The institution has four laboratories. \nThey are: \n\n\n1.    Physics Lab \n2.    Chemistry Lab \n3.    Biology Lab\n4.    Computer Lab \nAll the labs are newly renovated and are equipped with all necessary instruments and modern amenities. Computer lab is fully air conditioned and is facilitated with internet access students can also avail  \n\nN-Computing system in the Lab. ',NULL,'[]',NULL,NULL,NULL,1,NULL,'2025-12-29 17:25:47','2025-12-29 17:27:19','2026-04-01 11:08:22'),(33,'Language Club','language-club',NULL,'<img src=\"https://drive.google.com/thumbnail?id=1X9KOhq8VAvbQd5pi-F1oeWPJ34UaVT0D&sz=w800\" alt=\"Admission\" class=\"circular-photo\">',NULL,'[]',NULL,NULL,NULL,1,NULL,'2025-12-29 17:27:19','2025-12-29 17:31:36','2025-12-29 17:54:21'),(34,'Debate Club','debate-club',NULL,'<img src=\"https://drive.google.com/thumbnail?id=1xRRPdVWAmjhGtaqY1RLZbU5x4ypFgJOJ&sz=w800\" alt=\"Admission\" class=\"circular-photo\">',NULL,'[]',NULL,NULL,NULL,1,NULL,'2025-12-29 17:31:36','2025-12-29 17:54:21','2025-12-29 17:56:05'),(35,'GK and Current Affairs','gk-and-current-affairs',NULL,'<img src=\"https://drive.google.com/thumbnail?id=1PNxRqDCSqRHJ3u7b7HmVpELtIaqiMiDw&sz=w800\" alt=\"Admission\" class=\"circular-photo\">',NULL,'[]',NULL,NULL,NULL,1,NULL,'2025-12-29 17:54:21','2025-12-29 17:56:05','2025-12-29 18:01:24'),(36,'Quranic Club','quranic-club',NULL,'<img src=\"https://drive.google.com/thumbnail?id=1Yl-BC-_PfdA6amDkspIQfPosIGqaiKbH&sz=w800\" alt=\"Admission\" class=\"circular-photo\">',NULL,'[]',NULL,NULL,NULL,1,63,'2025-12-29 17:56:05','2025-12-29 18:01:24','2025-12-29 18:03:19'),(37,'Calligraphy and arts and crafts Society','calligraphy-and-arts-and-crafts-society',NULL,'<img src=\"https://drive.google.com/thumbnail?id=1-XpDK2d61aRZqNg5odOeiT9eV4EG-m5Q&sz=w800\" alt=\"Admission\" class=\"circular-photo\">',NULL,'[]',NULL,NULL,NULL,1,64,'2025-12-29 18:01:24','2025-12-29 18:02:53','2025-12-29 18:03:33'),(39,'Admission Test - 2026','admission-test-2026-notice',NULL,'<p>Notice content will be added here.</p>',NULL,NULL,NULL,NULL,NULL,1,NULL,'2026-03-16 04:00:56','2026-03-16 04:02:11','2026-03-16 04:02:11'),(40,'Teachers Recruitment Circular - 2026','teachers-recruitment-circular-2026-notice',NULL,'<p>Notice content will be added here.</p>',NULL,NULL,NULL,NULL,NULL,1,NULL,'2026-02-18 04:03:21','2026-03-16 04:04:23','2026-03-16 04:04:23'),(41,'Final Recruitment Result - 2026','final-recruitment-result-2026-notice',NULL,'<p>Notice content will be added here.</p>',NULL,NULL,NULL,NULL,NULL,1,NULL,'2026-02-10 04:04:23','2026-03-16 04:06:00','2026-03-16 04:06:00'),(42,'KG - X Seat Plan has been Published','kg-x-seat-plan-has-been-published-notice',NULL,'<p>Notice content will be added here.</p>',NULL,NULL,NULL,NULL,NULL,1,NULL,'2026-01-29 04:06:00','2026-03-16 04:11:13','2026-03-16 04:11:13'),(43,'Teachers Recruitment Circular','teachers-recruitment-circular-notice',NULL,'<p>Notice content will be added here.</p>',NULL,NULL,NULL,NULL,NULL,1,NULL,'2026-01-19 04:11:13','2026-03-16 04:13:06','2026-03-16 04:13:06'),(44,'Mission & Vision','mission-vision',NULL,'[](https://drive.google.com/file/d/1voEn52WRO9HonH22lKyyXUvzUauSdf3H/view?usp=sharing)\n# Mission & Vision of DCGPSC\n\nDhaka Cantt Girls’ Public School & College seeks to produce academically well-educated young women, with highly developed interpersonal skills and a broad range of interests, who can compete at any level with the brightest and the best, both nationally and internationally.\n\nObjectives\n1. 1.To make each girl as an asset to ensure their participation in various social and cultural activities.\n2. 2.To inspire each student to exhibit honesty, discipline, wisdom, competence, humanity and dedication in their character.\n3. 3.To inculcate dynamic leadership qualities in each student through various co-curricular activities\n4. 4.To enable the students to go ahead and introduce them with the modern technology.\n5. 5.To make a conscious citizen inspired by the feelings of humanity, honesty, patriotism and our liberation war.\n6. 6.To make a promised citizen inspired by the feelings of solidarity, diversity and mutual harmony.',NULL,'[]',NULL,NULL,NULL,1,NULL,'2026-03-23 09:22:57','2026-03-23 09:23:48','2026-04-01 23:23:29'),(45,'Class I Admission Test Result - 2026','class-i-admission-test-result-2026-notice',NULL,'<p>Please have a look on the attached file for the result and admission instructions.&nbsp;</p>',NULL,NULL,NULL,NULL,NULL,1,NULL,'2026-01-19 08:06:14','2026-03-30 09:25:03','2026-03-30 09:25:03'),(46,'Class One Admission Test – 2026 Seat Plan & Schedule','class-one-admission-test-2026-seat-plan-schedule-notice',NULL,'<p>Class One Admission Test – 2026 Seat Plan &amp; Schedule<br>The seat plan and examination schedule for the Class One Admission Test have been published.<br>Please check carefully and attend the exam on time.</p>',NULL,NULL,NULL,NULL,NULL,1,NULL,'2026-01-08 09:25:03','2026-03-30 09:26:26','2026-03-30 09:26:26'),(47,'Admission Circular Session - 2026','admission-circular-session-2026-notice',NULL,'<p>Please have a look on the notice for details.&nbsp;</p>',NULL,NULL,NULL,NULL,NULL,1,NULL,'2026-01-07 09:26:26','2026-03-30 09:28:41','2026-03-30 09:28:41'),(48,'Class Schedules -2025','class-schedules-2025-notice',NULL,'<p>Class Schedules -2025</p>',NULL,NULL,NULL,NULL,NULL,1,NULL,'2025-12-30 09:28:41','2026-03-30 09:30:03','2026-03-30 09:30:03'),(49,'Class One (BV) Admission Circular Session - 2026','class-one-bv-admission-circular-session-2026-notice',NULL,'<p>Please have a look on the notice for details.&nbsp;</p>',NULL,NULL,NULL,NULL,NULL,1,NULL,'2025-12-21 09:30:03','2026-03-30 09:31:26','2026-03-30 09:31:26'),(51,'Class Routine','class-routine',NULL,'Class Routine',NULL,'[{\"text\":\"Class Routine-01-03-2022\",\"url\":\"https:\\/\\/drive.google.com\\/file\\/d\\/1EvbblR1RtPotzXEE2BvdXgtSbEpTPTUN\\/view?usp=sharing\",\"color\":\"primary\",\"icon\":\"fa-file-pdf\",\"open_new_tab\":false},{\"text\":\"XII (Science & Business Studies)-16-07-2018\",\"url\":\"https:\\/\\/drive.google.com\\/file\\/d\\/1I92-cQzl5RI_UIVFjz0wHOPkAZs9itoP\\/view?usp=sharing\",\"color\":\"success\",\"icon\":\"fa-file-pdf\",\"open_new_tab\":false},{\"text\":\"Class - XI (Science & Business Studies)-01-07-2018\",\"url\":\"https:\\/\\/drive.google.com\\/file\\/d\\/1Oq0T3fsxmj9x_M04pRNEYBSUphQyZLLA\\/view?usp=sharing\",\"color\":\"warning\",\"icon\":\"fa-file-pdf\",\"open_new_tab\":false}]',NULL,NULL,NULL,1,NULL,'2022-02-03 10:16:34','2026-04-01 10:18:57','2026-04-01 10:39:30'),(52,'Exam Routine','exam-routine',NULL,'Exam Routine ',NULL,'[{\"text\":\"Test Exam Routine 2023-23-05-2023\",\"url\":\"https:\\/\\/drive.google.com\\/file\\/d\\/1MSOWfC6xu9fD8gx-ipi0YESf44oydxEt\\/view?usp=sharing\",\"color\":\"primary\",\"icon\":\"fa-file-pdf\",\"open_new_tab\":false},{\"text\":\"Year Final Exam Routine 2022 - 8-10-2022\",\"url\":\"https:\\/\\/drive.google.com\\/file\\/d\\/137e36dfrkV8hs9LGmUukerZelNZpvhc6\\/view?usp=sharing\",\"color\":\"warning\",\"icon\":null,\"open_new_tab\":false},{\"text\":\"Learning Feedback Routine (Science & Business Studies 2021-2022) 15-05-2022\",\"url\":\"https:\\/\\/drive.google.com\\/file\\/d\\/1_8XllEjshXEWYFasn064WGQJoOOgqR6t\\/view?usp=sharing\",\"color\":\"info\",\"icon\":null,\"open_new_tab\":false},{\"text\":\"First Monthly Exam Routine : Class XI (Science & Business Studies 2022-2023)\",\"url\":\"https:\\/\\/drive.google.com\\/file\\/d\\/1LMlwgeWaWHOvn_GZ6-2R6ScROYOyqB-L\\/view?usp=sharing\",\"color\":\"success\",\"icon\":null,\"open_new_tab\":false},{\"text\":\"Exam Routine :: Test Examination -2018 :: Class XII (Science & Business Studies)\",\"url\":\"https:\\/\\/drive.google.com\\/file\\/d\\/15MJaq-Uf0_px_vZRtTppOt9YlTqN0qMz\\/view?usp=sharing\",\"color\":\"info\",\"icon\":null,\"open_new_tab\":false},{\"text\":\"Pre-Test Exam -2018 :: Class XII (Science & Business Studies)\",\"url\":\"https:\\/\\/drive.google.com\\/file\\/d\\/1ISZZTGh-deb_vRQh-WRIXhLTArLiatbR\\/view?usp=sharing\",\"color\":\"primary\",\"icon\":null,\"open_new_tab\":false},{\"text\":\"Exam Routine & Syllabus :: Class Test -2018 (Class: XI _ Science & Business Studies)\",\"url\":\"https:\\/\\/drive.google.com\\/file\\/d\\/1-Co9DmX9WmWj7B7Q-A8loq3V6lLuXRNZ\\/view?usp=sharing\",\"color\":\"primary\",\"icon\":null,\"open_new_tab\":false},{\"text\":\"Exam Routine :: Pretest -2018 (Class XII - Science & Business Studies)\",\"url\":\"https:\\/\\/drive.google.com\\/file\\/d\\/1UG1dfgquWw10_ZPAi508stk7zqxbDqYr\\/view?usp=sharing\",\"color\":\"primary\",\"icon\":null,\"open_new_tab\":false},{\"text\":\"Exam Routine :: 3rd Monthly Test -2018 for Class XII (Science & Business Studies)\",\"url\":\"https:\\/\\/www.dcgpsc.edu.bd\\/\",\"color\":\"primary\",\"icon\":null,\"open_new_tab\":false},{\"text\":\"HSC Final Model Test -2018\",\"url\":\"https:\\/\\/www.dcgpsc.edu.bd\\/\",\"color\":\"primary\",\"icon\":null,\"open_new_tab\":false},{\"text\":\"2nd Monthly Test -2018 (Class XI)\",\"url\":\"https:\\/\\/www.dcgpsc.edu.bd\\/\",\"color\":\"primary\",\"icon\":null,\"open_new_tab\":false},{\"text\":\"Routine of Quiz Test Examination-2017 for class-XI\",\"url\":\"https:\\/\\/www.dcgpsc.edu.bd\\/\",\"color\":\"primary\",\"icon\":null,\"open_new_tab\":false},{\"text\":\"Routine of Pretest Examination-2017 for class-XII\",\"url\":\"https:\\/\\/www.dcgpsc.edu.bd\\/\",\"color\":\"primary\",\"icon\":null,\"open_new_tab\":false},{\"text\":\"5th Monthly Test -2017_Class: XII (Science & B.Studies)\",\"url\":\"https:\\/\\/www.dcgpsc.edu.bd\\/\",\"color\":\"primary\",\"icon\":null,\"open_new_tab\":false},{\"text\":\"Exam Routine: 4th Monthly Test -2017_Class: XI (Science & B.Studies)\",\"url\":\"https:\\/\\/drive.google.com\\/file\\/d\\/1m2wQJruGHnCDiHWI1A_4mtFVmAAUmIcR\\/view?usp=sharing\",\"color\":\"primary\",\"icon\":null,\"open_new_tab\":false},{\"text\":\"Exam Routine: HSC Final Model Test - 2017\",\"url\":\"https:\\/\\/drive.google.com\\/file\\/d\\/1t1pu9SVKekspbBEtrtJeaO3uSsf7kR4-\\/view?usp=sharing\",\"color\":\"primary\",\"icon\":null,\"open_new_tab\":false},{\"text\":\"3rd Monthly Exam Routine -2017 - XI (Science-B.Studies)\",\"url\":\"https:\\/\\/drive.google.com\\/file\\/d\\/1E46jAC6Fo4SYMmCqTU7kHe_LhG59UpiG\\/view?usp=sharing\",\"color\":\"primary\",\"icon\":null,\"open_new_tab\":false},{\"text\":\"HSC Test Exam Routine-2015\",\"url\":\"https:\\/\\/drive.google.com\\/file\\/d\\/1gh_TeT1oByqLIp_cEqQKe2l-EH1OUmfq\\/view?usp=sharing\",\"color\":\"primary\",\"icon\":null,\"open_new_tab\":false},{\"text\":\"Final Exam Routine-2015 (School)\",\"url\":\"https:\\/\\/drive.google.com\\/file\\/d\\/1obqy1QSBdGHBLSssC-HYgYB14VT-sLjb\\/view?usp=sharing\",\"color\":\"primary\",\"icon\":null,\"open_new_tab\":false}]',NULL,NULL,NULL,1,NULL,'2026-04-01 10:29:16','2026-04-01 10:39:30','2026-04-01 11:02:24'),(53,'Academic Calander','academic-calander',NULL,'Academic Calander',NULL,'[{\"text\":\"Academic Calendar - 2024\",\"url\":\"https:\\/\\/drive.google.com\\/file\\/d\\/11RocslM-nfx68QoYdveOtu69SuQBxqEk\\/view?usp=sharing\",\"color\":\"primary\",\"icon\":\"fa-file-pdf\",\"open_new_tab\":false},{\"text\":\"Academic Calendar of 2021\",\"url\":\"https:\\/\\/drive.google.com\\/file\\/d\\/18bN-QQpVY7plZAyN-qA-auRUM2EgynJE\\/view?usp=sharing\",\"color\":\"primary\",\"icon\":\"fa-file-pdf\",\"open_new_tab\":false},{\"text\":\"Academic Calendar 2019\",\"url\":\"https:\\/\\/drive.google.com\\/file\\/d\\/1rHn7S2p4RePIkEPNafgF7VjvEiep3ixw\\/view?usp=sharing\",\"color\":\"primary\",\"icon\":\"fa-file-pdf\",\"open_new_tab\":false},{\"text\":\"Academic Calendar 2019\",\"url\":\"https:\\/\\/drive.google.com\\/file\\/d\\/1NjZELGNZ0aBUanaOxxTs_IWi9GCFAocV\\/view?usp=sharing\",\"color\":\"primary\",\"icon\":\"fa-file-pdf\",\"open_new_tab\":false}]',NULL,NULL,NULL,1,73,'2026-04-01 10:57:34','2026-04-01 11:01:52','2026-04-01 11:02:56'),(54,'Transport of DCGPSC','transport-of-dcgpsc','https://drive.google.com/file/d/18mswV50XvZZFHRRyTNkPPFyOovX9YTPE/view?usp=sharing','There are five buses for transportation of the students of this institution with the capacity of carrying about 201 students. \n\nThere are also a microbus and a private car for official use.\n\nRespected guardians are requested to contact 01769051740 to avail transport services. ',NULL,'[]',NULL,NULL,NULL,1,74,'2026-04-01 11:04:44','2026-04-01 11:05:30','2026-04-01 11:11:11'),(55,'Auditorium of DCGPSC','auditorium-of-dcgpsc','https://drive.google.com/file/d/1_SzjtUS4rukJCfnBa_ebLhyydrAIm7lP/view?usp=sharing','We have air-conditioned well decorated auditorium with accommodation of 600 Students. We celebrate the national festivals, arrange various types of debate, quiz, cultural programs and competitions there. We also arrange seminars inviting famous personalities of country throughout the year.',NULL,'[]',NULL,NULL,NULL,1,75,'2026-04-01 11:05:30','2026-04-01 11:06:36','2026-04-01 11:12:16'),(56,'Playground of DCGPSC','playground-of-dcgpsc','https://drive.google.com/file/d/1CWO2ZIdMUTCwyfkwHK063FiD_7YpwA8o/view?usp=sharing','There is a large playground in this institution. Students play cricket football and other games in the playground. There is also a basketball ground beside the main playground. The Annual Sports of this institution is held in the playground every year. \n',NULL,'[]',NULL,NULL,NULL,1,76,'2026-04-01 11:06:36','2026-04-01 11:08:22','2026-04-01 11:13:02'),(57,'Infrastructure ','infrastructure','https://drive.google.com/file/d/1v5_vkuF26JfLpQm8eHa17lOZsrDGeIuU/view?usp=sharing','DCGPSC has 3 academic buildings, a modern air conditioned auditorium, a multipurpose hall room, a language centre, an enriched library, Science Labs, and 5 multimedia class room and a canteen.\n\nA Modern Library \nThe institution has a rich modern library with five thousand books. The library is fully air conditioned where there is an excellent seating arrangement of 100 students. It is named Lt Col Zayed Memorial Library and Information Centre” recognizing his contribution as principal of his tenure. \n\nComputer Lab  \nThere are three modern Computer Lab with 62 computers. The lab is facilitated with Internet access. The lab is fully air conditioned where there is an excellent seating arrangement of 120 students at a time. Students avail N Computing system in the Lab.\n\nInformation Centre \nThere is a information centre where all personal information of each students are stored in a computer. This centre is responsible to send information regarding absentee students, various notices and results of various exams through SMS to guardians/teachers.\n\nMini Language Lab \nThe institute has a mini Language Lab which is fully air conditioned. The Lab works for the development of the skills of English Language among the students.\n\nCommon Room \nThere is a common room with good facilities. The students pass their leisure hours playing different kinds of indoor games. \n\nBasket Ball Ground and Play Ground \nThere are a basketball ground and two playgrounds in the institution. The institution has a Children’s Park ‘Annondolok’ where students of Nursery to KG pass their leisure hours and enjoy different games for their physical and mental development.\n\nMultipurpose Hall \nThere is a modern air conditioned Multipurpose Hall which is used for conducting movie classes of different sections of the same class. Meetings and different programs are held there. \n\nMultimedia Classrooms \nThe institution has 52 Multimedia Projectors which are used for taking classes, showing educative movies, conducting different programs and the presentation of results of the exams.\n\nModern Auditorium \nThere is an air conditioned Auditorium with the capacity of accumulating 600 students where major programs are held throughout the year.\n\nCanteen \nThe institution has a Canteen for students and teachers. Snacks and different stationeries are available there. A Canteen Committee controls the price of items and regularly monitors the cleanliness and standard of foods.',NULL,'[]',NULL,NULL,NULL,1,77,'2026-04-01 23:21:56','2026-04-01 23:23:29','2026-04-01 23:23:55'),(58,'Public Exam Result','public-exam-result',NULL,'Public Exam Result',NULL,'[{\"text\":\"SSC Result 2022\",\"url\":\"https:\\/\\/drive.google.com\\/file\\/d\\/1jCf0AUkHw7e3UVskSpbKQxN7zGZaqAep\\/view?usp=sharing\",\"color\":\"primary\",\"icon\":\"fa-file-pdf\",\"open_new_tab\":false},{\"text\":\"HSC Result of 2019\",\"url\":\"https:\\/\\/drive.google.com\\/file\\/d\\/183Bk3ahQZdKeapiicmvEFPADBdeaKlah\\/view?usp=sharing\",\"color\":\"primary\",\"icon\":\"fa-file-pdf\",\"open_new_tab\":false},{\"text\":\"SSC Result of 2019\",\"url\":\"https:\\/\\/drive.google.com\\/file\\/d\\/1ZU1ZsPnA-JeOlnFmDSZeR4tcjNQN_xR7\\/view?usp=sharing\",\"color\":\"primary\",\"icon\":\"fa-file-pdf\",\"open_new_tab\":false},{\"text\":\"JSC Result of 2018\",\"url\":\"https:\\/\\/drive.google.com\\/file\\/d\\/1KYyiF9XctoUb9D9pHmcrz7g3ADdzIelM\\/view?usp=sharing\",\"color\":\"primary\",\"icon\":\"fa-file-pdf\",\"open_new_tab\":false},{\"text\":\"HSC Result of 2019 and last 5 Years Analytics\",\"url\":\"https:\\/\\/drive.google.com\\/file\\/d\\/1_CMBCLY9E3JRYJ2_EM9ki71CZ7CXtdYv\\/view?usp=sharing\",\"color\":\"primary\",\"icon\":\"fa-file-pdf\",\"open_new_tab\":false},{\"text\":\"SSC Result of 2019 and last 5 Years Analytics\",\"url\":\"https:\\/\\/drive.google.com\\/file\\/d\\/1EY2hlvCKqWAzza99cBuN2wtIGZgey5wc\\/view?usp=sharing\",\"color\":\"primary\",\"icon\":\"fa-file-pdf\",\"open_new_tab\":false},{\"text\":\"JSC Result of 2018 and last 5 Years Analytics\",\"url\":\"https:\\/\\/drive.google.com\\/file\\/d\\/17UOodOwr8Ia4dacTM9b8okH7LYy5XUoS\\/view?usp=sharing\",\"color\":\"primary\",\"icon\":\"fa-file-pdf\",\"open_new_tab\":false},{\"text\":\"SSC Result - 2018 of DCGPSC\",\"url\":\"https:\\/\\/drive.google.com\\/file\\/d\\/15S1OcVk-Sj9KMvNmdwx6RUdcM24RGtYp\\/view?usp=sharing\",\"color\":\"primary\",\"icon\":\"fa-file-pdf\",\"open_new_tab\":false},{\"text\":\"HSC Result - 2017 of DCGPSC\",\"url\":\"https:\\/\\/drive.google.com\\/file\\/d\\/15FHDZJQOPG_ooILWL1CkG4ZB8c-_A-7L\\/view?usp=sharing\",\"color\":\"primary\",\"icon\":null,\"open_new_tab\":false}]',NULL,NULL,NULL,1,80,'2026-04-02 00:01:41','2026-04-02 00:02:39','2026-04-02 01:31:16'),(59,'Recruitment Result','recruitment-result',NULL,'Recruitment Result',NULL,'[]',NULL,NULL,NULL,1,81,'2026-04-02 00:02:39','2026-04-02 00:03:19','2026-04-02 00:04:19'),(60,'Contact','contact',NULL,'Contact Us','<div class=\"col-sm-4\" style=\"padding-right:0px; margin-right:0px\" bis_skin_checked=\"1\">\n                <strong>Dhaka Cantt Girls\' Public School &amp; College</strong><br>Dhaka Cantonment, Bangladesh<br>\n                <strong>Office Phone No. - </strong>8711111 Ext.7720 (Civil); <br>Ext.7480 (Army)<br><br><br>\n                <strong>Helpline (8am-8pm) </strong><br>\n                <strong>Admin Related Queries- </strong> 01769017725<br>\n                <strong>Tuition Fee Related Queries – </strong> 01876862530<br><strong> Transport Related Queries – </strong> 01769051740 <br><br><br>\n                <!-- -->\n\n                <strong>College Coordinator - </strong> 01716098154 <br>\n                <strong>School Coordinator (Primary, BV) - </strong>01677003245<br>\n                <strong>School Coordinator (Secondary, BV) - </strong>01707301692<br>\n                <strong>School Coordinator (English Version)- </strong>01713190687<br>\n                <strong>E-mail  - </strong>dcgpsc2005@gmail.com\n            </div>\n\n\n<iframe src=\"https://www.google.com/maps/embed?pb=!1m18!1m12!1m3!1d3649.970486746361!2d90.3972344!3d23.8196485!2m3!1f0!2f0!3f0!3m2!1i1024!2i768!4f13.1!3m3!1m2!1s0x3755c6e660af53b7%3A0x1ffc06334426208c!2sDhaka%20Cantonment%20Girls&#39;%20Public%20School%20%26%20College!5e0!3m2!1sen!2sbd!4v1775112256174!5m2!1sen!2sbd\" width=\"600\" height=\"450\" style=\"border:0;\" allowfullscreen=\"\" loading=\"lazy\" referrerpolicy=\"no-referrer-when-downgrade\"></iframe>','[]',NULL,NULL,NULL,1,83,'2026-04-02 00:43:21','2026-04-02 00:44:37','2026-04-02 00:53:31'),(62,'Nursery Admission 2026 - List of Selected students from Waiting list','nursery-admission-2026-list-of-selected-students-from-waiting-list-notice-1',NULL,'<p>Nursery Admission 2026 - List of Selected students from Waiting list.</p>',NULL,NULL,NULL,NULL,NULL,1,NULL,'2025-12-07 01:12:41','2026-04-15 02:13:07','2026-04-15 02:13:07'),(63,'Recruitment Exam Result has been Published','recruitment-exam-result-has-been-published-notice',NULL,'<p>Recruitment Exam Result has been Published.</p>',NULL,NULL,NULL,NULL,NULL,1,NULL,'2026-04-15 02:15:57','2026-04-15 02:16:36','2026-04-15 02:16:36'),(64,'Recruitment Exam Result has been Published','recruitment-exam-result-has-been-published-notice-1',NULL,'<p>Recruitment Exam Result has been Published.</p>',NULL,NULL,NULL,NULL,NULL,1,NULL,'2025-12-03 02:16:36','2026-04-15 02:19:09','2026-04-15 02:19:09'),(65,'Nursery Admission Form 2026','nursery-admission-form-2026-notice',NULL,'<p>Nursery Admission Form 2026</p>',NULL,NULL,NULL,NULL,NULL,1,NULL,'2025-11-23 02:19:09','2026-04-15 02:20:42','2026-04-15 02:20:42'),(66,'Nursery Admission Lottery 2026 Final Result','nursery-admission-lottery-2026-final-result-notice',NULL,'<p>See the attatched file for the result and admission instructions.&nbsp;</p>',NULL,NULL,NULL,NULL,NULL,1,NULL,'2025-11-15 02:21:15','2026-04-15 02:22:03','2026-04-15 02:22:03');
/*!40000 ALTER TABLE `pages` ENABLE KEYS */;
UNLOCK TABLES;

--
-- Table structure for table `password_reset_tokens`
--

DROP TABLE IF EXISTS `password_reset_tokens`;
/*!40101 SET @saved_cs_client     = @@character_set_client */;
/*!50503 SET character_set_client = utf8mb4 */;
CREATE TABLE `password_reset_tokens` (
  `email` varchar(255) COLLATE utf8mb4_unicode_ci NOT NULL,
  `token` varchar(255) COLLATE utf8mb4_unicode_ci NOT NULL,
  `created_at` timestamp NULL DEFAULT NULL,
  PRIMARY KEY (`email`)
) ENGINE=InnoDB DEFAULT CHARSET=utf8mb4 COLLATE=utf8mb4_unicode_ci;
/*!40101 SET character_set_client = @saved_cs_client */;

--
-- Dumping data for table `password_reset_tokens`
--

LOCK TABLES `password_reset_tokens` WRITE;
/*!40000 ALTER TABLE `password_reset_tokens` DISABLE KEYS */;
/*!40000 ALTER TABLE `password_reset_tokens` ENABLE KEYS */;
UNLOCK TABLES;

--
-- Table structure for table `permissions`
--

DROP TABLE IF EXISTS `permissions`;
/*!40101 SET @saved_cs_client     = @@character_set_client */;
/*!50503 SET character_set_client = utf8mb4 */;
CREATE TABLE `permissions` (
  `id` bigint unsigned NOT NULL AUTO_INCREMENT,
  `name` varchar(255) COLLATE utf8mb4_unicode_ci NOT NULL,
  `guard_name` varchar(255) COLLATE utf8mb4_unicode_ci NOT NULL,
  `created_at` timestamp NULL DEFAULT NULL,
  `updated_at` timestamp NULL DEFAULT NULL,
  PRIMARY KEY (`id`),
  UNIQUE KEY `permissions_name_guard_name_unique` (`name`,`guard_name`)
) ENGINE=InnoDB AUTO_INCREMENT=166 DEFAULT CHARSET=utf8mb4 COLLATE=utf8mb4_unicode_ci;
/*!40101 SET character_set_client = @saved_cs_client */;

--
-- Dumping data for table `permissions`
--

LOCK TABLES `permissions` WRITE;
/*!40000 ALTER TABLE `permissions` DISABLE KEYS */;
INSERT INTO `permissions` VALUES (1,'view_important::link','web','2025-11-22 15:39:03','2025-11-22 15:39:03'),(2,'view_any_important::link','web','2025-11-22 15:39:03','2025-11-22 15:39:03'),(3,'create_important::link','web','2025-11-22 15:39:03','2025-11-22 15:39:03'),(4,'update_important::link','web','2025-11-22 15:39:03','2025-11-22 15:39:03'),(5,'restore_important::link','web','2025-11-22 15:39:03','2025-11-22 15:39:03'),(6,'restore_any_important::link','web','2025-11-22 15:39:03','2025-11-22 15:39:03'),(7,'replicate_important::link','web','2025-11-22 15:39:03','2025-11-22 15:39:03'),(8,'reorder_important::link','web','2025-11-22 15:39:03','2025-11-22 15:39:03'),(9,'delete_important::link','web','2025-11-22 15:39:03','2025-11-22 15:39:03'),(10,'delete_any_important::link','web','2025-11-22 15:39:03','2025-11-22 15:39:03'),(11,'force_delete_important::link','web','2025-11-22 15:39:03','2025-11-22 15:39:03'),(12,'force_delete_any_important::link','web','2025-11-22 15:39:03','2025-11-22 15:39:03'),(13,'view_location::map','web','2025-11-22 15:39:03','2025-11-22 15:39:03'),(14,'view_any_location::map','web','2025-11-22 15:39:03','2025-11-22 15:39:03'),(15,'create_location::map','web','2025-11-22 15:39:03','2025-11-22 15:39:03'),(16,'update_location::map','web','2025-11-22 15:39:03','2025-11-22 15:39:03'),(17,'restore_location::map','web','2025-11-22 15:39:03','2025-11-22 15:39:03'),(18,'restore_any_location::map','web','2025-11-22 15:39:03','2025-11-22 15:39:03'),(19,'replicate_location::map','web','2025-11-22 15:39:03','2025-11-22 15:39:03'),(20,'reorder_location::map','web','2025-11-22 15:39:03','2025-11-22 15:39:03'),(21,'delete_location::map','web','2025-11-22 15:39:03','2025-11-22 15:39:03'),(22,'delete_any_location::map','web','2025-11-22 15:39:03','2025-11-22 15:39:03'),(23,'force_delete_location::map','web','2025-11-22 15:39:03','2025-11-22 15:39:03'),(24,'force_delete_any_location::map','web','2025-11-22 15:39:03','2025-11-22 15:39:03'),(25,'view_menu','web','2025-11-22 15:39:03','2025-11-22 15:39:03'),(26,'view_any_menu','web','2025-11-22 15:39:03','2025-11-22 15:39:03'),(27,'create_menu','web','2025-11-22 15:39:03','2025-11-22 15:39:03'),(28,'update_menu','web','2025-11-22 15:39:03','2025-11-22 15:39:03'),(29,'restore_menu','web','2025-11-22 15:39:03','2025-11-22 15:39:03'),(30,'restore_any_menu','web','2025-11-22 15:39:03','2025-11-22 15:39:03'),(31,'replicate_menu','web','2025-11-22 15:39:03','2025-11-22 15:39:03'),(32,'reorder_menu','web','2025-11-22 15:39:03','2025-11-22 15:39:03'),(33,'delete_menu','web','2025-11-22 15:39:04','2025-11-22 15:39:04'),(34,'delete_any_menu','web','2025-11-22 15:39:04','2025-11-22 15:39:04'),(35,'force_delete_menu','web','2025-11-22 15:39:04','2025-11-22 15:39:04'),(36,'force_delete_any_menu','web','2025-11-22 15:39:04','2025-11-22 15:39:04'),(37,'view_menu::card','web','2025-11-22 15:39:04','2025-11-22 15:39:04'),(38,'view_any_menu::card','web','2025-11-22 15:39:04','2025-11-22 15:39:04'),(39,'create_menu::card','web','2025-11-22 15:39:04','2025-11-22 15:39:04'),(40,'update_menu::card','web','2025-11-22 15:39:04','2025-11-22 15:39:04'),(41,'restore_menu::card','web','2025-11-22 15:39:04','2025-11-22 15:39:04'),(42,'restore_any_menu::card','web','2025-11-22 15:39:04','2025-11-22 15:39:04'),(43,'replicate_menu::card','web','2025-11-22 15:39:04','2025-11-22 15:39:04'),(44,'reorder_menu::card','web','2025-11-22 15:39:04','2025-11-22 15:39:04'),(45,'delete_menu::card','web','2025-11-22 15:39:04','2025-11-22 15:39:04'),(46,'delete_any_menu::card','web','2025-11-22 15:39:04','2025-11-22 15:39:04'),(47,'force_delete_menu::card','web','2025-11-22 15:39:04','2025-11-22 15:39:04'),(48,'force_delete_any_menu::card','web','2025-11-22 15:39:04','2025-11-22 15:39:04'),(49,'view_message','web','2025-11-22 15:39:04','2025-11-22 15:39:04'),(50,'view_any_message','web','2025-11-22 15:39:04','2025-11-22 15:39:04'),(51,'create_message','web','2025-11-22 15:39:04','2025-11-22 15:39:04'),(52,'update_message','web','2025-11-22 15:39:04','2025-11-22 15:39:04'),(53,'restore_message','web','2025-11-22 15:39:04','2025-11-22 15:39:04'),(54,'restore_any_message','web','2025-11-22 15:39:04','2025-11-22 15:39:04'),(55,'replicate_message','web','2025-11-22 15:39:04','2025-11-22 15:39:04'),(56,'reorder_message','web','2025-11-22 15:39:04','2025-11-22 15:39:04'),(57,'delete_message','web','2025-11-22 15:39:04','2025-11-22 15:39:04'),(58,'delete_any_message','web','2025-11-22 15:39:04','2025-11-22 15:39:04'),(59,'force_delete_message','web','2025-11-22 15:39:04','2025-11-22 15:39:04'),(60,'force_delete_any_message','web','2025-11-22 15:39:04','2025-11-22 15:39:04'),(61,'view_news::event','web','2025-11-22 15:39:04','2025-11-22 15:39:04'),(62,'view_any_news::event','web','2025-11-22 15:39:04','2025-11-22 15:39:04'),(63,'create_news::event','web','2025-11-22 15:39:04','2025-11-22 15:39:04'),(64,'update_news::event','web','2025-11-22 15:39:04','2025-11-22 15:39:04'),(65,'restore_news::event','web','2025-11-22 15:39:04','2025-11-22 15:39:04'),(66,'restore_any_news::event','web','2025-11-22 15:39:04','2025-11-22 15:39:04'),(67,'replicate_news::event','web','2025-11-22 15:39:04','2025-11-22 15:39:04'),(68,'reorder_news::event','web','2025-11-22 15:39:04','2025-11-22 15:39:04'),(69,'delete_news::event','web','2025-11-22 15:39:04','2025-11-22 15:39:04'),(70,'delete_any_news::event','web','2025-11-22 15:39:04','2025-11-22 15:39:04'),(71,'force_delete_news::event','web','2025-11-22 15:39:04','2025-11-22 15:39:04'),(72,'force_delete_any_news::event','web','2025-11-22 15:39:04','2025-11-22 15:39:04'),(73,'view_notice','web','2025-11-22 15:39:04','2025-11-22 15:39:04'),(74,'view_any_notice','web','2025-11-22 15:39:04','2025-11-22 15:39:04'),(75,'create_notice','web','2025-11-22 15:39:04','2025-11-22 15:39:04'),(76,'update_notice','web','2025-11-22 15:39:04','2025-11-22 15:39:04'),(77,'restore_notice','web','2025-11-22 15:39:04','2025-11-22 15:39:04'),(78,'restore_any_notice','web','2025-11-22 15:39:04','2025-11-22 15:39:04'),(79,'replicate_notice','web','2025-11-22 15:39:04','2025-11-22 15:39:04'),(80,'reorder_notice','web','2025-11-22 15:39:04','2025-11-22 15:39:04'),(81,'delete_notice','web','2025-11-22 15:39:04','2025-11-22 15:39:04'),(82,'delete_any_notice','web','2025-11-22 15:39:04','2025-11-22 15:39:04'),(83,'force_delete_notice','web','2025-11-22 15:39:04','2025-11-22 15:39:04'),(84,'force_delete_any_notice','web','2025-11-22 15:39:04','2025-11-22 15:39:04'),(85,'view_page','web','2025-11-22 15:39:04','2025-11-22 15:39:04'),(86,'view_any_page','web','2025-11-22 15:39:04','2025-11-22 15:39:04'),(87,'create_page','web','2025-11-22 15:39:04','2025-11-22 15:39:04'),(88,'update_page','web','2025-11-22 15:39:04','2025-11-22 15:39:04'),(89,'restore_page','web','2025-11-22 15:39:04','2025-11-22 15:39:04'),(90,'restore_any_page','web','2025-11-22 15:39:04','2025-11-22 15:39:04'),(91,'replicate_page','web','2025-11-22 15:39:04','2025-11-22 15:39:04'),(92,'reorder_page','web','2025-11-22 15:39:04','2025-11-22 15:39:04'),(93,'delete_page','web','2025-11-22 15:39:04','2025-11-22 15:39:04'),(94,'delete_any_page','web','2025-11-22 15:39:04','2025-11-22 15:39:04'),(95,'force_delete_page','web','2025-11-22 15:39:04','2025-11-22 15:39:04'),(96,'force_delete_any_page','web','2025-11-22 15:39:04','2025-11-22 15:39:04'),(97,'view_sidebar::widget','web','2025-11-22 15:39:04','2025-11-22 15:39:04'),(98,'view_any_sidebar::widget','web','2025-11-22 15:39:04','2025-11-22 15:39:04'),(99,'create_sidebar::widget','web','2025-11-22 15:39:04','2025-11-22 15:39:04'),(100,'update_sidebar::widget','web','2025-11-22 15:39:04','2025-11-22 15:39:04'),(101,'restore_sidebar::widget','web','2025-11-22 15:39:04','2025-11-22 15:39:04'),(102,'restore_any_sidebar::widget','web','2025-11-22 15:39:04','2025-11-22 15:39:04'),(103,'replicate_sidebar::widget','web','2025-11-22 15:39:04','2025-11-22 15:39:04'),(104,'reorder_sidebar::widget','web','2025-11-22 15:39:04','2025-11-22 15:39:04'),(105,'delete_sidebar::widget','web','2025-11-22 15:39:04','2025-11-22 15:39:04'),(106,'delete_any_sidebar::widget','web','2025-11-22 15:39:04','2025-11-22 15:39:04'),(107,'force_delete_sidebar::widget','web','2025-11-22 15:39:04','2025-11-22 15:39:04'),(108,'force_delete_any_sidebar::widget','web','2025-11-22 15:39:04','2025-11-22 15:39:04'),(109,'view_slider','web','2025-11-22 15:39:04','2025-11-22 15:39:04'),(110,'view_any_slider','web','2025-11-22 15:39:04','2025-11-22 15:39:04'),(111,'create_slider','web','2025-11-22 15:39:04','2025-11-22 15:39:04'),(112,'update_slider','web','2025-11-22 15:39:04','2025-11-22 15:39:04'),(113,'restore_slider','web','2025-11-22 15:39:04','2025-11-22 15:39:04'),(114,'restore_any_slider','web','2025-11-22 15:39:04','2025-11-22 15:39:04'),(115,'replicate_slider','web','2025-11-22 15:39:04','2025-11-22 15:39:04'),(116,'reorder_slider','web','2025-11-22 15:39:04','2025-11-22 15:39:04'),(117,'delete_slider','web','2025-11-22 15:39:04','2025-11-22 15:39:04'),(118,'delete_any_slider','web','2025-11-22 15:39:04','2025-11-22 15:39:04'),(119,'force_delete_slider','web','2025-11-22 15:39:04','2025-11-22 15:39:04'),(120,'force_delete_any_slider','web','2025-11-22 15:39:04','2025-11-22 15:39:04'),(121,'view_user','web','2025-11-22 15:39:04','2025-11-22 15:39:04'),(122,'view_any_user','web','2025-11-22 15:39:04','2025-11-22 15:39:04'),(123,'create_user','web','2025-11-22 15:39:04','2025-11-22 15:39:04'),(124,'update_user','web','2025-11-22 15:39:04','2025-11-22 15:39:04'),(125,'restore_user','web','2025-11-22 15:39:04','2025-11-22 15:39:04'),(126,'restore_any_user','web','2025-11-22 15:39:04','2025-11-22 15:39:04'),(127,'replicate_user','web','2025-11-22 15:39:04','2025-11-22 15:39:04'),(128,'reorder_user','web','2025-11-22 15:39:04','2025-11-22 15:39:04'),(129,'delete_user','web','2025-11-22 15:39:04','2025-11-22 15:39:04'),(130,'delete_any_user','web','2025-11-22 15:39:04','2025-11-22 15:39:04'),(131,'force_delete_user','web','2025-11-22 15:39:04','2025-11-22 15:39:04'),(132,'force_delete_any_user','web','2025-11-22 15:39:04','2025-11-22 15:39:04'),(133,'view_welcome::section','web','2025-11-22 15:39:04','2025-11-22 15:39:04'),(134,'view_any_welcome::section','web','2025-11-22 15:39:04','2025-11-22 15:39:04'),(135,'create_welcome::section','web','2025-11-22 15:39:04','2025-11-22 15:39:04'),(136,'update_welcome::section','web','2025-11-22 15:39:04','2025-11-22 15:39:04'),(137,'restore_welcome::section','web','2025-11-22 15:39:04','2025-11-22 15:39:04'),(138,'restore_any_welcome::section','web','2025-11-22 15:39:04','2025-11-22 15:39:04'),(139,'replicate_welcome::section','web','2025-11-22 15:39:04','2025-11-22 15:39:04'),(140,'reorder_welcome::section','web','2025-11-22 15:39:04','2025-11-22 15:39:04'),(141,'delete_welcome::section','web','2025-11-22 15:39:04','2025-11-22 15:39:04'),(142,'delete_any_welcome::section','web','2025-11-22 15:39:04','2025-11-22 15:39:04'),(143,'force_delete_welcome::section','web','2025-11-22 15:39:04','2025-11-22 15:39:04'),(144,'force_delete_any_welcome::section','web','2025-11-22 15:39:04','2025-11-22 15:39:04'),(145,'page_ManageFooter','web','2025-11-22 15:39:04','2025-11-22 15:39:04'),(146,'page_ManageHeader','web','2025-11-22 15:39:04','2025-11-22 15:39:04'),(147,'page_ManageSidebarDesign','web','2025-11-22 15:39:04','2025-11-22 15:39:04'),(148,'view_role','web','2025-11-22 15:41:42','2025-11-22 15:41:42'),(149,'view_any_role','web','2025-11-22 15:41:42','2025-11-22 15:41:42'),(150,'create_role','web','2025-11-22 15:41:42','2025-11-22 15:41:42'),(151,'update_role','web','2025-11-22 15:41:42','2025-11-22 15:41:42'),(152,'delete_role','web','2025-11-22 15:41:42','2025-11-22 15:41:42'),(153,'delete_any_role','web','2025-11-22 15:41:42','2025-11-22 15:41:42'),(154,'view_setting','web','2025-11-22 15:41:42','2025-11-22 15:41:42'),(155,'view_any_setting','web','2025-11-22 15:41:42','2025-11-22 15:41:42'),(156,'create_setting','web','2025-11-22 15:41:42','2025-11-22 15:41:42'),(157,'update_setting','web','2025-11-22 15:41:42','2025-11-22 15:41:42'),(158,'restore_setting','web','2025-11-22 15:41:42','2025-11-22 15:41:42'),(159,'restore_any_setting','web','2025-11-22 15:41:42','2025-11-22 15:41:42'),(160,'replicate_setting','web','2025-11-22 15:41:42','2025-11-22 15:41:42'),(161,'reorder_setting','web','2025-11-22 15:41:42','2025-11-22 15:41:42'),(162,'delete_setting','web','2025-11-22 15:41:42','2025-11-22 15:41:42'),(163,'delete_any_setting','web','2025-11-22 15:41:42','2025-11-22 15:41:42'),(164,'force_delete_setting','web','2025-11-22 15:41:42','2025-11-22 15:41:42'),(165,'force_delete_any_setting','web','2025-11-22 15:41:42','2025-11-22 15:41:42');
/*!40000 ALTER TABLE `permissions` ENABLE KEYS */;
UNLOCK TABLES;

--
-- Table structure for table `photo_galleries`
--

DROP TABLE IF EXISTS `photo_galleries`;
/*!40101 SET @saved_cs_client     = @@character_set_client */;
/*!50503 SET character_set_client = utf8mb4 */;
CREATE TABLE `photo_galleries` (
  `id` bigint unsigned NOT NULL AUTO_INCREMENT,
  `title` varchar(255) COLLATE utf8mb4_unicode_ci NOT NULL,
  `slug` varchar(255) COLLATE utf8mb4_unicode_ci NOT NULL,
  `google_drive_folder_link` varchar(255) COLLATE utf8mb4_unicode_ci DEFAULT NULL,
  `thumbnail_url` varchar(500) COLLATE utf8mb4_unicode_ci DEFAULT NULL,
  `thumbnail_image_id` varchar(255) COLLATE utf8mb4_unicode_ci DEFAULT NULL,
  `manual_thumbnail` varchar(255) COLLATE utf8mb4_unicode_ci DEFAULT NULL,
  `cover_image` varchar(255) COLLATE utf8mb4_unicode_ci DEFAULT NULL,
  `images` longtext CHARACTER SET utf8mb4 COLLATE utf8mb4_bin,
  `is_active` tinyint(1) NOT NULL DEFAULT '1',
  `published_at` date DEFAULT NULL,
  `created_at` timestamp NULL DEFAULT NULL,
  `updated_at` timestamp NULL DEFAULT NULL,
  PRIMARY KEY (`id`),
  UNIQUE KEY `photo_galleries_slug_unique` (`slug`),
  CONSTRAINT `photo_galleries_chk_1` CHECK (json_valid(`images`))
) ENGINE=InnoDB AUTO_INCREMENT=6 DEFAULT CHARSET=utf8mb4 COLLATE=utf8mb4_unicode_ci;
/*!40101 SET character_set_client = @saved_cs_client */;

--
-- Dumping data for table `photo_galleries`
--

LOCK TABLES `photo_galleries` WRITE;
/*!40000 ALTER TABLE `photo_galleries` DISABLE KEYS */;
INSERT INTO `photo_galleries` VALUES (5,'Books Distribution-2024','photo-gallery-1',NULL,'https://pub-ef1e6cb91a354191aada31be868abf78.r2.dev/galleries/thumbnails/img-9724-20260411164247.jpg',NULL,NULL,NULL,'[\"https:\\/\\/pub-ef1e6cb91a354191aada31be868abf78.r2.dev\\/galleries\\/images\\/img-9724-20260411164256.jpg\",\"https:\\/\\/pub-ef1e6cb91a354191aada31be868abf78.r2.dev\\/galleries\\/images\\/img-9725-20260411164259.jpg\",\"https:\\/\\/pub-ef1e6cb91a354191aada31be868abf78.r2.dev\\/galleries\\/images\\/img-9728-20260411164315.jpg\",\"https:\\/\\/pub-ef1e6cb91a354191aada31be868abf78.r2.dev\\/galleries\\/images\\/img-9736-20260411164324.jpg\",\"https:\\/\\/pub-ef1e6cb91a354191aada31be868abf78.r2.dev\\/galleries\\/images\\/img-9738-20260411164325.jpg\"]',1,'2026-04-11','2026-04-11 06:12:27','2026-04-11 10:45:07');
/*!40000 ALTER TABLE `photo_galleries` ENABLE KEYS */;
UNLOCK TABLES;

--
-- Table structure for table `popups`
--

DROP TABLE IF EXISTS `popups`;
/*!40101 SET @saved_cs_client     = @@character_set_client */;
/*!50503 SET character_set_client = utf8mb4 */;
CREATE TABLE `popups` (
  `id` bigint unsigned NOT NULL AUTO_INCREMENT,
  `title` varchar(255) COLLATE utf8mb4_unicode_ci NOT NULL,
  `content` text COLLATE utf8mb4_unicode_ci,
  `image_url` text COLLATE utf8mb4_unicode_ci,
  `button_text` varchar(255) COLLATE utf8mb4_unicode_ci DEFAULT NULL,
  `button_link` varchar(255) COLLATE utf8mb4_unicode_ci DEFAULT NULL,
  `button_bg_color` varchar(255) COLLATE utf8mb4_unicode_ci NOT NULL DEFAULT '#006a4e',
  `button_text_color` varchar(255) COLLATE utf8mb4_unicode_ci NOT NULL DEFAULT '#ffffff',
  `is_active` tinyint(1) NOT NULL DEFAULT '0',
  `display_on` varchar(255) COLLATE utf8mb4_unicode_ci NOT NULL DEFAULT 'homepage',
  `show_once_per_session` tinyint(1) NOT NULL DEFAULT '1',
  `auto_close_seconds` int DEFAULT NULL,
  `priority` int NOT NULL DEFAULT '0',
  `created_at` timestamp NULL DEFAULT NULL,
  `updated_at` timestamp NULL DEFAULT NULL,
  PRIMARY KEY (`id`)
) ENGINE=InnoDB AUTO_INCREMENT=2 DEFAULT CHARSET=utf8mb4 COLLATE=utf8mb4_unicode_ci;
/*!40101 SET character_set_client = @saved_cs_client */;

--
-- Dumping data for table `popups`
--

LOCK TABLES `popups` WRITE;
/*!40000 ALTER TABLE `popups` DISABLE KEYS */;
INSERT INTO `popups` VALUES (1,'১৬ ডিসেম্বর মহান বিজয় দিবস',NULL,'https://drive.google.com/file/d/1a2gNWIuk9lZYv1dMwF6aS8lseiFkIl-V/view?usp=sharing','Apply Now','https://amarschool.co','#006a4e','#ffffff',0,'homepage',1,NULL,1,'2025-12-28 05:37:14','2025-12-29 11:15:35');
/*!40000 ALTER TABLE `popups` ENABLE KEYS */;
UNLOCK TABLES;

--
-- Table structure for table `products`
--

DROP TABLE IF EXISTS `products`;
/*!40101 SET @saved_cs_client     = @@character_set_client */;
/*!50503 SET character_set_client = utf8mb4 */;
CREATE TABLE `products` (
  `id` bigint unsigned NOT NULL AUTO_INCREMENT,
  `type` varchar(255) COLLATE utf8mb4_unicode_ci NOT NULL,
  `title` varchar(255) COLLATE utf8mb4_unicode_ci NOT NULL,
  `description` text COLLATE utf8mb4_unicode_ci,
  `price` decimal(10,2) NOT NULL,
  `discount_price` decimal(10,2) DEFAULT NULL,
  `image_url` varchar(255) COLLATE utf8mb4_unicode_ci DEFAULT NULL,
  `is_active` tinyint(1) NOT NULL DEFAULT '1',
  `order` int NOT NULL DEFAULT '0',
  `created_at` timestamp NULL DEFAULT NULL,
  `updated_at` timestamp NULL DEFAULT NULL,
  PRIMARY KEY (`id`)
) ENGINE=InnoDB AUTO_INCREMENT=5 DEFAULT CHARSET=utf8mb4 COLLATE=utf8mb4_unicode_ci;
/*!40101 SET character_set_client = @saved_cs_client */;

--
-- Dumping data for table `products`
--

LOCK TABLES `products` WRITE;
/*!40000 ALTER TABLE `products` DISABLE KEYS */;
INSERT INTO `products` VALUES (1,'course','Advanced Mathematics for HSC','<p>Master the complexities of Advanced Mathematics with our comprehensive HSC course. Including video lectures, PDFs, and practice sets.</p>',2500.00,1999.00,'https://images.unsplash.com/photo-1509228468518-180dd48219d1?ixlib=rb-1.2.1&auto=format&fit=crop&w=400&q=80',1,1,'2026-03-10 21:35:28','2026-03-10 21:35:28'),(2,'book','English Grammar Masterclass','<p>A complete guide to English grammar for all levels. Perfectly designed for competitive exams.</p>',450.00,380.00,'https://images.unsplash.com/photo-1544947950-fa07a98d237f?ixlib=rb-1.2.1&auto=format&fit=crop&w=400&q=80',1,2,'2026-03-10 21:35:28','2026-03-10 21:35:28'),(3,'course','Physics: Mechanics Deep Dive','<p>Understanding the fundamental laws of motion and mechanics. 20+ hours of content.</p>',1500.00,NULL,NULL,1,3,'2026-03-10 21:35:28','2026-03-10 21:35:28'),(4,'course','English Grammer',NULL,450.00,400.00,NULL,1,0,'2026-03-12 08:57:58','2026-03-12 08:57:58');
/*!40000 ALTER TABLE `products` ENABLE KEYS */;
UNLOCK TABLES;

--
-- Table structure for table `role_has_permissions`
--

DROP TABLE IF EXISTS `role_has_permissions`;
/*!40101 SET @saved_cs_client     = @@character_set_client */;
/*!50503 SET character_set_client = utf8mb4 */;
CREATE TABLE `role_has_permissions` (
  `permission_id` bigint unsigned NOT NULL,
  `role_id` bigint unsigned NOT NULL,
  PRIMARY KEY (`permission_id`,`role_id`),
  KEY `role_has_permissions_role_id_foreign` (`role_id`),
  CONSTRAINT `role_has_permissions_permission_id_foreign` FOREIGN KEY (`permission_id`) REFERENCES `permissions` (`id`) ON DELETE CASCADE,
  CONSTRAINT `role_has_permissions_role_id_foreign` FOREIGN KEY (`role_id`) REFERENCES `roles` (`id`) ON DELETE CASCADE
) ENGINE=InnoDB DEFAULT CHARSET=utf8mb4 COLLATE=utf8mb4_unicode_ci;
/*!40101 SET character_set_client = @saved_cs_client */;

--
-- Dumping data for table `role_has_permissions`
--

LOCK TABLES `role_has_permissions` WRITE;
/*!40000 ALTER TABLE `role_has_permissions` DISABLE KEYS */;
INSERT INTO `role_has_permissions` VALUES (1,1),(2,1),(3,1),(4,1),(5,1),(6,1),(7,1),(8,1),(9,1),(10,1),(11,1),(12,1),(13,1),(14,1),(15,1),(16,1),(17,1),(18,1),(19,1),(20,1),(21,1),(22,1),(23,1),(24,1),(25,1),(26,1),(27,1),(28,1),(29,1),(30,1),(31,1),(32,1),(33,1),(34,1),(35,1),(36,1),(37,1),(38,1),(39,1),(40,1),(41,1),(42,1),(43,1),(44,1),(45,1),(46,1),(47,1),(48,1),(49,1),(50,1),(51,1),(52,1),(53,1),(54,1),(55,1),(56,1),(57,1),(58,1),(59,1),(60,1),(61,1),(62,1),(63,1),(64,1),(65,1),(66,1),(67,1),(68,1),(69,1),(70,1),(71,1),(72,1),(73,1),(74,1),(75,1),(76,1),(77,1),(78,1),(79,1),(80,1),(81,1),(82,1),(83,1),(84,1),(85,1),(86,1),(87,1),(88,1),(89,1),(90,1),(91,1),(92,1),(93,1),(94,1),(95,1),(96,1),(97,1),(98,1),(99,1),(100,1),(101,1),(102,1),(103,1),(104,1),(105,1),(106,1),(107,1),(108,1),(109,1),(110,1),(111,1),(112,1),(113,1),(114,1),(115,1),(116,1),(117,1),(118,1),(119,1),(120,1),(121,1),(122,1),(123,1),(124,1),(125,1),(126,1),(127,1),(128,1),(129,1),(130,1),(131,1),(132,1),(133,1),(134,1),(135,1),(136,1),(137,1),(138,1),(139,1),(140,1),(141,1),(142,1),(143,1),(144,1),(145,1),(146,1),(147,1),(148,1),(149,1),(150,1),(151,1),(152,1),(153,1),(154,1),(155,1),(156,1),(157,1),(158,1),(159,1),(160,1),(161,1),(162,1),(163,1),(164,1),(165,1),(1,2),(2,2),(3,2),(4,2),(5,2),(6,2),(7,2),(8,2),(9,2),(10,2),(11,2),(12,2),(13,2),(14,2),(15,2),(16,2),(17,2),(18,2),(19,2),(20,2),(21,2),(22,2),(23,2),(24,2),(25,2),(26,2),(27,2),(28,2),(29,2),(30,2),(31,2),(32,2),(33,2),(34,2),(35,2),(36,2),(37,2),(38,2),(39,2),(40,2),(41,2),(42,2),(43,2),(44,2),(45,2),(46,2),(47,2),(48,2),(49,2),(50,2),(51,2),(52,2),(53,2),(54,2),(55,2),(56,2),(57,2),(58,2),(59,2),(60,2),(61,2),(62,2),(63,2),(64,2),(65,2),(66,2),(67,2),(68,2),(69,2),(70,2),(71,2),(72,2),(73,2),(74,2),(75,2),(76,2),(77,2),(78,2),(79,2),(80,2),(81,2),(82,2),(83,2),(84,2),(85,2),(86,2),(87,2),(88,2),(89,2),(90,2),(91,2),(92,2),(93,2),(94,2),(95,2),(96,2),(97,2),(98,2),(99,2),(100,2),(101,2),(102,2),(103,2),(104,2),(105,2),(106,2),(107,2),(108,2),(109,2),(110,2),(111,2),(112,2),(113,2),(114,2),(115,2),(116,2),(117,2),(118,2),(119,2),(120,2),(121,2),(122,2),(123,2),(124,2),(125,2),(126,2),(127,2),(128,2),(129,2),(130,2),(131,2),(132,2),(133,2),(134,2),(135,2),(136,2),(137,2),(138,2),(139,2),(140,2),(141,2),(142,2),(143,2),(144,2),(145,2),(146,2),(147,2),(1,3),(2,3),(3,3),(4,3),(5,3),(6,3),(7,3),(8,3),(9,3),(10,3),(11,3),(12,3),(25,3),(26,3),(27,3),(28,3),(29,3),(30,3),(31,3),(32,3),(33,3),(34,3),(35,3),(36,3),(37,3),(38,3),(39,3),(40,3),(41,3),(42,3),(43,3),(44,3),(45,3),(46,3),(47,3),(48,3),(49,3),(50,3),(51,3),(52,3),(53,3),(54,3),(55,3),(56,3),(57,3),(58,3),(59,3),(60,3),(61,3),(62,3),(63,3),(64,3),(65,3),(66,3),(67,3),(68,3),(69,3),(70,3),(71,3),(72,3),(73,3),(74,3),(75,3),(76,3),(77,3),(78,3),(79,3),(80,3),(81,3),(82,3),(83,3),(84,3),(85,3),(86,3),(87,3),(88,3),(89,3),(90,3),(91,3),(92,3),(93,3),(94,3),(95,3),(96,3),(97,3),(98,3),(99,3),(100,3),(101,3),(102,3),(103,3),(104,3),(105,3),(106,3),(107,3),(108,3),(109,3),(110,3),(111,3),(112,3),(113,3),(114,3),(115,3),(116,3),(117,3),(118,3),(119,3),(120,3),(133,3),(134,3),(135,3),(136,3),(137,3),(138,3),(139,3),(140,3),(141,3),(142,3),(143,3),(144,3);
/*!40000 ALTER TABLE `role_has_permissions` ENABLE KEYS */;
UNLOCK TABLES;

--
-- Table structure for table `roles`
--

DROP TABLE IF EXISTS `roles`;
/*!40101 SET @saved_cs_client     = @@character_set_client */;
/*!50503 SET character_set_client = utf8mb4 */;
CREATE TABLE `roles` (
  `id` bigint unsigned NOT NULL AUTO_INCREMENT,
  `name` varchar(255) COLLATE utf8mb4_unicode_ci NOT NULL,
  `guard_name` varchar(255) COLLATE utf8mb4_unicode_ci NOT NULL,
  `created_at` timestamp NULL DEFAULT NULL,
  `updated_at` timestamp NULL DEFAULT NULL,
  PRIMARY KEY (`id`),
  UNIQUE KEY `roles_name_guard_name_unique` (`name`,`guard_name`)
) ENGINE=InnoDB AUTO_INCREMENT=4 DEFAULT CHARSET=utf8mb4 COLLATE=utf8mb4_unicode_ci;
/*!40101 SET character_set_client = @saved_cs_client */;

--
-- Dumping data for table `roles`
--

LOCK TABLES `roles` WRITE;
/*!40000 ALTER TABLE `roles` DISABLE KEYS */;
INSERT INTO `roles` VALUES (1,'super_admin','web','2025-11-22 15:32:11','2025-11-22 15:32:11'),(2,'admin','web','2025-11-22 15:36:24','2025-11-22 15:36:24'),(3,'panel_user','web','2025-11-22 15:36:24','2025-11-22 15:36:24');
/*!40000 ALTER TABLE `roles` ENABLE KEYS */;
UNLOCK TABLES;

--
-- Table structure for table `sessions`
--

DROP TABLE IF EXISTS `sessions`;
/*!40101 SET @saved_cs_client     = @@character_set_client */;
/*!50503 SET character_set_client = utf8mb4 */;
CREATE TABLE `sessions` (
  `id` varchar(255) COLLATE utf8mb4_unicode_ci NOT NULL,
  `user_id` bigint unsigned DEFAULT NULL,
  `ip_address` varchar(45) COLLATE utf8mb4_unicode_ci DEFAULT NULL,
  `user_agent` text COLLATE utf8mb4_unicode_ci,
  `payload` longtext COLLATE utf8mb4_unicode_ci NOT NULL,
  `last_activity` int NOT NULL,
  PRIMARY KEY (`id`),
  KEY `sessions_user_id_index` (`user_id`),
  KEY `sessions_last_activity_index` (`last_activity`)
) ENGINE=InnoDB DEFAULT CHARSET=utf8mb4 COLLATE=utf8mb4_unicode_ci;
/*!40101 SET character_set_client = @saved_cs_client */;

--
-- Dumping data for table `sessions`
--

LOCK TABLES `sessions` WRITE;
/*!40000 ALTER TABLE `sessions` DISABLE KEYS */;
INSERT INTO `sessions` VALUES ('vS6L8r66D6K27QbCdDwD92GnUfoO7NxtUfaOmQzL',1,'127.0.0.1','Mozilla/5.0 (Windows NT 10.0; Win64; x64) AppleWebKit/537.36 (KHTML, like Gecko) Chrome/146.0.0.0 Safari/537.36','YTo3OntzOjY6Il90b2tlbiI7czo0MDoiTjZScnkyUGRwNUdJaW0ySWw2MWRDcTU2MVhJSEZ4ZWRHbmpTRE5GZiI7czo5OiJfcHJldmlvdXMiO2E6Mjp7czozOiJ1cmwiO3M6Mzc6Imh0dHA6Ly9oYWplZS50ZXN0L2FkbWluL21lbnVzLzUzL2VkaXQiO3M6NToicm91dGUiO3M6MzU6ImZpbGFtZW50LmFkbWluLnJlc291cmNlcy5tZW51cy5lZGl0Ijt9czo2OiJfZmxhc2giO2E6Mjp7czozOiJvbGQiO2E6MDp7fXM6MzoibmV3IjthOjA6e319czozOiJ1cmwiO2E6MDp7fXM6NTA6ImxvZ2luX3dlYl81OWJhMzZhZGRjMmIyZjk0MDE1ODBmMDE0YzdmNThlYTRlMzA5ODlkIjtpOjE7czoxNzoicGFzc3dvcmRfaGFzaF93ZWIiO3M6NjA6IiQyeSQxMiQ3WWkuajJMSXQ3MzNDY0xqcUt1UmRlRGNqeFI5TUdSVU1PRk9oVWd1b2FDc0QvVlpLTk8uMiI7czo4OiJmaWxhbWVudCI7YTowOnt9fQ==',1776247871);
/*!40000 ALTER TABLE `sessions` ENABLE KEYS */;
UNLOCK TABLES;

--
-- Table structure for table `settings`
--

DROP TABLE IF EXISTS `settings`;
/*!40101 SET @saved_cs_client     = @@character_set_client */;
/*!50503 SET character_set_client = utf8mb4 */;
CREATE TABLE `settings` (
  `id` bigint unsigned NOT NULL AUTO_INCREMENT,
  `key` varchar(255) COLLATE utf8mb4_unicode_ci NOT NULL,
  `value` text COLLATE utf8mb4_unicode_ci,
  `created_at` timestamp NULL DEFAULT NULL,
  `updated_at` timestamp NULL DEFAULT NULL,
  PRIMARY KEY (`id`),
  UNIQUE KEY `settings_key_unique` (`key`)
) ENGINE=InnoDB AUTO_INCREMENT=41 DEFAULT CHARSET=utf8mb4 COLLATE=utf8mb4_unicode_ci;
/*!40101 SET character_set_client = @saved_cs_client */;

--
-- Dumping data for table `settings`
--

LOCK TABLES `settings` WRITE;
/*!40000 ALTER TABLE `settings` DISABLE KEYS */;
INSERT INTO `settings` VALUES (1,'site_name','RAMU CANTONMENT ENGLISH SCHOOL & COLLEGE','2025-11-22 04:42:45','2025-12-18 17:03:06'),(2,'site_tagline','Discipline, Knowledge, Morality','2025-11-22 04:42:45','2025-11-22 04:42:45'),(3,'phone','+8801769026044','2025-11-22 04:42:45','2025-11-22 04:42:45'),(4,'email','info@bacpsc.edu.bd','2025-11-22 04:42:45','2025-11-22 04:42:45'),(5,'address','Barishal Cantonment, Barishal','2025-11-22 04:42:45','2025-11-22 04:42:45'),(6,'facebook','#','2025-11-22 04:42:45','2025-11-22 04:42:45'),(7,'youtube','#','2025-11-22 04:42:45','2025-11-22 04:42:45'),(8,'logo','https://bacpsc.edu.bd/wp-content/uploads/2024/10/barisal-logo.png','2025-11-22 04:42:45','2025-11-22 06:35:19'),(9,'site_name_bangla','বরিশাল ক্যান্টনমেন্ট পাবলিক স্কুল ও কলেজ','2025-11-22 06:33:18','2025-11-22 06:33:18'),(10,'eiin','Barishal Cantonment, EIIN:136998','2025-11-22 06:33:19','2025-11-22 06:33:19'),(11,'erecruitment_url','https://admission.trusteduerp.xyz/job/apply?insId=1006','2025-11-22 06:33:19','2025-11-22 06:38:06'),(12,'online_admission_url','https://bacpsc.edu.bd/online-admission/','2025-11-22 06:33:19','2025-11-22 06:39:16'),(13,'online_fee_url','https://s2.trusteduerp.xyz/st/login?insId=1006','2025-11-22 06:33:19','2025-11-22 06:39:42'),(14,'sidebar_header_bg','#0f3d3e','2025-11-22 10:23:17','2025-11-22 10:23:17'),(15,'sidebar_body_bg','#1a4d2e','2025-11-22 10:23:17','2025-11-22 10:23:17'),(16,'sidebar_title_color','#ffc107','2025-11-22 10:23:17','2025-11-22 10:23:17'),(17,'sidebar_text_color','#ffffff','2025-11-22 10:23:17','2025-11-22 10:23:17'),(18,'sidebar_btn_bg','#28a745','2025-11-22 10:23:17','2025-11-22 10:23:17'),(19,'sidebar_btn_text_color','#0d9100','2025-11-22 10:23:17','2025-12-18 14:52:16'),(20,'sidebar_aspect_ratio','3/4','2025-11-22 10:23:17','2025-11-22 10:23:17'),(21,'sidebar_image_width','70','2025-11-22 10:23:17','2025-11-22 10:25:04'),(22,'sidebar_image_position','top center','2025-11-22 10:23:17','2025-11-22 10:23:17'),(23,'sidebar_image_fit','cover','2025-11-22 10:23:17','2025-11-22 10:23:17'),(24,'sidebar_border_radius','20px','2025-11-22 10:23:17','2025-11-22 10:24:27'),(25,'sidebar_border_width','5px','2025-11-22 10:23:17','2025-11-22 10:25:04'),(26,'sidebar_border_color','#ffffff','2025-11-22 10:23:17','2025-11-22 10:23:17'),(27,'sidebar_title_font_size','1.1rem','2025-11-22 10:23:17','2025-11-22 10:23:17'),(28,'sidebar_desig_font_size','0.875rem','2025-11-22 10:23:17','2025-11-22 10:23:17'),(29,'sidebar_card_padding','1rem','2025-11-22 10:23:17','2025-11-22 10:23:17'),(30,'menu_card_template','template_2','2025-12-14 14:12:43','2025-12-31 06:13:30'),(31,'info_header_bg','#0f3d3e','2025-12-18 13:29:17','2025-12-18 13:29:17'),(32,'info_body_bg','#1a4d2e','2025-12-18 13:29:17','2025-12-18 13:29:17'),(33,'info_text_color','#ffc107','2025-12-18 13:29:17','2025-12-18 13:29:17'),(34,'info_icon_color','#ffc107','2025-12-18 13:29:17','2025-12-18 13:29:17'),(35,'info_border_color','rgba(255, 193, 7, 0.3)','2025-12-18 13:29:17','2025-12-18 13:29:17'),(36,'notice_header_bg','#0f3d3e','2025-12-18 13:29:17','2025-12-18 13:29:17'),(37,'notice_body_bg','#f0f8f0','2025-12-18 13:29:17','2025-12-18 13:29:17'),(38,'notice_title_color','#0066cc','2025-12-18 13:29:17','2025-12-18 13:29:17'),(39,'notice_date_color','#dc3545','2025-12-18 13:29:17','2025-12-18 13:29:17'),(40,'admin_tutorial_link','https://www.youtube.com/watch?v=NNwgrHdrseM&t=24s','2025-12-31 06:48:37','2025-12-31 06:48:37');
/*!40000 ALTER TABLE `settings` ENABLE KEYS */;
UNLOCK TABLES;

--
-- Table structure for table `sidebar_widgets`
--

DROP TABLE IF EXISTS `sidebar_widgets`;
/*!40101 SET @saved_cs_client     = @@character_set_client */;
/*!50503 SET character_set_client = utf8mb4 */;
CREATE TABLE `sidebar_widgets` (
  `id` bigint unsigned NOT NULL AUTO_INCREMENT,
  `title` varchar(255) COLLATE utf8mb4_unicode_ci NOT NULL,
  `type` varchar(255) COLLATE utf8mb4_unicode_ci NOT NULL DEFAULT 'image_link',
  `content` text COLLATE utf8mb4_unicode_ci,
  `image_url` text COLLATE utf8mb4_unicode_ci,
  `link` varchar(255) COLLATE utf8mb4_unicode_ci DEFAULT NULL,
  `order` int NOT NULL DEFAULT '0',
  `is_active` tinyint(1) NOT NULL DEFAULT '1',
  `created_at` timestamp NULL DEFAULT NULL,
  `updated_at` timestamp NULL DEFAULT NULL,
  PRIMARY KEY (`id`)
) ENGINE=InnoDB AUTO_INCREMENT=6 DEFAULT CHARSET=utf8mb4 COLLATE=utf8mb4_unicode_ci;
/*!40101 SET character_set_client = @saved_cs_client */;

--
-- Dumping data for table `sidebar_widgets`
--

LOCK TABLES `sidebar_widgets` WRITE;
/*!40000 ALTER TABLE `sidebar_widgets` DISABLE KEYS */;
INSERT INTO `sidebar_widgets` VALUES (1,'Academic Calendar','calendar',NULL,NULL,NULL,1,1,'2025-11-22 10:28:43','2025-11-22 10:28:43'),(2,'Video','video','https://youtu.be/MM2oLH8OAKY',NULL,NULL,2,1,'2025-11-22 10:29:45','2026-04-01 11:18:51'),(3,'How to Pay Tuition Fees Using TAP','video','https://youtu.be/Bocc6ZMHbOo',NULL,NULL,3,0,'2025-11-22 10:34:43','2025-12-29 15:41:24'),(4,'Publisher Corner','link','ম্যাগাজিন',NULL,'https://drive.google.com/file/d/1ZfBTcXcY2nizJ7YlD-lRgTVzJVGkj6Sd/view',4,1,'2025-11-22 10:35:59','2025-11-22 10:44:01'),(5,'Help Line','image_link',NULL,'https://drive.google.com/file/d/1A3zT4tH3ht3VerOcS2xHruHjIdA4fxmH/view?usp=sharing',NULL,5,1,'2025-11-22 10:37:49','2025-11-22 10:37:49');
/*!40000 ALTER TABLE `sidebar_widgets` ENABLE KEYS */;
UNLOCK TABLES;

--
-- Table structure for table `sliders`
--

DROP TABLE IF EXISTS `sliders`;
/*!40101 SET @saved_cs_client     = @@character_set_client */;
/*!50503 SET character_set_client = utf8mb4 */;
CREATE TABLE `sliders` (
  `id` bigint unsigned NOT NULL AUTO_INCREMENT,
  `title` varchar(255) COLLATE utf8mb4_unicode_ci DEFAULT NULL,
  `image_url` text COLLATE utf8mb4_unicode_ci,
  `link` varchar(255) COLLATE utf8mb4_unicode_ci DEFAULT NULL,
  `image_position` varchar(255) COLLATE utf8mb4_unicode_ci NOT NULL DEFAULT 'center',
  `image_fit` varchar(255) COLLATE utf8mb4_unicode_ci NOT NULL DEFAULT 'contain',
  `order` int NOT NULL DEFAULT '0',
  `is_active` tinyint(1) NOT NULL DEFAULT '1',
  `created_at` timestamp NULL DEFAULT NULL,
  `updated_at` timestamp NULL DEFAULT NULL,
  PRIMARY KEY (`id`)
) ENGINE=InnoDB AUTO_INCREMENT=8 DEFAULT CHARSET=utf8mb4 COLLATE=utf8mb4_unicode_ci;
/*!40101 SET character_set_client = @saved_cs_client */;

--
-- Dumping data for table `sliders`
--

LOCK TABLES `sliders` WRITE;
/*!40000 ALTER TABLE `sliders` DISABLE KEYS */;
INSERT INTO `sliders` VALUES (1,'College Campus','https://drive.google.com/file/d/1Zg2u57qunWNrkt5yAi03qYjGfZGFkqUe/view?usp=sharing',NULL,'center','cover',1,1,'2025-11-22 04:42:45','2026-03-16 03:54:50'),(5,'Science Fair','https://drive.google.com/file/d/1sE946CA5ZTaF4Ojqflxbt4_zPn-W62mk/view?usp=sharing',NULL,'center','contain',0,1,'2026-03-10 00:36:21','2026-03-16 03:54:04'),(6,'Champion House','https://drive.google.com/file/d/1hFZVM943jlIX2zxetLTEYeSvhnOOUPsQ/view?usp=sharing',NULL,'center','contain',0,1,'2026-03-16 03:55:49','2026-03-16 03:55:49');
/*!40000 ALTER TABLE `sliders` ENABLE KEYS */;
UNLOCK TABLES;

--
-- Table structure for table `theme_settings`
--

DROP TABLE IF EXISTS `theme_settings`;
/*!40101 SET @saved_cs_client     = @@character_set_client */;
/*!50503 SET character_set_client = utf8mb4 */;
CREATE TABLE `theme_settings` (
  `id` bigint unsigned NOT NULL AUTO_INCREMENT,
  `homepage_template` varchar(255) COLLATE utf8mb4_unicode_ci NOT NULL DEFAULT 'template_1',
  `sidebar_title` varchar(100) COLLATE utf8mb4_unicode_ci NOT NULL DEFAULT 'BCPSC INFORMATION',
  `news_events_title` varchar(100) COLLATE utf8mb4_unicode_ci NOT NULL DEFAULT 'NEWS AND EVENTS',
  `achievements_title` varchar(100) COLLATE utf8mb4_unicode_ci NOT NULL DEFAULT 'ACHIEVEMENTS',
  `all_notices_title` varchar(100) COLLATE utf8mb4_unicode_ci NOT NULL DEFAULT 'ALL PUBLISHED NOTICE',
  `primary_color` varchar(255) COLLATE utf8mb4_unicode_ci NOT NULL DEFAULT '#006a4e',
  `secondary_color` varchar(255) COLLATE utf8mb4_unicode_ci NOT NULL DEFAULT '#f42a41',
  `accent_color` varchar(255) COLLATE utf8mb4_unicode_ci NOT NULL DEFAULT '#f8f9fa',
  `text_color` varchar(255) COLLATE utf8mb4_unicode_ci NOT NULL DEFAULT '#333333',
  `link_color` varchar(255) COLLATE utf8mb4_unicode_ci NOT NULL DEFAULT '#006a4e',
  `topbar_bg_color` varchar(255) COLLATE utf8mb4_unicode_ci NOT NULL DEFAULT '#5a9a7a',
  `header_bg_color` varchar(255) COLLATE utf8mb4_unicode_ci NOT NULL DEFAULT '#2d6a4f',
  `navbar_bg_color` varchar(255) COLLATE utf8mb4_unicode_ci NOT NULL DEFAULT '#1e5540',
  `navbar_hover_color` varchar(255) COLLATE utf8mb4_unicode_ci NOT NULL DEFAULT 'rgba(255,255,255,0.15)',
  `footer_bg_color` varchar(255) COLLATE utf8mb4_unicode_ci NOT NULL DEFAULT '#2c3e50',
  `footer_bottom_bg_color` varchar(255) COLLATE utf8mb4_unicode_ci NOT NULL DEFAULT '#1a252f',
  `body_bg_color` varchar(255) COLLATE utf8mb4_unicode_ci NOT NULL DEFAULT '#f4f6f9',
  `ticker_bg_color` varchar(255) COLLATE utf8mb4_unicode_ci NOT NULL DEFAULT '#006a4e',
  `ticker_text_color` varchar(255) COLLATE utf8mb4_unicode_ci NOT NULL DEFAULT '#ffffff',
  `message_card_design` varchar(255) COLLATE utf8mb4_unicode_ci NOT NULL DEFAULT 'solid',
  `message_card_bg_image` varchar(255) COLLATE utf8mb4_unicode_ci DEFAULT NULL,
  `message_card_bg_image_gdrive` text COLLATE utf8mb4_unicode_ci,
  `card_header_color` varchar(255) COLLATE utf8mb4_unicode_ci NOT NULL DEFAULT '#134B50',
  `card_name_text_color` varchar(255) COLLATE utf8mb4_unicode_ci NOT NULL DEFAULT '#e8f5e9',
  `card_designation_text_color` varchar(255) COLLATE utf8mb4_unicode_ci NOT NULL DEFAULT '#ffffff',
  `card_image_border_color` varchar(255) COLLATE utf8mb4_unicode_ci NOT NULL DEFAULT '#ffffff',
  `card_button_bg_color` varchar(255) COLLATE utf8mb4_unicode_ci NOT NULL DEFAULT '#134B50',
  `card_button_text_color` varchar(255) COLLATE utf8mb4_unicode_ci NOT NULL DEFAULT '#ffffff',
  `created_at` timestamp NULL DEFAULT NULL,
  `updated_at` timestamp NULL DEFAULT NULL,
  PRIMARY KEY (`id`)
) ENGINE=InnoDB AUTO_INCREMENT=3 DEFAULT CHARSET=utf8mb4 COLLATE=utf8mb4_unicode_ci;
/*!40101 SET character_set_client = @saved_cs_client */;

--
-- Dumping data for table `theme_settings`
--

LOCK TABLES `theme_settings` WRITE;
/*!40000 ALTER TABLE `theme_settings` DISABLE KEYS */;
INSERT INTO `theme_settings` VALUES (1,'template_1','তথ্য সমূহ','News & Events','Our Achievements','Notice','#134B50','#008776','#e8f5e9','#212121','#00a883','#00707d','#003440','#144D53','rgba(255,255,255,0.15)','#003440','#00707d','#e8f5e9','#1A3C40','#f7dd12','solid','message-cards/01KD8FEV6Y7DCAAY4GG2B1YKQD.png','https://drive.google.com/file/d/188f3e1cMyQWEzyduweYY5OY-mAEjEGy6/view?usp=sharing','#056b00','#006108','#013003','#044001','#00b89a','#ffffff','2025-11-22 17:45:32','2026-03-24 23:34:37'),(2,'template_1','BCPSC INFORMATION','NEWS AND EVENTS','ACHIEVEMENTS','ALL PUBLISHED NOTICE','#006a4e','#f42a41','#f8f9fa','#333333','#006a4e','#5a9a7a','#2d6a4f','#1e5540','rgba(255,255,255,0.15)','#2c3e50','#1a252f','#f4f6f9','#006a4e','#ffffff','solid',NULL,NULL,'#134B50','#e8f5e9','#ffffff','#ffffff','#134B50','#ffffff','2025-11-22 18:00:06','2025-11-22 18:00:06');
/*!40000 ALTER TABLE `theme_settings` ENABLE KEYS */;
UNLOCK TABLES;

--
-- Table structure for table `theme_showcases`
--

DROP TABLE IF EXISTS `theme_showcases`;
/*!40101 SET @saved_cs_client     = @@character_set_client */;
/*!50503 SET character_set_client = utf8mb4 */;
CREATE TABLE `theme_showcases` (
  `id` bigint unsigned NOT NULL AUTO_INCREMENT,
  `name` varchar(255) COLLATE utf8mb4_unicode_ci NOT NULL,
  `theme_key` varchar(255) COLLATE utf8mb4_unicode_ci DEFAULT NULL,
  `image` text COLLATE utf8mb4_unicode_ci,
  `url` varchar(255) COLLATE utf8mb4_unicode_ci DEFAULT NULL,
  `is_active` tinyint(1) NOT NULL DEFAULT '1',
  `sort_order` int NOT NULL DEFAULT '0',
  `created_at` timestamp NULL DEFAULT NULL,
  `updated_at` timestamp NULL DEFAULT NULL,
  PRIMARY KEY (`id`)
) ENGINE=InnoDB AUTO_INCREMENT=7 DEFAULT CHARSET=utf8mb4 COLLATE=utf8mb4_unicode_ci;
/*!40101 SET character_set_client = @saved_cs_client */;

--
-- Dumping data for table `theme_showcases`
--

LOCK TABLES `theme_showcases` WRITE;
/*!40000 ALTER TABLE `theme_showcases` DISABLE KEYS */;
INSERT INTO `theme_showcases` VALUES (2,'Template 1 - Default Layout (Current Design)','template_1','https://drive.google.com/file/d/1rC93lcH8ZC8dWfnFvZC6LmWq8U2oDNSp/view?usp=sharing',NULL,0,1,'2025-12-31 08:10:59','2026-03-30 09:20:08'),(3,'Template 2 - Modern Grid Layout','template_2','https://drive.google.com/file/d/1rP39NBgtGKDTi7eaYbySoywNUZu_LiIU/view?usp=sharing',NULL,0,2,'2025-12-31 08:10:59','2026-03-30 09:20:02'),(4,'Template 3 - Minimal Clean Layout','template_3','https://drive.google.com/file/d/1TJXeVzrK7oxytZgmcotNcd-j5It4Mj4p/view?usp=sharing',NULL,0,3,'2025-12-31 08:10:59','2026-03-30 09:20:04'),(5,'Template 4 - Full Width Magazine Style','template_4',NULL,NULL,0,4,'2025-12-31 08:10:59','2025-12-31 08:20:44'),(6,'Template 5 - Card-Based Modern Layout','template_5',NULL,NULL,0,5,'2025-12-31 08:10:59','2025-12-31 08:20:48');
/*!40000 ALTER TABLE `theme_showcases` ENABLE KEYS */;
UNLOCK TABLES;

--
-- Table structure for table `users`
--

DROP TABLE IF EXISTS `users`;
/*!40101 SET @saved_cs_client     = @@character_set_client */;
/*!50503 SET character_set_client = utf8mb4 */;
CREATE TABLE `users` (
  `id` bigint unsigned NOT NULL AUTO_INCREMENT,
  `name` varchar(255) COLLATE utf8mb4_unicode_ci NOT NULL,
  `email` varchar(255) COLLATE utf8mb4_unicode_ci NOT NULL,
  `email_verified_at` timestamp NULL DEFAULT NULL,
  `password` varchar(255) COLLATE utf8mb4_unicode_ci NOT NULL,
  `remember_token` varchar(100) COLLATE utf8mb4_unicode_ci DEFAULT NULL,
  `created_at` timestamp NULL DEFAULT NULL,
  `updated_at` timestamp NULL DEFAULT NULL,
  PRIMARY KEY (`id`),
  UNIQUE KEY `users_email_unique` (`email`)
) ENGINE=InnoDB AUTO_INCREMENT=9 DEFAULT CHARSET=utf8mb4 COLLATE=utf8mb4_unicode_ci;
/*!40101 SET character_set_client = @saved_cs_client */;

--
-- Dumping data for table `users`
--

LOCK TABLES `users` WRITE;
/*!40000 ALTER TABLE `users` DISABLE KEYS */;
INSERT INTO `users` VALUES (1,'Admin','admin@bacpsc.edu.bd','2025-12-17 09:20:44','$2y$12$7Yi.j2LIt733CcLjqKuRdeDcjxR9MGRUMOFOhUguoaCsD/VZKNO.2','YAIXT4YOVRcfcokcaa627DUesh6oG0Uuu40Td5SFJOZ5fwns3TfVjVkyWu1C','2025-11-22 06:11:21','2025-12-17 09:20:44'),(3,'zahid','zahid@bacpsc.edu.bd',NULL,'$2y$12$t0q4sY.xXXN39gZQZr1kiu9Fmp5Ek/bPiXyU2mxdJ5rqdJbV77K7y',NULL,'2025-11-22 15:25:56','2025-11-22 15:25:56'),(4,'Sumon','sumon@bacpsc.edu.bd',NULL,'$2y$12$ovQeIopk1Pq5cnmXvcOTZuA8S/gu7ei4MDAZJoa/efmB.N2F6ML8q',NULL,'2025-11-22 15:40:05','2025-11-22 15:43:53'),(5,'Super Admin','admin@admin.com','2025-12-17 09:16:55','$2y$12$IICjR6LmvWDRezRqkM0..uu20lpjTvyO4RKuNIe1sTI/MZT9ttihm',NULL,'2025-12-17 09:16:55','2025-12-17 09:16:55'),(6,'Shimul (Super Admin)','shimul.amarschool@gmail.com',NULL,'$2y$12$mwnwiEzvmH4yAK1UNpdJau.72AEfy9PIT0aIppIMA6AT7crSeMDD.',NULL,'2025-12-22 12:51:24','2025-12-22 12:54:49'),(7,'Regular User','user@test.com',NULL,'$2y$12$5PazZvIKHPFDsSzh1747R.oGNkQxbYFk.OOk6lTLYC0Gh1tz5FVRm',NULL,'2025-12-22 12:51:25','2025-12-22 12:51:25'),(8,'Shimul Hossain','shimulvisa@gmail.com',NULL,'$2y$12$LnMNgqqhgf902QVmmgMbWeRhD1z76jGPr9bizXkIQ/04qKe9Dw2zC',NULL,'2025-12-23 04:32:15','2025-12-23 04:32:15');
/*!40000 ALTER TABLE `users` ENABLE KEYS */;
UNLOCK TABLES;

--
-- Table structure for table `video_galleries`
--

DROP TABLE IF EXISTS `video_galleries`;
/*!40101 SET @saved_cs_client     = @@character_set_client */;
/*!50503 SET character_set_client = utf8mb4 */;
CREATE TABLE `video_galleries` (
  `id` bigint unsigned NOT NULL AUTO_INCREMENT,
  `title` varchar(255) COLLATE utf8mb4_unicode_ci NOT NULL,
  `slug` varchar(255) COLLATE utf8mb4_unicode_ci NOT NULL,
  `created_by` bigint unsigned DEFAULT NULL,
  `videos` longtext CHARACTER SET utf8mb4 COLLATE utf8mb4_bin,
  `is_active` tinyint(1) NOT NULL DEFAULT '1',
  `published_at` date DEFAULT NULL,
  `created_at` timestamp NULL DEFAULT NULL,
  `updated_at` timestamp NULL DEFAULT NULL,
  PRIMARY KEY (`id`),
  UNIQUE KEY `video_galleries_slug_unique` (`slug`),
  KEY `video_galleries_created_by_foreign` (`created_by`),
  CONSTRAINT `video_galleries_created_by_foreign` FOREIGN KEY (`created_by`) REFERENCES `users` (`id`) ON DELETE SET NULL,
  CONSTRAINT `video_galleries_chk_1` CHECK (json_valid(`videos`))
) ENGINE=InnoDB AUTO_INCREMENT=3 DEFAULT CHARSET=utf8mb4 COLLATE=utf8mb4_unicode_ci;
/*!40101 SET character_set_client = @saved_cs_client */;

--
-- Dumping data for table `video_galleries`
--

LOCK TABLES `video_galleries` WRITE;
/*!40000 ALTER TABLE `video_galleries` DISABLE KEYS */;
INSERT INTO `video_galleries` VALUES (2,'এসো বাংলা শিখি','eso-bangla-sikhi-hzebqx',1,'[{\"info\": null, \"title\": \"এসো বাংলা শিখি\", \"youtube_url\": \"https://youtu.be/XfvEBZT--LY\"}]',1,NULL,'2025-12-17 07:38:30','2025-12-17 07:38:30');
/*!40000 ALTER TABLE `video_galleries` ENABLE KEYS */;
UNLOCK TABLES;

--
-- Table structure for table `welcome_sections`
--

DROP TABLE IF EXISTS `welcome_sections`;
/*!40101 SET @saved_cs_client     = @@character_set_client */;
/*!50503 SET character_set_client = utf8mb4 */;
CREATE TABLE `welcome_sections` (
  `id` bigint unsigned NOT NULL AUTO_INCREMENT,
  `title` varchar(255) COLLATE utf8mb4_unicode_ci NOT NULL DEFAULT 'Welcome To BCPSC',
  `content` text COLLATE utf8mb4_unicode_ci NOT NULL,
  `image_url` text COLLATE utf8mb4_unicode_ci,
  `button_text` varchar(255) COLLATE utf8mb4_unicode_ci DEFAULT NULL,
  `button_url` varchar(255) COLLATE utf8mb4_unicode_ci DEFAULT NULL,
  `is_active` tinyint(1) NOT NULL DEFAULT '1',
  `created_at` timestamp NULL DEFAULT NULL,
  `updated_at` timestamp NULL DEFAULT NULL,
  PRIMARY KEY (`id`)
) ENGINE=InnoDB AUTO_INCREMENT=2 DEFAULT CHARSET=utf8mb4 COLLATE=utf8mb4_unicode_ci;
/*!40101 SET character_set_client = @saved_cs_client */;

--
-- Dumping data for table `welcome_sections`
--

LOCK TABLES `welcome_sections` WRITE;
/*!40000 ALTER TABLE `welcome_sections` DISABLE KEYS */;
INSERT INTO `welcome_sections` VALUES (1,'Welcome to Dhaka Cantt Girls\' Public School & College','Welcome to the website of Dhaka Cantonment Girls’ Public School and College. Our institution is dedicated to nurturing academically accomplished young women with highly developed interpersonal skills and a broad range of interests. We aim to equip our students to compete at the highest levels, both nationally and internationally, alongside the brightest and the best.\nWe are committed to providing excellent teaching and a dynamic program of extracurricular opportunities in a happy, vibrant atmosphere where every girl is encouraged to achieve her full potential. We value your feedback on our development and welcome any ideas for improvement. If you have suggestions, please email us and let us know.\n\nDhaka Cantonment Girls’ Public School & College is one of the most reputed institutions in Dhaka Cantonment. Nestled in a serene and picturesque environment, away from the hustle and bustle of the city, the college embarked on its journey in mid-2005.\nThe college offers both Bangla and English versions of study, allowing students to choose between Science and Business Studies. Each version has its own spacious building, including the pre-primary, school, and college sections. All classrooms are equipped with multimedia projectors and audio systems. Recently, a central public address system was installed for important announcements to students and teachers. Additionally, a large LED display has been installed in the college auditorium for conducting classes, presentations, and cultural programs.\nIn addition to ample classrooms, the college boasts four science laboratories and a well-stocked library. The two computer labs are fully air-conditioned and equipped with modern computers.\n\nThe institution supports extracurricular activities through its 14 clubs, including the Debate Club, English Language Club, Bangla Language and Literature Club, Arabic Language Club, Cultural Club, Sports Club, Science Club, Business Club, Math Olympiad Club, Nature Study Club, ICT Club, Art Club, Taekwondo Club, and Bangladesh National Cadet Corps club. Students are divided into four houses—Taramon Bibi House, Jahanara Imam House, Begum Rokeya House, and Begum Sufia Kamal House—for both academic and extracurricular activities. The institution has achieved remarkable success in a short span of time.','https://drive.google.com/file/d/1Zg2u57qunWNrkt5yAi03qYjGfZGFkqUe/view?usp=sharing','Details ','https://bacpsc.edu.bd/details',1,'2025-11-22 13:33:10','2026-03-16 04:25:55');
/*!40000 ALTER TABLE `welcome_sections` ENABLE KEYS */;
UNLOCK TABLES;
/*!40103 SET TIME_ZONE=@OLD_TIME_ZONE */;

/*!40101 SET SQL_MODE=@OLD_SQL_MODE */;
/*!40014 SET FOREIGN_KEY_CHECKS=@OLD_FOREIGN_KEY_CHECKS */;
/*!40014 SET UNIQUE_CHECKS=@OLD_UNIQUE_CHECKS */;
/*!40101 SET CHARACTER_SET_CLIENT=@OLD_CHARACTER_SET_CLIENT */;
/*!40101 SET CHARACTER_SET_RESULTS=@OLD_CHARACTER_SET_RESULTS */;
/*!40101 SET COLLATION_CONNECTION=@OLD_COLLATION_CONNECTION */;
/*!40111 SET SQL_NOTES=@OLD_SQL_NOTES */;

-- Dump completed on 2026-04-15 16:18:29
