SET FOREIGN_KEY_CHECKS=0;



CREATE TABLE `achievements` (
  `id` bigint unsigned NOT NULL AUTO_INCREMENT,
  `title` varchar(255) COLLATE utf8mb4_unicode_ci NOT NULL,
  `slug` varchar(255) COLLATE utf8mb4_unicode_ci NOT NULL,
  `excerpt` text COLLATE utf8mb4_unicode_ci,
  `content` longtext COLLATE utf8mb4_unicode_ci,
  `google_drive_folder_link` text COLLATE utf8mb4_unicode_ci,
  `image_url` text COLLATE utf8mb4_unicode_ci,
  `additional_images` longtext CHARACTER SET utf8mb4 COLLATE utf8mb4_bin,
  `author` varchar(255) COLLATE utf8mb4_unicode_ci DEFAULT NULL,
  `published_at` datetime DEFAULT NULL,
  `is_active` tinyint(1) NOT NULL DEFAULT '1',
  `order` int NOT NULL DEFAULT '0',
  `created_at` timestamp NULL DEFAULT NULL,
  `updated_at` timestamp NULL DEFAULT NULL,
  PRIMARY KEY (`id`),
  UNIQUE KEY `achievements_slug_unique` (`slug`),
  KEY `achievements_active_published_idx` (`is_active`,`published_at`),
  KEY `achievements_slug_idx` (`slug`),
  CONSTRAINT `achievements_chk_1` CHECK (json_valid(`additional_images`))
) ENGINE=InnoDB AUTO_INCREMENT=13 DEFAULT CHARSET=utf8mb4 COLLATE=utf8mb4_unicode_ci;

INSERT INTO `achievements` (`id`, `title`, `slug`, `excerpt`, `content`, `google_drive_folder_link`, `image_url`, `additional_images`, `author`, `published_at`, `is_active`, `order`, `created_at`, `updated_at`) VALUES ('10', 'Champion in Debate for Democracy!', 'champion-in-debate-for-democracy', NULL, '<p>DCGPSC debate team became champion in Debate for Democracy parliamentary debate defeating Saint Joseph College in the final.&nbsp;</p>', NULL, 'https://drive.google.com/file/d/1mfT1C2Fk3No-08x0PVzjo5zjwYesiynU/view?usp=sharing', NULL, 'barisal-admin', '2025-02-23 05:37:07', '1', '0', '2026-03-25 05:38:20', '2026-03-25 05:42:25');
INSERT INTO `achievements` (`id`, `title`, `slug`, `excerpt`, `content`, `google_drive_folder_link`, `image_url`, `additional_images`, `author`, `published_at`, `is_active`, `order`, `created_at`, `updated_at`) VALUES ('11', 'National Champion in Wildlife Olympiad!', 'national-champion-in-wildlife-olympiad', NULL, '<p>Zerin Tasnim, a student of class XII of this college, became the champion in Wildlife Olympiad 2024 at National level. Heartiest congratulations to her and her parents from DCGPSC family on this outstanding achievement.</p>', NULL, 'https://drive.google.com/file/d/1BKEveMoZvlg9DsGp5nlK-3frE0UzTmc9/view?usp=sharing', NULL, 'barisal-admin', '2024-11-10 00:38:20', '1', '0', '2026-03-25 05:40:23', '2026-03-25 05:43:02');
INSERT INTO `achievements` (`id`, `title`, `slug`, `excerpt`, `content`, `google_drive_folder_link`, `image_url`, `additional_images`, `author`, `published_at`, `is_active`, `order`, `created_at`, `updated_at`) VALUES ('12', 'Outstanding Result in HSC 2024!', 'outstanding-result-in-hsc-2024', NULL, '<p>Out of 536 students, 534 passed and 306 achieved GPA 5.00.</p><p>Congrats to the successful students and their parents from DCGPSC family!</p>', NULL, 'https://drive.google.com/file/d/1ydTYVMiipFx7sZTGYam9qhVH2ZgKQPqH/view?usp=sharing', NULL, 'barisal-admin', '2024-10-15 05:40:23', '1', '0', '2026-03-25 05:41:38', '2026-03-25 05:43:24');


CREATE TABLE `cache` (
  `key` varchar(255) COLLATE utf8mb4_unicode_ci NOT NULL,
  `value` mediumtext COLLATE utf8mb4_unicode_ci NOT NULL,
  `expiration` int NOT NULL,
  PRIMARY KEY (`key`)
) ENGINE=InnoDB DEFAULT CHARSET=utf8mb4 COLLATE=utf8mb4_unicode_ci;

INSERT INTO `cache` (`key`, `value`, `expiration`) VALUES ('laravel-cache-356a192b7913b04c54574d18c28d46e6395428ab', 'i:1;', '1774540288');
INSERT INTO `cache` (`key`, `value`, `expiration`) VALUES ('laravel-cache-356a192b7913b04c54574d18c28d46e6395428ab:timer', 'i:1774540288;', '1774540288');
INSERT INTO `cache` (`key`, `value`, `expiration`) VALUES ('laravel-cache-global.footer_settings', 'O:24:\"App\\Models\\FooterSetting\":33:{s:13:\"\0*\0connection\";s:5:\"mysql\";s:8:\"\0*\0table\";s:15:\"footer_settings\";s:13:\"\0*\0primaryKey\";s:2:\"id\";s:10:\"\0*\0keyType\";s:3:\"int\";s:12:\"incrementing\";b:1;s:7:\"\0*\0with\";a:0:{}s:12:\"\0*\0withCount\";a:0:{}s:19:\"preventsLazyLoading\";b:0;s:10:\"\0*\0perPage\";i:15;s:6:\"exists\";b:1;s:18:\"wasRecentlyCreated\";b:0;s:28:\"\0*\0escapeWhenCastingToString\";b:0;s:13:\"\0*\0attributes\";a:17:{s:2:\"id\";i:1;s:8:\"logo_url\";s:82:\"https://drive.google.com/file/d/1LpcYwD9mhMZcL-v1BM52V_dipYeqBpP6/view?usp=sharing\";s:11:\"school_name\";s:49:\"Dhaka Cantonment Girls\' Public School and College\";s:13:\"contact_title\";s:7:\"CONTACT\";s:14:\"contact_phones\";s:135:\"[{\"label\":\"Admin\",\"number\":\" 01769017725\"},{\"label\":\"Tuition Fee\",\"number\":\"01876862530\"},{\"label\":\"Transport\",\"number\":\"01769051740\"}]\";s:13:\"contact_email\";s:20:\"dcgpsc2005@gmail.com\";s:15:\"contact_address\";s:71:\"Signal Gate, Dhaka Cantonment\nDhaka-1206, Bangladesh.\nPhone (8am - 8pm)\";s:20:\"featured_links_title\";s:14:\"Featured Links\";s:14:\"featured_links\";s:86:\"[{\"title\":\"Education Board\",\"url\":\"https:\\/\\/www.dhakaeducationboard.gov.bd\\/site\\/\"}]\";s:14:\"facebook_title\";s:13:\"Facebook Page\";s:18:\"facebook_embed_url\";s:32:\"https://www.facebook.com/dcgpsc/\";s:12:\"facebook_url\";s:32:\"https://www.facebook.com/dcgpsc/\";s:11:\"twitter_url\";N;s:14:\"copyright_text\";s:60:\"Copyright ©2026 dcgpsc| Developed By Trust Innovation Ltd..\";s:18:\"privacy_policy_url\";N;s:10:\"created_at\";s:19:\"2025-11-22 20:27:15\";s:10:\"updated_at\";s:19:\"2026-03-16 10:17:49\";}s:11:\"\0*\0original\";a:17:{s:2:\"id\";i:1;s:8:\"logo_url\";s:82:\"https://drive.google.com/file/d/1LpcYwD9mhMZcL-v1BM52V_dipYeqBpP6/view?usp=sharing\";s:11:\"school_name\";s:49:\"Dhaka Cantonment Girls\' Public School and College\";s:13:\"contact_title\";s:7:\"CONTACT\";s:14:\"contact_phones\";s:135:\"[{\"label\":\"Admin\",\"number\":\" 01769017725\"},{\"label\":\"Tuition Fee\",\"number\":\"01876862530\"},{\"label\":\"Transport\",\"number\":\"01769051740\"}]\";s:13:\"contact_email\";s:20:\"dcgpsc2005@gmail.com\";s:15:\"contact_address\";s:71:\"Signal Gate, Dhaka Cantonment\nDhaka-1206, Bangladesh.\nPhone (8am - 8pm)\";s:20:\"featured_links_title\";s:14:\"Featured Links\";s:14:\"featured_links\";s:86:\"[{\"title\":\"Education Board\",\"url\":\"https:\\/\\/www.dhakaeducationboard.gov.bd\\/site\\/\"}]\";s:14:\"facebook_title\";s:13:\"Facebook Page\";s:18:\"facebook_embed_url\";s:32:\"https://www.facebook.com/dcgpsc/\";s:12:\"facebook_url\";s:32:\"https://www.facebook.com/dcgpsc/\";s:11:\"twitter_url\";N;s:14:\"copyright_text\";s:60:\"Copyright ©2026 dcgpsc| Developed By Trust Innovation Ltd..\";s:18:\"privacy_policy_url\";N;s:10:\"created_at\";s:19:\"2025-11-22 20:27:15\";s:10:\"updated_at\";s:19:\"2026-03-16 10:17:49\";}s:10:\"\0*\0changes\";a:0:{}s:11:\"\0*\0previous\";a:0:{}s:8:\"\0*\0casts\";a:2:{s:14:\"contact_phones\";s:5:\"array\";s:14:\"featured_links\";s:5:\"array\";}s:17:\"\0*\0classCastCache\";a:0:{}s:21:\"\0*\0attributeCastCache\";a:0:{}s:13:\"\0*\0dateFormat\";N;s:10:\"\0*\0appends\";a:0:{}s:19:\"\0*\0dispatchesEvents\";a:0:{}s:14:\"\0*\0observables\";a:0:{}s:12:\"\0*\0relations\";a:0:{}s:10:\"\0*\0touches\";a:0:{}s:27:\"\0*\0relationAutoloadCallback\";N;s:26:\"\0*\0relationAutoloadContext\";N;s:10:\"timestamps\";b:1;s:13:\"usesUniqueIds\";b:0;s:9:\"\0*\0hidden\";a:0:{}s:10:\"\0*\0visible\";a:0:{}s:11:\"\0*\0fillable\";a:14:{i:0;s:8:\"logo_url\";i:1;s:11:\"school_name\";i:2;s:13:\"contact_title\";i:3;s:14:\"contact_phones\";i:4;s:13:\"contact_email\";i:5;s:15:\"contact_address\";i:6;s:20:\"featured_links_title\";i:7;s:14:\"featured_links\";i:8;s:14:\"facebook_title\";i:9;s:18:\"facebook_embed_url\";i:10;s:12:\"facebook_url\";i:11;s:11:\"twitter_url\";i:12;s:14:\"copyright_text\";i:13;s:18:\"privacy_policy_url\";}s:10:\"\0*\0guarded\";a:1:{i:0;s:1:\"*\";}}', '1774666531');
INSERT INTO `cache` (`key`, `value`, `expiration`) VALUES ('laravel-cache-global.header_settings', 'O:24:\"App\\Models\\HeaderSetting\":33:{s:13:\"\0*\0connection\";s:5:\"mysql\";s:8:\"\0*\0table\";s:15:\"header_settings\";s:13:\"\0*\0primaryKey\";s:2:\"id\";s:10:\"\0*\0keyType\";s:3:\"int\";s:12:\"incrementing\";b:1;s:7:\"\0*\0with\";a:0:{}s:12:\"\0*\0withCount\";a:0:{}s:19:\"preventsLazyLoading\";b:0;s:10:\"\0*\0perPage\";i:15;s:6:\"exists\";b:1;s:18:\"wasRecentlyCreated\";b:0;s:28:\"\0*\0escapeWhenCastingToString\";b:0;s:13:\"\0*\0attributes\";a:22:{s:2:\"id\";i:1;s:5:\"email\";s:20:\"dcgpsc2005@gmail.com\";s:6:\"phones\";s:26:\"[{\"number\":\"01769017725\"}]\";s:12:\"facebook_url\";N;s:11:\"youtube_url\";N;s:11:\"twitter_url\";N;s:13:\"instagram_url\";N;s:12:\"linkedin_url\";N;s:15:\"show_login_link\";i:1;s:8:\"logo_url\";s:82:\"https://drive.google.com/file/d/1LpcYwD9mhMZcL-v1BM52V_dipYeqBpP6/view?usp=sharing\";s:11:\"favicon_url\";s:82:\"https://drive.google.com/file/d/1LpcYwD9mhMZcL-v1BM52V_dipYeqBpP6/view?usp=sharing\";s:9:\"site_name\";s:49:\"Dhaka Cantonment Girls\' Public School and College\";s:15:\"is_shop_enabled\";i:1;s:19:\"site_name_font_size\";s:4:\"22px\";s:16:\"site_name_bangla\";s:132:\"ঢাকা ক্যান্টনমেন্ট গার্লস পাবলিক স্কুল এন্ড কলেজ\";s:4:\"eiin\";s:56:\"School Code : 1160 | College Code : 1114 | EIIN : 132090\";s:14:\"action_buttons\";s:394:\"[{\"url\":\"online-admission\",\"label\":\"Admission\",\"order\":\"2\",\"bg_color\":\"#f20000\",\"text_color\":\"#ffffff\"},{\"url\":\"https:\\/\\/admission.trusteduerp.xyz\\/job\\/apply?insId=1012\",\"label\":\"E-Recruement \",\"order\":\"1\",\"bg_color\":\"#00918d\",\"text_color\":\"#ffffff\"},{\"url\":\"https:\\/\\/s3.trusteduerp.xyz\\/st\\/login?insId=1012\",\"label\":\"Student Login\",\"order\":\"3\",\"bg_color\":\"#00a5d1\",\"text_color\":\"#ffffff\"}]\";s:18:\"show_notice_ticker\";i:1;s:19:\"notice_ticker_limit\";i:3;s:15:\"ticker_position\";s:12:\"above_slider\";s:10:\"created_at\";s:19:\"2025-11-22 20:34:32\";s:10:\"updated_at\";s:19:\"2026-03-26 10:29:10\";}s:11:\"\0*\0original\";a:22:{s:2:\"id\";i:1;s:5:\"email\";s:20:\"dcgpsc2005@gmail.com\";s:6:\"phones\";s:26:\"[{\"number\":\"01769017725\"}]\";s:12:\"facebook_url\";N;s:11:\"youtube_url\";N;s:11:\"twitter_url\";N;s:13:\"instagram_url\";N;s:12:\"linkedin_url\";N;s:15:\"show_login_link\";i:1;s:8:\"logo_url\";s:82:\"https://drive.google.com/file/d/1LpcYwD9mhMZcL-v1BM52V_dipYeqBpP6/view?usp=sharing\";s:11:\"favicon_url\";s:82:\"https://drive.google.com/file/d/1LpcYwD9mhMZcL-v1BM52V_dipYeqBpP6/view?usp=sharing\";s:9:\"site_name\";s:49:\"Dhaka Cantonment Girls\' Public School and College\";s:15:\"is_shop_enabled\";i:1;s:19:\"site_name_font_size\";s:4:\"22px\";s:16:\"site_name_bangla\";s:132:\"ঢাকা ক্যান্টনমেন্ট গার্লস পাবলিক স্কুল এন্ড কলেজ\";s:4:\"eiin\";s:56:\"School Code : 1160 | College Code : 1114 | EIIN : 132090\";s:14:\"action_buttons\";s:394:\"[{\"url\":\"online-admission\",\"label\":\"Admission\",\"order\":\"2\",\"bg_color\":\"#f20000\",\"text_color\":\"#ffffff\"},{\"url\":\"https:\\/\\/admission.trusteduerp.xyz\\/job\\/apply?insId=1012\",\"label\":\"E-Recruement \",\"order\":\"1\",\"bg_color\":\"#00918d\",\"text_color\":\"#ffffff\"},{\"url\":\"https:\\/\\/s3.trusteduerp.xyz\\/st\\/login?insId=1012\",\"label\":\"Student Login\",\"order\":\"3\",\"bg_color\":\"#00a5d1\",\"text_color\":\"#ffffff\"}]\";s:18:\"show_notice_ticker\";i:1;s:19:\"notice_ticker_limit\";i:3;s:15:\"ticker_position\";s:12:\"above_slider\";s:10:\"created_at\";s:19:\"2025-11-22 20:34:32\";s:10:\"updated_at\";s:19:\"2026-03-26 10:29:10\";}s:10:\"\0*\0changes\";a:0:{}s:11:\"\0*\0previous\";a:0:{}s:8:\"\0*\0casts\";a:6:{s:15:\"show_login_link\";s:7:\"boolean\";s:18:\"show_notice_ticker\";s:7:\"boolean\";s:15:\"is_shop_enabled\";s:7:\"boolean\";s:6:\"phones\";s:5:\"array\";s:14:\"action_buttons\";s:5:\"array\";s:19:\"notice_ticker_limit\";s:7:\"integer\";}s:17:\"\0*\0classCastCache\";a:0:{}s:21:\"\0*\0attributeCastCache\";a:0:{}s:13:\"\0*\0dateFormat\";N;s:10:\"\0*\0appends\";a:0:{}s:19:\"\0*\0dispatchesEvents\";a:0:{}s:14:\"\0*\0observables\";a:0:{}s:12:\"\0*\0relations\";a:0:{}s:10:\"\0*\0touches\";a:0:{}s:27:\"\0*\0relationAutoloadCallback\";N;s:26:\"\0*\0relationAutoloadContext\";N;s:10:\"timestamps\";b:1;s:13:\"usesUniqueIds\";b:0;s:9:\"\0*\0hidden\";a:0:{}s:10:\"\0*\0visible\";a:0:{}s:11:\"\0*\0fillable\";a:19:{i:0;s:5:\"email\";i:1;s:6:\"phones\";i:2;s:12:\"facebook_url\";i:3;s:11:\"youtube_url\";i:4;s:11:\"twitter_url\";i:5;s:13:\"instagram_url\";i:6;s:12:\"linkedin_url\";i:7;s:15:\"show_login_link\";i:8;s:8:\"logo_url\";i:9;s:11:\"favicon_url\";i:10;s:9:\"site_name\";i:11;s:19:\"site_name_font_size\";i:12;s:16:\"site_name_bangla\";i:13;s:4:\"eiin\";i:14;s:14:\"action_buttons\";i:15;s:18:\"show_notice_ticker\";i:16;s:19:\"notice_ticker_limit\";i:17;s:15:\"ticker_position\";i:18;s:15:\"is_shop_enabled\";}s:10:\"\0*\0guarded\";a:1:{i:0;s:1:\"*\";}}', '1774666531');
INSERT INTO `cache` (`key`, `value`, `expiration`) VALUES ('laravel-cache-global.important_links', 'O:39:\"Illuminate\\Database\\Eloquent\\Collection\":2:{s:8:\"\0*\0items\";a:5:{i:0;O:24:\"App\\Models\\ImportantLink\":33:{s:13:\"\0*\0connection\";s:5:\"mysql\";s:8:\"\0*\0table\";s:15:\"important_links\";s:13:\"\0*\0primaryKey\";s:2:\"id\";s:10:\"\0*\0keyType\";s:3:\"int\";s:12:\"incrementing\";b:1;s:7:\"\0*\0with\";a:0:{}s:12:\"\0*\0withCount\";a:0:{}s:19:\"preventsLazyLoading\";b:0;s:10:\"\0*\0perPage\";i:15;s:6:\"exists\";b:1;s:18:\"wasRecentlyCreated\";b:0;s:28:\"\0*\0escapeWhenCastingToString\";b:0;s:13:\"\0*\0attributes\";a:8:{s:2:\"id\";i:10;s:5:\"title\";s:14:\"Governing Body\";s:3:\"url\";s:15:\"/governing-body\";s:5:\"order\";i:0;s:9:\"is_active\";i:1;s:10:\"created_at\";s:19:\"2026-03-14 15:27:50\";s:10:\"updated_at\";s:19:\"2026-03-14 15:27:50\";s:7:\"menu_id\";i:44;}s:11:\"\0*\0original\";a:8:{s:2:\"id\";i:10;s:5:\"title\";s:14:\"Governing Body\";s:3:\"url\";s:15:\"/governing-body\";s:5:\"order\";i:0;s:9:\"is_active\";i:1;s:10:\"created_at\";s:19:\"2026-03-14 15:27:50\";s:10:\"updated_at\";s:19:\"2026-03-14 15:27:50\";s:7:\"menu_id\";i:44;}s:10:\"\0*\0changes\";a:0:{}s:11:\"\0*\0previous\";a:0:{}s:8:\"\0*\0casts\";a:2:{s:9:\"is_active\";s:7:\"boolean\";s:5:\"order\";s:7:\"integer\";}s:17:\"\0*\0classCastCache\";a:0:{}s:21:\"\0*\0attributeCastCache\";a:0:{}s:13:\"\0*\0dateFormat\";N;s:10:\"\0*\0appends\";a:0:{}s:19:\"\0*\0dispatchesEvents\";a:0:{}s:14:\"\0*\0observables\";a:0:{}s:12:\"\0*\0relations\";a:0:{}s:10:\"\0*\0touches\";a:0:{}s:27:\"\0*\0relationAutoloadCallback\";N;s:26:\"\0*\0relationAutoloadContext\";N;s:10:\"timestamps\";b:1;s:13:\"usesUniqueIds\";b:0;s:9:\"\0*\0hidden\";a:0:{}s:10:\"\0*\0visible\";a:0:{}s:11:\"\0*\0fillable\";a:5:{i:0;s:5:\"title\";i:1;s:3:\"url\";i:2;s:5:\"order\";i:3;s:9:\"is_active\";i:4;s:7:\"menu_id\";}s:10:\"\0*\0guarded\";a:1:{i:0;s:1:\"*\";}}i:1;O:24:\"App\\Models\\ImportantLink\":33:{s:13:\"\0*\0connection\";s:5:\"mysql\";s:8:\"\0*\0table\";s:15:\"important_links\";s:13:\"\0*\0primaryKey\";s:2:\"id\";s:10:\"\0*\0keyType\";s:3:\"int\";s:12:\"incrementing\";b:1;s:7:\"\0*\0with\";a:0:{}s:12:\"\0*\0withCount\";a:0:{}s:19:\"preventsLazyLoading\";b:0;s:10:\"\0*\0perPage\";i:15;s:6:\"exists\";b:1;s:18:\"wasRecentlyCreated\";b:0;s:28:\"\0*\0escapeWhenCastingToString\";b:0;s:13:\"\0*\0attributes\";a:8:{s:2:\"id\";i:12;s:5:\"title\";s:23:\"Message of the Chairman\";s:3:\"url\";s:40:\"/message/brig-gen-kazi-mustafizur-rahman\";s:5:\"order\";i:1;s:9:\"is_active\";i:1;s:10:\"created_at\";s:19:\"2026-03-23 15:44:33\";s:10:\"updated_at\";s:19:\"2026-03-23 15:44:33\";s:7:\"menu_id\";i:41;}s:11:\"\0*\0original\";a:8:{s:2:\"id\";i:12;s:5:\"title\";s:23:\"Message of the Chairman\";s:3:\"url\";s:40:\"/message/brig-gen-kazi-mustafizur-rahman\";s:5:\"order\";i:1;s:9:\"is_active\";i:1;s:10:\"created_at\";s:19:\"2026-03-23 15:44:33\";s:10:\"updated_at\";s:19:\"2026-03-23 15:44:33\";s:7:\"menu_id\";i:41;}s:10:\"\0*\0changes\";a:0:{}s:11:\"\0*\0previous\";a:0:{}s:8:\"\0*\0casts\";a:2:{s:9:\"is_active\";s:7:\"boolean\";s:5:\"order\";s:7:\"integer\";}s:17:\"\0*\0classCastCache\";a:0:{}s:21:\"\0*\0attributeCastCache\";a:0:{}s:13:\"\0*\0dateFormat\";N;s:10:\"\0*\0appends\";a:0:{}s:19:\"\0*\0dispatchesEvents\";a:0:{}s:14:\"\0*\0observables\";a:0:{}s:12:\"\0*\0relations\";a:0:{}s:10:\"\0*\0touches\";a:0:{}s:27:\"\0*\0relationAutoloadCallback\";N;s:26:\"\0*\0relationAutoloadContext\";N;s:10:\"timestamps\";b:1;s:13:\"usesUniqueIds\";b:0;s:9:\"\0*\0hidden\";a:0:{}s:10:\"\0*\0visible\";a:0:{}s:11:\"\0*\0fillable\";a:5:{i:0;s:5:\"title\";i:1;s:3:\"url\";i:2;s:5:\"order\";i:3;s:9:\"is_active\";i:4;s:7:\"menu_id\";}s:10:\"\0*\0guarded\";a:1:{i:0;s:1:\"*\";}}i:2;O:24:\"App\\Models\\ImportantLink\":33:{s:13:\"\0*\0connection\";s:5:\"mysql\";s:8:\"\0*\0table\";s:15:\"important_links\";s:13:\"\0*\0primaryKey\";s:2:\"id\";s:10:\"\0*\0keyType\";s:3:\"int\";s:12:\"incrementing\";b:1;s:7:\"\0*\0with\";a:0:{}s:12:\"\0*\0withCount\";a:0:{}s:19:\"preventsLazyLoading\";b:0;s:10:\"\0*\0perPage\";i:15;s:6:\"exists\";b:1;s:18:\"wasRecentlyCreated\";b:0;s:28:\"\0*\0escapeWhenCastingToString\";b:0;s:13:\"\0*\0attributes\";a:8:{s:2:\"id\";i:13;s:5:\"title\";s:20:\"Message of Principal\";s:3:\"url\";s:34:\"/message/col-md-mamun-azad-salehin\";s:5:\"order\";i:2;s:9:\"is_active\";i:1;s:10:\"created_at\";s:19:\"2026-03-23 15:44:45\";s:10:\"updated_at\";s:19:\"2026-03-23 15:44:45\";s:7:\"menu_id\";i:42;}s:11:\"\0*\0original\";a:8:{s:2:\"id\";i:13;s:5:\"title\";s:20:\"Message of Principal\";s:3:\"url\";s:34:\"/message/col-md-mamun-azad-salehin\";s:5:\"order\";i:2;s:9:\"is_active\";i:1;s:10:\"created_at\";s:19:\"2026-03-23 15:44:45\";s:10:\"updated_at\";s:19:\"2026-03-23 15:44:45\";s:7:\"menu_id\";i:42;}s:10:\"\0*\0changes\";a:0:{}s:11:\"\0*\0previous\";a:0:{}s:8:\"\0*\0casts\";a:2:{s:9:\"is_active\";s:7:\"boolean\";s:5:\"order\";s:7:\"integer\";}s:17:\"\0*\0classCastCache\";a:0:{}s:21:\"\0*\0attributeCastCache\";a:0:{}s:13:\"\0*\0dateFormat\";N;s:10:\"\0*\0appends\";a:0:{}s:19:\"\0*\0dispatchesEvents\";a:0:{}s:14:\"\0*\0observables\";a:0:{}s:12:\"\0*\0relations\";a:0:{}s:10:\"\0*\0touches\";a:0:{}s:27:\"\0*\0relationAutoloadCallback\";N;s:26:\"\0*\0relationAutoloadContext\";N;s:10:\"timestamps\";b:1;s:13:\"usesUniqueIds\";b:0;s:9:\"\0*\0hidden\";a:0:{}s:10:\"\0*\0visible\";a:0:{}s:11:\"\0*\0fillable\";a:5:{i:0;s:5:\"title\";i:1;s:3:\"url\";i:2;s:5:\"order\";i:3;s:9:\"is_active\";i:4;s:7:\"menu_id\";}s:10:\"\0*\0guarded\";a:1:{i:0;s:1:\"*\";}}i:3;O:24:\"App\\Models\\ImportantLink\":33:{s:13:\"\0*\0connection\";s:5:\"mysql\";s:8:\"\0*\0table\";s:15:\"important_links\";s:13:\"\0*\0primaryKey\";s:2:\"id\";s:10:\"\0*\0keyType\";s:3:\"int\";s:12:\"incrementing\";b:1;s:7:\"\0*\0with\";a:0:{}s:12:\"\0*\0withCount\";a:0:{}s:19:\"preventsLazyLoading\";b:0;s:10:\"\0*\0perPage\";i:15;s:6:\"exists\";b:1;s:18:\"wasRecentlyCreated\";b:0;s:28:\"\0*\0escapeWhenCastingToString\";b:0;s:13:\"\0*\0attributes\";a:8:{s:2:\"id\";i:14;s:5:\"title\";s:7:\"History\";s:3:\"url\";s:8:\"/history\";s:5:\"order\";i:4;s:9:\"is_active\";i:1;s:10:\"created_at\";s:19:\"2026-03-23 15:44:57\";s:10:\"updated_at\";s:19:\"2026-03-23 15:44:57\";s:7:\"menu_id\";i:38;}s:11:\"\0*\0original\";a:8:{s:2:\"id\";i:14;s:5:\"title\";s:7:\"History\";s:3:\"url\";s:8:\"/history\";s:5:\"order\";i:4;s:9:\"is_active\";i:1;s:10:\"created_at\";s:19:\"2026-03-23 15:44:57\";s:10:\"updated_at\";s:19:\"2026-03-23 15:44:57\";s:7:\"menu_id\";i:38;}s:10:\"\0*\0changes\";a:0:{}s:11:\"\0*\0previous\";a:0:{}s:8:\"\0*\0casts\";a:2:{s:9:\"is_active\";s:7:\"boolean\";s:5:\"order\";s:7:\"integer\";}s:17:\"\0*\0classCastCache\";a:0:{}s:21:\"\0*\0attributeCastCache\";a:0:{}s:13:\"\0*\0dateFormat\";N;s:10:\"\0*\0appends\";a:0:{}s:19:\"\0*\0dispatchesEvents\";a:0:{}s:14:\"\0*\0observables\";a:0:{}s:12:\"\0*\0relations\";a:0:{}s:10:\"\0*\0touches\";a:0:{}s:27:\"\0*\0relationAutoloadCallback\";N;s:26:\"\0*\0relationAutoloadContext\";N;s:10:\"timestamps\";b:1;s:13:\"usesUniqueIds\";b:0;s:9:\"\0*\0hidden\";a:0:{}s:10:\"\0*\0visible\";a:0:{}s:11:\"\0*\0fillable\";a:5:{i:0;s:5:\"title\";i:1;s:3:\"url\";i:2;s:5:\"order\";i:3;s:9:\"is_active\";i:4;s:7:\"menu_id\";}s:10:\"\0*\0guarded\";a:1:{i:0;s:1:\"*\";}}i:4;O:24:\"App\\Models\\ImportantLink\":33:{s:13:\"\0*\0connection\";s:5:\"mysql\";s:8:\"\0*\0table\";s:15:\"important_links\";s:13:\"\0*\0primaryKey\";s:2:\"id\";s:10:\"\0*\0keyType\";s:3:\"int\";s:12:\"incrementing\";b:1;s:7:\"\0*\0with\";a:0:{}s:12:\"\0*\0withCount\";a:0:{}s:19:\"preventsLazyLoading\";b:0;s:10:\"\0*\0perPage\";i:15;s:6:\"exists\";b:1;s:18:\"wasRecentlyCreated\";b:0;s:28:\"\0*\0escapeWhenCastingToString\";b:0;s:13:\"\0*\0attributes\";a:8:{s:2:\"id\";i:15;s:5:\"title\";s:16:\"Mission & Vision\";s:3:\"url\";s:15:\"/mission-vision\";s:5:\"order\";i:5;s:9:\"is_active\";i:1;s:10:\"created_at\";s:19:\"2026-03-23 15:45:35\";s:10:\"updated_at\";s:19:\"2026-03-23 15:45:35\";s:7:\"menu_id\";i:65;}s:11:\"\0*\0original\";a:8:{s:2:\"id\";i:15;s:5:\"title\";s:16:\"Mission & Vision\";s:3:\"url\";s:15:\"/mission-vision\";s:5:\"order\";i:5;s:9:\"is_active\";i:1;s:10:\"created_at\";s:19:\"2026-03-23 15:45:35\";s:10:\"updated_at\";s:19:\"2026-03-23 15:45:35\";s:7:\"menu_id\";i:65;}s:10:\"\0*\0changes\";a:0:{}s:11:\"\0*\0previous\";a:0:{}s:8:\"\0*\0casts\";a:2:{s:9:\"is_active\";s:7:\"boolean\";s:5:\"order\";s:7:\"integer\";}s:17:\"\0*\0classCastCache\";a:0:{}s:21:\"\0*\0attributeCastCache\";a:0:{}s:13:\"\0*\0dateFormat\";N;s:10:\"\0*\0appends\";a:0:{}s:19:\"\0*\0dispatchesEvents\";a:0:{}s:14:\"\0*\0observables\";a:0:{}s:12:\"\0*\0relations\";a:0:{}s:10:\"\0*\0touches\";a:0:{}s:27:\"\0*\0relationAutoloadCallback\";N;s:26:\"\0*\0relationAutoloadContext\";N;s:10:\"timestamps\";b:1;s:13:\"usesUniqueIds\";b:0;s:9:\"\0*\0hidden\";a:0:{}s:10:\"\0*\0visible\";a:0:{}s:11:\"\0*\0fillable\";a:5:{i:0;s:5:\"title\";i:1;s:3:\"url\";i:2;s:5:\"order\";i:3;s:9:\"is_active\";i:4;s:7:\"menu_id\";}s:10:\"\0*\0guarded\";a:1:{i:0;s:1:\"*\";}}}s:28:\"\0*\0escapeWhenCastingToString\";b:0;}', '1774666531');
INSERT INTO `cache` (`key`, `value`, `expiration`) VALUES ('laravel-cache-global.location_map', 'O:22:\"App\\Models\\LocationMap\":33:{s:13:\"\0*\0connection\";s:5:\"mysql\";s:8:\"\0*\0table\";s:13:\"location_maps\";s:13:\"\0*\0primaryKey\";s:2:\"id\";s:10:\"\0*\0keyType\";s:3:\"int\";s:12:\"incrementing\";b:1;s:7:\"\0*\0with\";a:0:{}s:12:\"\0*\0withCount\";a:0:{}s:19:\"preventsLazyLoading\";b:0;s:10:\"\0*\0perPage\";i:15;s:6:\"exists\";b:1;s:18:\"wasRecentlyCreated\";b:0;s:28:\"\0*\0escapeWhenCastingToString\";b:0;s:13:\"\0*\0attributes\";a:10:{s:2:\"id\";i:1;s:5:\"title\";s:12:\"Our Location\";s:10:\"embed_code\";s:463:\"<iframe src=\"https://www.google.com/maps/embed?pb=!1m18!1m12!1m3!1d3649.970349337053!2d90.39465411013288!3d23.819653386026452!2m3!1f0!2f0!3f0!3m2!1i1024!2i768!4f13.1!3m3!1m2!1s0x3755c6e660af53b7%3A0x1ffc06334426208c!2sDhaka%20Cantonment%20Girls&#39;%20Public%20School%20%26%20College!5e0!3m2!1sen!2sbd!4v1773502495145!5m2!1sen!2sbd\" width=\"600\" height=\"450\" style=\"border:0;\" allowfullscreen=\"\" loading=\"lazy\" referrerpolicy=\"no-referrer-when-downgrade\"></iframe>\";s:7:\"address\";s:4:\"menu\";s:5:\"phone\";s:11:\"01913162085\";s:5:\"email\";s:20:\"shimulvisa@gmail.com\";s:9:\"is_active\";i:1;s:5:\"order\";i:0;s:10:\"created_at\";s:19:\"2026-01-01 01:45:51\";s:10:\"updated_at\";s:19:\"2026-03-14 15:35:43\";}s:11:\"\0*\0original\";a:10:{s:2:\"id\";i:1;s:5:\"title\";s:12:\"Our Location\";s:10:\"embed_code\";s:463:\"<iframe src=\"https://www.google.com/maps/embed?pb=!1m18!1m12!1m3!1d3649.970349337053!2d90.39465411013288!3d23.819653386026452!2m3!1f0!2f0!3f0!3m2!1i1024!2i768!4f13.1!3m3!1m2!1s0x3755c6e660af53b7%3A0x1ffc06334426208c!2sDhaka%20Cantonment%20Girls&#39;%20Public%20School%20%26%20College!5e0!3m2!1sen!2sbd!4v1773502495145!5m2!1sen!2sbd\" width=\"600\" height=\"450\" style=\"border:0;\" allowfullscreen=\"\" loading=\"lazy\" referrerpolicy=\"no-referrer-when-downgrade\"></iframe>\";s:7:\"address\";s:4:\"menu\";s:5:\"phone\";s:11:\"01913162085\";s:5:\"email\";s:20:\"shimulvisa@gmail.com\";s:9:\"is_active\";i:1;s:5:\"order\";i:0;s:10:\"created_at\";s:19:\"2026-01-01 01:45:51\";s:10:\"updated_at\";s:19:\"2026-03-14 15:35:43\";}s:10:\"\0*\0changes\";a:0:{}s:11:\"\0*\0previous\";a:0:{}s:8:\"\0*\0casts\";a:1:{s:9:\"is_active\";s:7:\"boolean\";}s:17:\"\0*\0classCastCache\";a:0:{}s:21:\"\0*\0attributeCastCache\";a:0:{}s:13:\"\0*\0dateFormat\";N;s:10:\"\0*\0appends\";a:0:{}s:19:\"\0*\0dispatchesEvents\";a:0:{}s:14:\"\0*\0observables\";a:0:{}s:12:\"\0*\0relations\";a:0:{}s:10:\"\0*\0touches\";a:0:{}s:27:\"\0*\0relationAutoloadCallback\";N;s:26:\"\0*\0relationAutoloadContext\";N;s:10:\"timestamps\";b:1;s:13:\"usesUniqueIds\";b:0;s:9:\"\0*\0hidden\";a:0:{}s:10:\"\0*\0visible\";a:0:{}s:11:\"\0*\0fillable\";a:7:{i:0;s:5:\"title\";i:1;s:10:\"embed_code\";i:2;s:7:\"address\";i:3;s:5:\"phone\";i:4;s:5:\"email\";i:5;s:9:\"is_active\";i:6;s:5:\"order\";}s:10:\"\0*\0guarded\";a:1:{i:0;s:1:\"*\";}}', '1774666531');
INSERT INTO `cache` (`key`, `value`, `expiration`) VALUES ('laravel-cache-global.menu_cards', 'O:39:\"Illuminate\\Database\\Eloquent\\Collection\":2:{s:8:\"\0*\0items\";a:6:{i:0;O:19:\"App\\Models\\MenuCard\":33:{s:13:\"\0*\0connection\";s:5:\"mysql\";s:8:\"\0*\0table\";s:10:\"menu_cards\";s:13:\"\0*\0primaryKey\";s:2:\"id\";s:10:\"\0*\0keyType\";s:3:\"int\";s:12:\"incrementing\";b:1;s:7:\"\0*\0with\";a:0:{}s:12:\"\0*\0withCount\";a:0:{}s:19:\"preventsLazyLoading\";b:0;s:10:\"\0*\0perPage\";i:15;s:6:\"exists\";b:1;s:18:\"wasRecentlyCreated\";b:0;s:28:\"\0*\0escapeWhenCastingToString\";b:0;s:13:\"\0*\0attributes\";a:9:{s:2:\"id\";i:1;s:5:\"title\";s:5:\"About\";s:8:\"icon_url\";s:109:\"https://bacpsc.edu.bd/wp-content/uploads/2024/10/pngwing.com-6-qjw6xoa2zmq0bmfiy0y114xrtalnymruj74dk6aj1k.png\";s:8:\"bg_color\";s:7:\"#0a4d3c\";s:8:\"template\";s:10:\"template_1\";s:5:\"order\";i:1;s:9:\"is_active\";i:1;s:10:\"created_at\";s:19:\"2025-11-22 19:47:46\";s:10:\"updated_at\";s:19:\"2025-12-14 19:45:10\";}s:11:\"\0*\0original\";a:9:{s:2:\"id\";i:1;s:5:\"title\";s:5:\"About\";s:8:\"icon_url\";s:109:\"https://bacpsc.edu.bd/wp-content/uploads/2024/10/pngwing.com-6-qjw6xoa2zmq0bmfiy0y114xrtalnymruj74dk6aj1k.png\";s:8:\"bg_color\";s:7:\"#0a4d3c\";s:8:\"template\";s:10:\"template_1\";s:5:\"order\";i:1;s:9:\"is_active\";i:1;s:10:\"created_at\";s:19:\"2025-11-22 19:47:46\";s:10:\"updated_at\";s:19:\"2025-12-14 19:45:10\";}s:10:\"\0*\0changes\";a:0:{}s:11:\"\0*\0previous\";a:0:{}s:8:\"\0*\0casts\";a:1:{s:9:\"is_active\";s:7:\"boolean\";}s:17:\"\0*\0classCastCache\";a:0:{}s:21:\"\0*\0attributeCastCache\";a:0:{}s:13:\"\0*\0dateFormat\";N;s:10:\"\0*\0appends\";a:0:{}s:19:\"\0*\0dispatchesEvents\";a:0:{}s:14:\"\0*\0observables\";a:0:{}s:12:\"\0*\0relations\";a:1:{s:5:\"items\";O:39:\"Illuminate\\Database\\Eloquent\\Collection\":2:{s:8:\"\0*\0items\";a:4:{i:0;O:23:\"App\\Models\\MenuCardItem\":33:{s:13:\"\0*\0connection\";s:5:\"mysql\";s:8:\"\0*\0table\";s:15:\"menu_card_items\";s:13:\"\0*\0primaryKey\";s:2:\"id\";s:10:\"\0*\0keyType\";s:3:\"int\";s:12:\"incrementing\";b:1;s:7:\"\0*\0with\";a:0:{}s:12:\"\0*\0withCount\";a:0:{}s:19:\"preventsLazyLoading\";b:0;s:10:\"\0*\0perPage\";i:15;s:6:\"exists\";b:1;s:18:\"wasRecentlyCreated\";b:0;s:28:\"\0*\0escapeWhenCastingToString\";b:0;s:13:\"\0*\0attributes\";a:9:{s:2:\"id\";i:1;s:12:\"menu_card_id\";i:1;s:5:\"title\";s:7:\"History\";s:3:\"url\";N;s:7:\"page_id\";i:21;s:5:\"order\";i:1;s:9:\"is_active\";i:1;s:10:\"created_at\";s:19:\"2025-11-22 19:47:46\";s:10:\"updated_at\";s:19:\"2026-03-26 09:28:46\";}s:11:\"\0*\0original\";a:9:{s:2:\"id\";i:1;s:12:\"menu_card_id\";i:1;s:5:\"title\";s:7:\"History\";s:3:\"url\";N;s:7:\"page_id\";i:21;s:5:\"order\";i:1;s:9:\"is_active\";i:1;s:10:\"created_at\";s:19:\"2025-11-22 19:47:46\";s:10:\"updated_at\";s:19:\"2026-03-26 09:28:46\";}s:10:\"\0*\0changes\";a:0:{}s:11:\"\0*\0previous\";a:0:{}s:8:\"\0*\0casts\";a:1:{s:9:\"is_active\";s:7:\"boolean\";}s:17:\"\0*\0classCastCache\";a:0:{}s:21:\"\0*\0attributeCastCache\";a:0:{}s:13:\"\0*\0dateFormat\";N;s:10:\"\0*\0appends\";a:0:{}s:19:\"\0*\0dispatchesEvents\";a:0:{}s:14:\"\0*\0observables\";a:0:{}s:12:\"\0*\0relations\";a:0:{}s:10:\"\0*\0touches\";a:0:{}s:27:\"\0*\0relationAutoloadCallback\";N;s:26:\"\0*\0relationAutoloadContext\";N;s:10:\"timestamps\";b:1;s:13:\"usesUniqueIds\";b:0;s:9:\"\0*\0hidden\";a:0:{}s:10:\"\0*\0visible\";a:0:{}s:11:\"\0*\0fillable\";a:6:{i:0;s:12:\"menu_card_id\";i:1;s:5:\"title\";i:2;s:3:\"url\";i:3;s:7:\"page_id\";i:4;s:5:\"order\";i:5;s:9:\"is_active\";}s:10:\"\0*\0guarded\";a:1:{i:0;s:1:\"*\";}}i:1;O:23:\"App\\Models\\MenuCardItem\":33:{s:13:\"\0*\0connection\";s:5:\"mysql\";s:8:\"\0*\0table\";s:15:\"menu_card_items\";s:13:\"\0*\0primaryKey\";s:2:\"id\";s:10:\"\0*\0keyType\";s:3:\"int\";s:12:\"incrementing\";b:1;s:7:\"\0*\0with\";a:0:{}s:12:\"\0*\0withCount\";a:0:{}s:19:\"preventsLazyLoading\";b:0;s:10:\"\0*\0perPage\";i:15;s:6:\"exists\";b:1;s:18:\"wasRecentlyCreated\";b:0;s:28:\"\0*\0escapeWhenCastingToString\";b:0;s:13:\"\0*\0attributes\";a:9:{s:2:\"id\";i:2;s:12:\"menu_card_id\";i:1;s:5:\"title\";s:14:\"Governing Body\";s:3:\"url\";N;s:7:\"page_id\";i:23;s:5:\"order\";i:2;s:9:\"is_active\";i:1;s:10:\"created_at\";s:19:\"2025-11-22 19:48:51\";s:10:\"updated_at\";s:19:\"2026-03-26 09:28:46\";}s:11:\"\0*\0original\";a:9:{s:2:\"id\";i:2;s:12:\"menu_card_id\";i:1;s:5:\"title\";s:14:\"Governing Body\";s:3:\"url\";N;s:7:\"page_id\";i:23;s:5:\"order\";i:2;s:9:\"is_active\";i:1;s:10:\"created_at\";s:19:\"2025-11-22 19:48:51\";s:10:\"updated_at\";s:19:\"2026-03-26 09:28:46\";}s:10:\"\0*\0changes\";a:0:{}s:11:\"\0*\0previous\";a:0:{}s:8:\"\0*\0casts\";a:1:{s:9:\"is_active\";s:7:\"boolean\";}s:17:\"\0*\0classCastCache\";a:0:{}s:21:\"\0*\0attributeCastCache\";a:0:{}s:13:\"\0*\0dateFormat\";N;s:10:\"\0*\0appends\";a:0:{}s:19:\"\0*\0dispatchesEvents\";a:0:{}s:14:\"\0*\0observables\";a:0:{}s:12:\"\0*\0relations\";a:0:{}s:10:\"\0*\0touches\";a:0:{}s:27:\"\0*\0relationAutoloadCallback\";N;s:26:\"\0*\0relationAutoloadContext\";N;s:10:\"timestamps\";b:1;s:13:\"usesUniqueIds\";b:0;s:9:\"\0*\0hidden\";a:0:{}s:10:\"\0*\0visible\";a:0:{}s:11:\"\0*\0fillable\";a:6:{i:0;s:12:\"menu_card_id\";i:1;s:5:\"title\";i:2;s:3:\"url\";i:3;s:7:\"page_id\";i:4;s:5:\"order\";i:5;s:9:\"is_active\";}s:10:\"\0*\0guarded\";a:1:{i:0;s:1:\"*\";}}i:2;O:23:\"App\\Models\\MenuCardItem\":33:{s:13:\"\0*\0connection\";s:5:\"mysql\";s:8:\"\0*\0table\";s:15:\"menu_card_items\";s:13:\"\0*\0primaryKey\";s:2:\"id\";s:10:\"\0*\0keyType\";s:3:\"int\";s:12:\"incrementing\";b:1;s:7:\"\0*\0with\";a:0:{}s:12:\"\0*\0withCount\";a:0:{}s:19:\"preventsLazyLoading\";b:0;s:10:\"\0*\0perPage\";i:15;s:6:\"exists\";b:1;s:18:\"wasRecentlyCreated\";b:0;s:28:\"\0*\0escapeWhenCastingToString\";b:0;s:13:\"\0*\0attributes\";a:9:{s:2:\"id\";i:3;s:12:\"menu_card_id\";i:1;s:5:\"title\";s:16:\"Mission & Vision\";s:3:\"url\";N;s:7:\"page_id\";i:44;s:5:\"order\";i:3;s:9:\"is_active\";i:1;s:10:\"created_at\";s:19:\"2025-12-14 22:50:30\";s:10:\"updated_at\";s:19:\"2026-03-26 09:28:46\";}s:11:\"\0*\0original\";a:9:{s:2:\"id\";i:3;s:12:\"menu_card_id\";i:1;s:5:\"title\";s:16:\"Mission & Vision\";s:3:\"url\";N;s:7:\"page_id\";i:44;s:5:\"order\";i:3;s:9:\"is_active\";i:1;s:10:\"created_at\";s:19:\"2025-12-14 22:50:30\";s:10:\"updated_at\";s:19:\"2026-03-26 09:28:46\";}s:10:\"\0*\0changes\";a:0:{}s:11:\"\0*\0previous\";a:0:{}s:8:\"\0*\0casts\";a:1:{s:9:\"is_active\";s:7:\"boolean\";}s:17:\"\0*\0classCastCache\";a:0:{}s:21:\"\0*\0attributeCastCache\";a:0:{}s:13:\"\0*\0dateFormat\";N;s:10:\"\0*\0appends\";a:0:{}s:19:\"\0*\0dispatchesEvents\";a:0:{}s:14:\"\0*\0observables\";a:0:{}s:12:\"\0*\0relations\";a:0:{}s:10:\"\0*\0touches\";a:0:{}s:27:\"\0*\0relationAutoloadCallback\";N;s:26:\"\0*\0relationAutoloadContext\";N;s:10:\"timestamps\";b:1;s:13:\"usesUniqueIds\";b:0;s:9:\"\0*\0hidden\";a:0:{}s:10:\"\0*\0visible\";a:0:{}s:11:\"\0*\0fillable\";a:6:{i:0;s:12:\"menu_card_id\";i:1;s:5:\"title\";i:2;s:3:\"url\";i:3;s:7:\"page_id\";i:4;s:5:\"order\";i:5;s:9:\"is_active\";}s:10:\"\0*\0guarded\";a:1:{i:0;s:1:\"*\";}}i:3;O:23:\"App\\Models\\MenuCardItem\":33:{s:13:\"\0*\0connection\";s:5:\"mysql\";s:8:\"\0*\0table\";s:15:\"menu_card_items\";s:13:\"\0*\0primaryKey\";s:2:\"id\";s:10:\"\0*\0keyType\";s:3:\"int\";s:12:\"incrementing\";b:1;s:7:\"\0*\0with\";a:0:{}s:12:\"\0*\0withCount\";a:0:{}s:19:\"preventsLazyLoading\";b:0;s:10:\"\0*\0perPage\";i:15;s:6:\"exists\";b:1;s:18:\"wasRecentlyCreated\";b:0;s:28:\"\0*\0escapeWhenCastingToString\";b:0;s:13:\"\0*\0attributes\";a:9:{s:2:\"id\";i:4;s:12:\"menu_card_id\";i:1;s:5:\"title\";s:11:\"At a Glance\";s:3:\"url\";N;s:7:\"page_id\";i:20;s:5:\"order\";i:4;s:9:\"is_active\";i:1;s:10:\"created_at\";s:19:\"2025-12-14 22:52:06\";s:10:\"updated_at\";s:19:\"2026-03-26 09:28:46\";}s:11:\"\0*\0original\";a:9:{s:2:\"id\";i:4;s:12:\"menu_card_id\";i:1;s:5:\"title\";s:11:\"At a Glance\";s:3:\"url\";N;s:7:\"page_id\";i:20;s:5:\"order\";i:4;s:9:\"is_active\";i:1;s:10:\"created_at\";s:19:\"2025-12-14 22:52:06\";s:10:\"updated_at\";s:19:\"2026-03-26 09:28:46\";}s:10:\"\0*\0changes\";a:0:{}s:11:\"\0*\0previous\";a:0:{}s:8:\"\0*\0casts\";a:1:{s:9:\"is_active\";s:7:\"boolean\";}s:17:\"\0*\0classCastCache\";a:0:{}s:21:\"\0*\0attributeCastCache\";a:0:{}s:13:\"\0*\0dateFormat\";N;s:10:\"\0*\0appends\";a:0:{}s:19:\"\0*\0dispatchesEvents\";a:0:{}s:14:\"\0*\0observables\";a:0:{}s:12:\"\0*\0relations\";a:0:{}s:10:\"\0*\0touches\";a:0:{}s:27:\"\0*\0relationAutoloadCallback\";N;s:26:\"\0*\0relationAutoloadContext\";N;s:10:\"timestamps\";b:1;s:13:\"usesUniqueIds\";b:0;s:9:\"\0*\0hidden\";a:0:{}s:10:\"\0*\0visible\";a:0:{}s:11:\"\0*\0fillable\";a:6:{i:0;s:12:\"menu_card_id\";i:1;s:5:\"title\";i:2;s:3:\"url\";i:3;s:7:\"page_id\";i:4;s:5:\"order\";i:5;s:9:\"is_active\";}s:10:\"\0*\0guarded\";a:1:{i:0;s:1:\"*\";}}}s:28:\"\0*\0escapeWhenCastingToString\";b:0;}}s:10:\"\0*\0touches\";a:0:{}s:27:\"\0*\0relationAutoloadCallback\";N;s:26:\"\0*\0relationAutoloadContext\";N;s:10:\"timestamps\";b:1;s:13:\"usesUniqueIds\";b:0;s:9:\"\0*\0hidden\";a:0:{}s:10:\"\0*\0visible\";a:0:{}s:11:\"\0*\0fillable\";a:6:{i:0;s:5:\"title\";i:1;s:8:\"icon_url\";i:2;s:8:\"bg_color\";i:3;s:8:\"template\";i:4;s:5:\"order\";i:5;s:9:\"is_active\";}s:10:\"\0*\0guarded\";a:1:{i:0;s:1:\"*\";}}i:1;O:19:\"App\\Models\\MenuCard\":33:{s:13:\"\0*\0connection\";s:5:\"mysql\";s:8:\"\0*\0table\";s:10:\"menu_cards\";s:13:\"\0*\0primaryKey\";s:2:\"id\";s:10:\"\0*\0keyType\";s:3:\"int\";s:12:\"incrementing\";b:1;s:7:\"\0*\0with\";a:0:{}s:12:\"\0*\0withCount\";a:0:{}s:19:\"preventsLazyLoading\";b:0;s:10:\"\0*\0perPage\";i:15;s:6:\"exists\";b:1;s:18:\"wasRecentlyCreated\";b:0;s:28:\"\0*\0escapeWhenCastingToString\";b:0;s:13:\"\0*\0attributes\";a:9:{s:2:\"id\";i:2;s:5:\"title\";s:13:\"Academic Info\";s:8:\"icon_url\";s:117:\"https://bacpsc.edu.bd/wp-content/uploads/2024/10/school-icon-png-14040-pzdxpp8il32glqq3zma2c8b3htb2falm60ey31hv54.png\";s:8:\"bg_color\";s:7:\"#0a4d3c\";s:8:\"template\";s:10:\"template_1\";s:5:\"order\";i:2;s:9:\"is_active\";i:1;s:10:\"created_at\";s:19:\"2025-12-09 21:29:59\";s:10:\"updated_at\";s:19:\"2025-12-14 22:46:31\";}s:11:\"\0*\0original\";a:9:{s:2:\"id\";i:2;s:5:\"title\";s:13:\"Academic Info\";s:8:\"icon_url\";s:117:\"https://bacpsc.edu.bd/wp-content/uploads/2024/10/school-icon-png-14040-pzdxpp8il32glqq3zma2c8b3htb2falm60ey31hv54.png\";s:8:\"bg_color\";s:7:\"#0a4d3c\";s:8:\"template\";s:10:\"template_1\";s:5:\"order\";i:2;s:9:\"is_active\";i:1;s:10:\"created_at\";s:19:\"2025-12-09 21:29:59\";s:10:\"updated_at\";s:19:\"2025-12-14 22:46:31\";}s:10:\"\0*\0changes\";a:0:{}s:11:\"\0*\0previous\";a:0:{}s:8:\"\0*\0casts\";a:1:{s:9:\"is_active\";s:7:\"boolean\";}s:17:\"\0*\0classCastCache\";a:0:{}s:21:\"\0*\0attributeCastCache\";a:0:{}s:13:\"\0*\0dateFormat\";N;s:10:\"\0*\0appends\";a:0:{}s:19:\"\0*\0dispatchesEvents\";a:0:{}s:14:\"\0*\0observables\";a:0:{}s:12:\"\0*\0relations\";a:1:{s:5:\"items\";O:39:\"Illuminate\\Database\\Eloquent\\Collection\":2:{s:8:\"\0*\0items\";a:4:{i:0;O:23:\"App\\Models\\MenuCardItem\":33:{s:13:\"\0*\0connection\";s:5:\"mysql\";s:8:\"\0*\0table\";s:15:\"menu_card_items\";s:13:\"\0*\0primaryKey\";s:2:\"id\";s:10:\"\0*\0keyType\";s:3:\"int\";s:12:\"incrementing\";b:1;s:7:\"\0*\0with\";a:0:{}s:12:\"\0*\0withCount\";a:0:{}s:19:\"preventsLazyLoading\";b:0;s:10:\"\0*\0perPage\";i:15;s:6:\"exists\";b:1;s:18:\"wasRecentlyCreated\";b:0;s:28:\"\0*\0escapeWhenCastingToString\";b:0;s:13:\"\0*\0attributes\";a:9:{s:2:\"id\";i:5;s:12:\"menu_card_id\";i:2;s:5:\"title\";s:17:\"Academic Calendar\";s:3:\"url\";N;s:7:\"page_id\";N;s:5:\"order\";i:1;s:9:\"is_active\";i:1;s:10:\"created_at\";s:19:\"2025-12-14 22:55:15\";s:10:\"updated_at\";s:19:\"2026-03-26 09:31:17\";}s:11:\"\0*\0original\";a:9:{s:2:\"id\";i:5;s:12:\"menu_card_id\";i:2;s:5:\"title\";s:17:\"Academic Calendar\";s:3:\"url\";N;s:7:\"page_id\";N;s:5:\"order\";i:1;s:9:\"is_active\";i:1;s:10:\"created_at\";s:19:\"2025-12-14 22:55:15\";s:10:\"updated_at\";s:19:\"2026-03-26 09:31:17\";}s:10:\"\0*\0changes\";a:0:{}s:11:\"\0*\0previous\";a:0:{}s:8:\"\0*\0casts\";a:1:{s:9:\"is_active\";s:7:\"boolean\";}s:17:\"\0*\0classCastCache\";a:0:{}s:21:\"\0*\0attributeCastCache\";a:0:{}s:13:\"\0*\0dateFormat\";N;s:10:\"\0*\0appends\";a:0:{}s:19:\"\0*\0dispatchesEvents\";a:0:{}s:14:\"\0*\0observables\";a:0:{}s:12:\"\0*\0relations\";a:0:{}s:10:\"\0*\0touches\";a:0:{}s:27:\"\0*\0relationAutoloadCallback\";N;s:26:\"\0*\0relationAutoloadContext\";N;s:10:\"timestamps\";b:1;s:13:\"usesUniqueIds\";b:0;s:9:\"\0*\0hidden\";a:0:{}s:10:\"\0*\0visible\";a:0:{}s:11:\"\0*\0fillable\";a:6:{i:0;s:12:\"menu_card_id\";i:1;s:5:\"title\";i:2;s:3:\"url\";i:3;s:7:\"page_id\";i:4;s:5:\"order\";i:5;s:9:\"is_active\";}s:10:\"\0*\0guarded\";a:1:{i:0;s:1:\"*\";}}i:1;O:23:\"App\\Models\\MenuCardItem\":33:{s:13:\"\0*\0connection\";s:5:\"mysql\";s:8:\"\0*\0table\";s:15:\"menu_card_items\";s:13:\"\0*\0primaryKey\";s:2:\"id\";s:10:\"\0*\0keyType\";s:3:\"int\";s:12:\"incrementing\";b:1;s:7:\"\0*\0with\";a:0:{}s:12:\"\0*\0withCount\";a:0:{}s:19:\"preventsLazyLoading\";b:0;s:10:\"\0*\0perPage\";i:15;s:6:\"exists\";b:1;s:18:\"wasRecentlyCreated\";b:0;s:28:\"\0*\0escapeWhenCastingToString\";b:0;s:13:\"\0*\0attributes\";a:9:{s:2:\"id\";i:6;s:12:\"menu_card_id\";i:2;s:5:\"title\";s:8:\"Syllabus\";s:3:\"url\";N;s:7:\"page_id\";N;s:5:\"order\";i:2;s:9:\"is_active\";i:1;s:10:\"created_at\";s:19:\"2025-12-14 22:55:15\";s:10:\"updated_at\";s:19:\"2026-03-26 09:30:37\";}s:11:\"\0*\0original\";a:9:{s:2:\"id\";i:6;s:12:\"menu_card_id\";i:2;s:5:\"title\";s:8:\"Syllabus\";s:3:\"url\";N;s:7:\"page_id\";N;s:5:\"order\";i:2;s:9:\"is_active\";i:1;s:10:\"created_at\";s:19:\"2025-12-14 22:55:15\";s:10:\"updated_at\";s:19:\"2026-03-26 09:30:37\";}s:10:\"\0*\0changes\";a:0:{}s:11:\"\0*\0previous\";a:0:{}s:8:\"\0*\0casts\";a:1:{s:9:\"is_active\";s:7:\"boolean\";}s:17:\"\0*\0classCastCache\";a:0:{}s:21:\"\0*\0attributeCastCache\";a:0:{}s:13:\"\0*\0dateFormat\";N;s:10:\"\0*\0appends\";a:0:{}s:19:\"\0*\0dispatchesEvents\";a:0:{}s:14:\"\0*\0observables\";a:0:{}s:12:\"\0*\0relations\";a:0:{}s:10:\"\0*\0touches\";a:0:{}s:27:\"\0*\0relationAutoloadCallback\";N;s:26:\"\0*\0relationAutoloadContext\";N;s:10:\"timestamps\";b:1;s:13:\"usesUniqueIds\";b:0;s:9:\"\0*\0hidden\";a:0:{}s:10:\"\0*\0visible\";a:0:{}s:11:\"\0*\0fillable\";a:6:{i:0;s:12:\"menu_card_id\";i:1;s:5:\"title\";i:2;s:3:\"url\";i:3;s:7:\"page_id\";i:4;s:5:\"order\";i:5;s:9:\"is_active\";}s:10:\"\0*\0guarded\";a:1:{i:0;s:1:\"*\";}}i:2;O:23:\"App\\Models\\MenuCardItem\":33:{s:13:\"\0*\0connection\";s:5:\"mysql\";s:8:\"\0*\0table\";s:15:\"menu_card_items\";s:13:\"\0*\0primaryKey\";s:2:\"id\";s:10:\"\0*\0keyType\";s:3:\"int\";s:12:\"incrementing\";b:1;s:7:\"\0*\0with\";a:0:{}s:12:\"\0*\0withCount\";a:0:{}s:19:\"preventsLazyLoading\";b:0;s:10:\"\0*\0perPage\";i:15;s:6:\"exists\";b:1;s:18:\"wasRecentlyCreated\";b:0;s:28:\"\0*\0escapeWhenCastingToString\";b:0;s:13:\"\0*\0attributes\";a:9:{s:2:\"id\";i:7;s:12:\"menu_card_id\";i:2;s:5:\"title\";s:13:\"Class Routine\";s:3:\"url\";N;s:7:\"page_id\";N;s:5:\"order\";i:3;s:9:\"is_active\";i:1;s:10:\"created_at\";s:19:\"2025-12-14 22:55:15\";s:10:\"updated_at\";s:19:\"2026-03-26 09:30:37\";}s:11:\"\0*\0original\";a:9:{s:2:\"id\";i:7;s:12:\"menu_card_id\";i:2;s:5:\"title\";s:13:\"Class Routine\";s:3:\"url\";N;s:7:\"page_id\";N;s:5:\"order\";i:3;s:9:\"is_active\";i:1;s:10:\"created_at\";s:19:\"2025-12-14 22:55:15\";s:10:\"updated_at\";s:19:\"2026-03-26 09:30:37\";}s:10:\"\0*\0changes\";a:0:{}s:11:\"\0*\0previous\";a:0:{}s:8:\"\0*\0casts\";a:1:{s:9:\"is_active\";s:7:\"boolean\";}s:17:\"\0*\0classCastCache\";a:0:{}s:21:\"\0*\0attributeCastCache\";a:0:{}s:13:\"\0*\0dateFormat\";N;s:10:\"\0*\0appends\";a:0:{}s:19:\"\0*\0dispatchesEvents\";a:0:{}s:14:\"\0*\0observables\";a:0:{}s:12:\"\0*\0relations\";a:0:{}s:10:\"\0*\0touches\";a:0:{}s:27:\"\0*\0relationAutoloadCallback\";N;s:26:\"\0*\0relationAutoloadContext\";N;s:10:\"timestamps\";b:1;s:13:\"usesUniqueIds\";b:0;s:9:\"\0*\0hidden\";a:0:{}s:10:\"\0*\0visible\";a:0:{}s:11:\"\0*\0fillable\";a:6:{i:0;s:12:\"menu_card_id\";i:1;s:5:\"title\";i:2;s:3:\"url\";i:3;s:7:\"page_id\";i:4;s:5:\"order\";i:5;s:9:\"is_active\";}s:10:\"\0*\0guarded\";a:1:{i:0;s:1:\"*\";}}i:3;O:23:\"App\\Models\\MenuCardItem\":33:{s:13:\"\0*\0connection\";s:5:\"mysql\";s:8:\"\0*\0table\";s:15:\"menu_card_items\";s:13:\"\0*\0primaryKey\";s:2:\"id\";s:10:\"\0*\0keyType\";s:3:\"int\";s:12:\"incrementing\";b:1;s:7:\"\0*\0with\";a:0:{}s:12:\"\0*\0withCount\";a:0:{}s:19:\"preventsLazyLoading\";b:0;s:10:\"\0*\0perPage\";i:15;s:6:\"exists\";b:1;s:18:\"wasRecentlyCreated\";b:0;s:28:\"\0*\0escapeWhenCastingToString\";b:0;s:13:\"\0*\0attributes\";a:9:{s:2:\"id\";i:8;s:12:\"menu_card_id\";i:2;s:5:\"title\";s:12:\"Bus Schedule\";s:3:\"url\";N;s:7:\"page_id\";N;s:5:\"order\";i:4;s:9:\"is_active\";i:1;s:10:\"created_at\";s:19:\"2025-12-14 22:55:15\";s:10:\"updated_at\";s:19:\"2026-03-26 09:30:37\";}s:11:\"\0*\0original\";a:9:{s:2:\"id\";i:8;s:12:\"menu_card_id\";i:2;s:5:\"title\";s:12:\"Bus Schedule\";s:3:\"url\";N;s:7:\"page_id\";N;s:5:\"order\";i:4;s:9:\"is_active\";i:1;s:10:\"created_at\";s:19:\"2025-12-14 22:55:15\";s:10:\"updated_at\";s:19:\"2026-03-26 09:30:37\";}s:10:\"\0*\0changes\";a:0:{}s:11:\"\0*\0previous\";a:0:{}s:8:\"\0*\0casts\";a:1:{s:9:\"is_active\";s:7:\"boolean\";}s:17:\"\0*\0classCastCache\";a:0:{}s:21:\"\0*\0attributeCastCache\";a:0:{}s:13:\"\0*\0dateFormat\";N;s:10:\"\0*\0appends\";a:0:{}s:19:\"\0*\0dispatchesEvents\";a:0:{}s:14:\"\0*\0observables\";a:0:{}s:12:\"\0*\0relations\";a:0:{}s:10:\"\0*\0touches\";a:0:{}s:27:\"\0*\0relationAutoloadCallback\";N;s:26:\"\0*\0relationAutoloadContext\";N;s:10:\"timestamps\";b:1;s:13:\"usesUniqueIds\";b:0;s:9:\"\0*\0hidden\";a:0:{}s:10:\"\0*\0visible\";a:0:{}s:11:\"\0*\0fillable\";a:6:{i:0;s:12:\"menu_card_id\";i:1;s:5:\"title\";i:2;s:3:\"url\";i:3;s:7:\"page_id\";i:4;s:5:\"order\";i:5;s:9:\"is_active\";}s:10:\"\0*\0guarded\";a:1:{i:0;s:1:\"*\";}}}s:28:\"\0*\0escapeWhenCastingToString\";b:0;}}s:10:\"\0*\0touches\";a:0:{}s:27:\"\0*\0relationAutoloadCallback\";N;s:26:\"\0*\0relationAutoloadContext\";N;s:10:\"timestamps\";b:1;s:13:\"usesUniqueIds\";b:0;s:9:\"\0*\0hidden\";a:0:{}s:10:\"\0*\0visible\";a:0:{}s:11:\"\0*\0fillable\";a:6:{i:0;s:5:\"title\";i:1;s:8:\"icon_url\";i:2;s:8:\"bg_color\";i:3;s:8:\"template\";i:4;s:5:\"order\";i:5;s:9:\"is_active\";}s:10:\"\0*\0guarded\";a:1:{i:0;s:1:\"*\";}}i:2;O:19:\"App\\Models\\MenuCard\":33:{s:13:\"\0*\0connection\";s:5:\"mysql\";s:8:\"\0*\0table\";s:10:\"menu_cards\";s:13:\"\0*\0primaryKey\";s:2:\"id\";s:10:\"\0*\0keyType\";s:3:\"int\";s:12:\"incrementing\";b:1;s:7:\"\0*\0with\";a:0:{}s:12:\"\0*\0withCount\";a:0:{}s:19:\"preventsLazyLoading\";b:0;s:10:\"\0*\0perPage\";i:15;s:6:\"exists\";b:1;s:18:\"wasRecentlyCreated\";b:0;s:28:\"\0*\0escapeWhenCastingToString\";b:0;s:13:\"\0*\0attributes\";a:9:{s:2:\"id\";i:3;s:5:\"title\";s:14:\"Student Corner\";s:8:\"icon_url\";s:117:\"https://bacpsc.edu.bd/wp-content/uploads/2024/10/school-icon-png-14053-pzdxpq6crx3qxcoqu4oowq2k376fmzpci52fkbggyw.png\";s:8:\"bg_color\";s:7:\"#0a4d3c\";s:8:\"template\";s:10:\"template_1\";s:5:\"order\";i:3;s:9:\"is_active\";i:1;s:10:\"created_at\";s:19:\"2025-12-14 22:44:50\";s:10:\"updated_at\";s:19:\"2025-12-14 22:47:12\";}s:11:\"\0*\0original\";a:9:{s:2:\"id\";i:3;s:5:\"title\";s:14:\"Student Corner\";s:8:\"icon_url\";s:117:\"https://bacpsc.edu.bd/wp-content/uploads/2024/10/school-icon-png-14053-pzdxpq6crx3qxcoqu4oowq2k376fmzpci52fkbggyw.png\";s:8:\"bg_color\";s:7:\"#0a4d3c\";s:8:\"template\";s:10:\"template_1\";s:5:\"order\";i:3;s:9:\"is_active\";i:1;s:10:\"created_at\";s:19:\"2025-12-14 22:44:50\";s:10:\"updated_at\";s:19:\"2025-12-14 22:47:12\";}s:10:\"\0*\0changes\";a:0:{}s:11:\"\0*\0previous\";a:0:{}s:8:\"\0*\0casts\";a:1:{s:9:\"is_active\";s:7:\"boolean\";}s:17:\"\0*\0classCastCache\";a:0:{}s:21:\"\0*\0attributeCastCache\";a:0:{}s:13:\"\0*\0dateFormat\";N;s:10:\"\0*\0appends\";a:0:{}s:19:\"\0*\0dispatchesEvents\";a:0:{}s:14:\"\0*\0observables\";a:0:{}s:12:\"\0*\0relations\";a:1:{s:5:\"items\";O:39:\"Illuminate\\Database\\Eloquent\\Collection\":2:{s:8:\"\0*\0items\";a:0:{}s:28:\"\0*\0escapeWhenCastingToString\";b:0;}}s:10:\"\0*\0touches\";a:0:{}s:27:\"\0*\0relationAutoloadCallback\";N;s:26:\"\0*\0relationAutoloadContext\";N;s:10:\"timestamps\";b:1;s:13:\"usesUniqueIds\";b:0;s:9:\"\0*\0hidden\";a:0:{}s:10:\"\0*\0visible\";a:0:{}s:11:\"\0*\0fillable\";a:6:{i:0;s:5:\"title\";i:1;s:8:\"icon_url\";i:2;s:8:\"bg_color\";i:3;s:8:\"template\";i:4;s:5:\"order\";i:5;s:9:\"is_active\";}s:10:\"\0*\0guarded\";a:1:{i:0;s:1:\"*\";}}i:3;O:19:\"App\\Models\\MenuCard\":33:{s:13:\"\0*\0connection\";s:5:\"mysql\";s:8:\"\0*\0table\";s:10:\"menu_cards\";s:13:\"\0*\0primaryKey\";s:2:\"id\";s:10:\"\0*\0keyType\";s:3:\"int\";s:12:\"incrementing\";b:1;s:7:\"\0*\0with\";a:0:{}s:12:\"\0*\0withCount\";a:0:{}s:19:\"preventsLazyLoading\";b:0;s:10:\"\0*\0perPage\";i:15;s:6:\"exists\";b:1;s:18:\"wasRecentlyCreated\";b:0;s:28:\"\0*\0escapeWhenCastingToString\";b:0;s:13:\"\0*\0attributes\";a:9:{s:2:\"id\";i:4;s:5:\"title\";s:14:\"Administration\";s:8:\"icon_url\";s:76:\"https://bacpsc.edu.bd/wp-content/uploads/2024/10/pngwing.com-2-300x300-1.png\";s:8:\"bg_color\";s:7:\"#0a4d3c\";s:8:\"template\";s:10:\"template_1\";s:5:\"order\";i:4;s:9:\"is_active\";i:1;s:10:\"created_at\";s:19:\"2025-12-14 22:45:05\";s:10:\"updated_at\";s:19:\"2025-12-14 22:47:41\";}s:11:\"\0*\0original\";a:9:{s:2:\"id\";i:4;s:5:\"title\";s:14:\"Administration\";s:8:\"icon_url\";s:76:\"https://bacpsc.edu.bd/wp-content/uploads/2024/10/pngwing.com-2-300x300-1.png\";s:8:\"bg_color\";s:7:\"#0a4d3c\";s:8:\"template\";s:10:\"template_1\";s:5:\"order\";i:4;s:9:\"is_active\";i:1;s:10:\"created_at\";s:19:\"2025-12-14 22:45:05\";s:10:\"updated_at\";s:19:\"2025-12-14 22:47:41\";}s:10:\"\0*\0changes\";a:0:{}s:11:\"\0*\0previous\";a:0:{}s:8:\"\0*\0casts\";a:1:{s:9:\"is_active\";s:7:\"boolean\";}s:17:\"\0*\0classCastCache\";a:0:{}s:21:\"\0*\0attributeCastCache\";a:0:{}s:13:\"\0*\0dateFormat\";N;s:10:\"\0*\0appends\";a:0:{}s:19:\"\0*\0dispatchesEvents\";a:0:{}s:14:\"\0*\0observables\";a:0:{}s:12:\"\0*\0relations\";a:1:{s:5:\"items\";O:39:\"Illuminate\\Database\\Eloquent\\Collection\":2:{s:8:\"\0*\0items\";a:0:{}s:28:\"\0*\0escapeWhenCastingToString\";b:0;}}s:10:\"\0*\0touches\";a:0:{}s:27:\"\0*\0relationAutoloadCallback\";N;s:26:\"\0*\0relationAutoloadContext\";N;s:10:\"timestamps\";b:1;s:13:\"usesUniqueIds\";b:0;s:9:\"\0*\0hidden\";a:0:{}s:10:\"\0*\0visible\";a:0:{}s:11:\"\0*\0fillable\";a:6:{i:0;s:5:\"title\";i:1;s:8:\"icon_url\";i:2;s:8:\"bg_color\";i:3;s:8:\"template\";i:4;s:5:\"order\";i:5;s:9:\"is_active\";}s:10:\"\0*\0guarded\";a:1:{i:0;s:1:\"*\";}}i:4;O:19:\"App\\Models\\MenuCard\":33:{s:13:\"\0*\0connection\";s:5:\"mysql\";s:8:\"\0*\0table\";s:10:\"menu_cards\";s:13:\"\0*\0primaryKey\";s:2:\"id\";s:10:\"\0*\0keyType\";s:3:\"int\";s:12:\"incrementing\";b:1;s:7:\"\0*\0with\";a:0:{}s:12:\"\0*\0withCount\";a:0:{}s:19:\"preventsLazyLoading\";b:0;s:10:\"\0*\0perPage\";i:15;s:6:\"exists\";b:1;s:18:\"wasRecentlyCreated\";b:0;s:28:\"\0*\0escapeWhenCastingToString\";b:0;s:13:\"\0*\0attributes\";a:9:{s:2:\"id\";i:5;s:5:\"title\";s:8:\"Download\";s:8:\"icon_url\";s:109:\"https://bacpsc.edu.bd/wp-content/uploads/2024/10/pngwing.com-1-q1mcc20kb9pnbp6i2e0av4bmi1g44gltvkxcl1p0q0.png\";s:8:\"bg_color\";s:7:\"#0a4d3c\";s:8:\"template\";s:10:\"template_1\";s:5:\"order\";i:5;s:9:\"is_active\";i:1;s:10:\"created_at\";s:19:\"2025-12-14 22:45:16\";s:10:\"updated_at\";s:19:\"2025-12-14 22:48:15\";}s:11:\"\0*\0original\";a:9:{s:2:\"id\";i:5;s:5:\"title\";s:8:\"Download\";s:8:\"icon_url\";s:109:\"https://bacpsc.edu.bd/wp-content/uploads/2024/10/pngwing.com-1-q1mcc20kb9pnbp6i2e0av4bmi1g44gltvkxcl1p0q0.png\";s:8:\"bg_color\";s:7:\"#0a4d3c\";s:8:\"template\";s:10:\"template_1\";s:5:\"order\";i:5;s:9:\"is_active\";i:1;s:10:\"created_at\";s:19:\"2025-12-14 22:45:16\";s:10:\"updated_at\";s:19:\"2025-12-14 22:48:15\";}s:10:\"\0*\0changes\";a:0:{}s:11:\"\0*\0previous\";a:0:{}s:8:\"\0*\0casts\";a:1:{s:9:\"is_active\";s:7:\"boolean\";}s:17:\"\0*\0classCastCache\";a:0:{}s:21:\"\0*\0attributeCastCache\";a:0:{}s:13:\"\0*\0dateFormat\";N;s:10:\"\0*\0appends\";a:0:{}s:19:\"\0*\0dispatchesEvents\";a:0:{}s:14:\"\0*\0observables\";a:0:{}s:12:\"\0*\0relations\";a:1:{s:5:\"items\";O:39:\"Illuminate\\Database\\Eloquent\\Collection\":2:{s:8:\"\0*\0items\";a:0:{}s:28:\"\0*\0escapeWhenCastingToString\";b:0;}}s:10:\"\0*\0touches\";a:0:{}s:27:\"\0*\0relationAutoloadCallback\";N;s:26:\"\0*\0relationAutoloadContext\";N;s:10:\"timestamps\";b:1;s:13:\"usesUniqueIds\";b:0;s:9:\"\0*\0hidden\";a:0:{}s:10:\"\0*\0visible\";a:0:{}s:11:\"\0*\0fillable\";a:6:{i:0;s:5:\"title\";i:1;s:8:\"icon_url\";i:2;s:8:\"bg_color\";i:3;s:8:\"template\";i:4;s:5:\"order\";i:5;s:9:\"is_active\";}s:10:\"\0*\0guarded\";a:1:{i:0;s:1:\"*\";}}i:5;O:19:\"App\\Models\\MenuCard\":33:{s:13:\"\0*\0connection\";s:5:\"mysql\";s:8:\"\0*\0table\";s:10:\"menu_cards\";s:13:\"\0*\0primaryKey\";s:2:\"id\";s:10:\"\0*\0keyType\";s:3:\"int\";s:12:\"incrementing\";b:1;s:7:\"\0*\0with\";a:0:{}s:12:\"\0*\0withCount\";a:0:{}s:19:\"preventsLazyLoading\";b:0;s:10:\"\0*\0perPage\";i:15;s:6:\"exists\";b:1;s:18:\"wasRecentlyCreated\";b:0;s:28:\"\0*\0escapeWhenCastingToString\";b:0;s:13:\"\0*\0attributes\";a:9:{s:2:\"id\";i:6;s:5:\"title\";s:13:\"Miscellaneous\";s:8:\"icon_url\";s:103:\"https://bacpsc.edu.bd/wp-content/uploads/2024/10/5231713-pzdy71dcn2suqtjir42cbut5xnusebfdvtlcqrsgdk.png\";s:8:\"bg_color\";s:7:\"#0a4d3c\";s:8:\"template\";s:10:\"template_1\";s:5:\"order\";i:6;s:9:\"is_active\";i:1;s:10:\"created_at\";s:19:\"2025-12-14 22:45:52\";s:10:\"updated_at\";s:19:\"2025-12-14 22:48:36\";}s:11:\"\0*\0original\";a:9:{s:2:\"id\";i:6;s:5:\"title\";s:13:\"Miscellaneous\";s:8:\"icon_url\";s:103:\"https://bacpsc.edu.bd/wp-content/uploads/2024/10/5231713-pzdy71dcn2suqtjir42cbut5xnusebfdvtlcqrsgdk.png\";s:8:\"bg_color\";s:7:\"#0a4d3c\";s:8:\"template\";s:10:\"template_1\";s:5:\"order\";i:6;s:9:\"is_active\";i:1;s:10:\"created_at\";s:19:\"2025-12-14 22:45:52\";s:10:\"updated_at\";s:19:\"2025-12-14 22:48:36\";}s:10:\"\0*\0changes\";a:0:{}s:11:\"\0*\0previous\";a:0:{}s:8:\"\0*\0casts\";a:1:{s:9:\"is_active\";s:7:\"boolean\";}s:17:\"\0*\0classCastCache\";a:0:{}s:21:\"\0*\0attributeCastCache\";a:0:{}s:13:\"\0*\0dateFormat\";N;s:10:\"\0*\0appends\";a:0:{}s:19:\"\0*\0dispatchesEvents\";a:0:{}s:14:\"\0*\0observables\";a:0:{}s:12:\"\0*\0relations\";a:1:{s:5:\"items\";O:39:\"Illuminate\\Database\\Eloquent\\Collection\":2:{s:8:\"\0*\0items\";a:0:{}s:28:\"\0*\0escapeWhenCastingToString\";b:0;}}s:10:\"\0*\0touches\";a:0:{}s:27:\"\0*\0relationAutoloadCallback\";N;s:26:\"\0*\0relationAutoloadContext\";N;s:10:\"timestamps\";b:1;s:13:\"usesUniqueIds\";b:0;s:9:\"\0*\0hidden\";a:0:{}s:10:\"\0*\0visible\";a:0:{}s:11:\"\0*\0fillable\";a:6:{i:0;s:5:\"title\";i:1;s:8:\"icon_url\";i:2;s:8:\"bg_color\";i:3;s:8:\"template\";i:4;s:5:\"order\";i:5;s:9:\"is_active\";}s:10:\"\0*\0guarded\";a:1:{i:0;s:1:\"*\";}}}s:28:\"\0*\0escapeWhenCastingToString\";b:0;}', '1774666530');
INSERT INTO `cache` (`key`, `value`, `expiration`) VALUES ('laravel-cache-global.menus', 'O:39:\"Illuminate\\Database\\Eloquent\\Collection\":2:{s:8:\"\0*\0items\";a:11:{i:0;O:15:\"App\\Models\\Menu\":33:{s:13:\"\0*\0connection\";s:5:\"mysql\";s:8:\"\0*\0table\";s:5:\"menus\";s:13:\"\0*\0primaryKey\";s:2:\"id\";s:10:\"\0*\0keyType\";s:3:\"int\";s:12:\"incrementing\";b:1;s:7:\"\0*\0with\";a:0:{}s:12:\"\0*\0withCount\";a:0:{}s:19:\"preventsLazyLoading\";b:0;s:10:\"\0*\0perPage\";i:15;s:6:\"exists\";b:1;s:18:\"wasRecentlyCreated\";b:0;s:28:\"\0*\0escapeWhenCastingToString\";b:0;s:13:\"\0*\0attributes\";a:11:{s:2:\"id\";i:1;s:5:\"title\";s:4:\"Home\";s:3:\"url\";s:1:\"/\";s:7:\"page_id\";N;s:9:\"parent_id\";N;s:5:\"order\";i:1;s:9:\"is_active\";i:1;s:14:\"is_highlighted\";i:0;s:15:\"highlight_color\";N;s:10:\"created_at\";s:19:\"2025-11-22 12:44:21\";s:10:\"updated_at\";s:19:\"2025-11-22 12:44:21\";}s:11:\"\0*\0original\";a:11:{s:2:\"id\";i:1;s:5:\"title\";s:4:\"Home\";s:3:\"url\";s:1:\"/\";s:7:\"page_id\";N;s:9:\"parent_id\";N;s:5:\"order\";i:1;s:9:\"is_active\";i:1;s:14:\"is_highlighted\";i:0;s:15:\"highlight_color\";N;s:10:\"created_at\";s:19:\"2025-11-22 12:44:21\";s:10:\"updated_at\";s:19:\"2025-11-22 12:44:21\";}s:10:\"\0*\0changes\";a:0:{}s:11:\"\0*\0previous\";a:0:{}s:8:\"\0*\0casts\";a:0:{}s:17:\"\0*\0classCastCache\";a:0:{}s:21:\"\0*\0attributeCastCache\";a:0:{}s:13:\"\0*\0dateFormat\";N;s:10:\"\0*\0appends\";a:0:{}s:19:\"\0*\0dispatchesEvents\";a:0:{}s:14:\"\0*\0observables\";a:0:{}s:12:\"\0*\0relations\";a:1:{s:8:\"children\";O:39:\"Illuminate\\Database\\Eloquent\\Collection\":2:{s:8:\"\0*\0items\";a:0:{}s:28:\"\0*\0escapeWhenCastingToString\";b:0;}}s:10:\"\0*\0touches\";a:0:{}s:27:\"\0*\0relationAutoloadCallback\";N;s:26:\"\0*\0relationAutoloadContext\";N;s:10:\"timestamps\";b:1;s:13:\"usesUniqueIds\";b:0;s:9:\"\0*\0hidden\";a:0:{}s:10:\"\0*\0visible\";a:0:{}s:11:\"\0*\0fillable\";a:8:{i:0;s:5:\"title\";i:1;s:3:\"url\";i:2;s:9:\"parent_id\";i:3;s:7:\"page_id\";i:4;s:5:\"order\";i:5;s:9:\"is_active\";i:6;s:14:\"is_highlighted\";i:7;s:15:\"highlight_color\";}s:10:\"\0*\0guarded\";a:1:{i:0;s:1:\"*\";}}i:1;O:15:\"App\\Models\\Menu\":33:{s:13:\"\0*\0connection\";s:5:\"mysql\";s:8:\"\0*\0table\";s:5:\"menus\";s:13:\"\0*\0primaryKey\";s:2:\"id\";s:10:\"\0*\0keyType\";s:3:\"int\";s:12:\"incrementing\";b:1;s:7:\"\0*\0with\";a:0:{}s:12:\"\0*\0withCount\";a:0:{}s:19:\"preventsLazyLoading\";b:0;s:10:\"\0*\0perPage\";i:15;s:6:\"exists\";b:1;s:18:\"wasRecentlyCreated\";b:0;s:28:\"\0*\0escapeWhenCastingToString\";b:0;s:13:\"\0*\0attributes\";a:11:{s:2:\"id\";i:2;s:5:\"title\";s:5:\"About\";s:3:\"url\";N;s:7:\"page_id\";i:44;s:9:\"parent_id\";N;s:5:\"order\";i:2;s:9:\"is_active\";i:1;s:14:\"is_highlighted\";i:0;s:15:\"highlight_color\";N;s:10:\"created_at\";s:19:\"2025-11-22 12:44:21\";s:10:\"updated_at\";s:19:\"2026-03-23 15:23:48\";}s:11:\"\0*\0original\";a:11:{s:2:\"id\";i:2;s:5:\"title\";s:5:\"About\";s:3:\"url\";N;s:7:\"page_id\";i:44;s:9:\"parent_id\";N;s:5:\"order\";i:2;s:9:\"is_active\";i:1;s:14:\"is_highlighted\";i:0;s:15:\"highlight_color\";N;s:10:\"created_at\";s:19:\"2025-11-22 12:44:21\";s:10:\"updated_at\";s:19:\"2026-03-23 15:23:48\";}s:10:\"\0*\0changes\";a:0:{}s:11:\"\0*\0previous\";a:0:{}s:8:\"\0*\0casts\";a:0:{}s:17:\"\0*\0classCastCache\";a:0:{}s:21:\"\0*\0attributeCastCache\";a:0:{}s:13:\"\0*\0dateFormat\";N;s:10:\"\0*\0appends\";a:0:{}s:19:\"\0*\0dispatchesEvents\";a:0:{}s:14:\"\0*\0observables\";a:0:{}s:12:\"\0*\0relations\";a:1:{s:8:\"children\";O:39:\"Illuminate\\Database\\Eloquent\\Collection\":2:{s:8:\"\0*\0items\";a:4:{i:0;O:15:\"App\\Models\\Menu\":33:{s:13:\"\0*\0connection\";s:5:\"mysql\";s:8:\"\0*\0table\";s:5:\"menus\";s:13:\"\0*\0primaryKey\";s:2:\"id\";s:10:\"\0*\0keyType\";s:3:\"int\";s:12:\"incrementing\";b:1;s:7:\"\0*\0with\";a:0:{}s:12:\"\0*\0withCount\";a:0:{}s:19:\"preventsLazyLoading\";b:0;s:10:\"\0*\0perPage\";i:15;s:6:\"exists\";b:1;s:18:\"wasRecentlyCreated\";b:0;s:28:\"\0*\0escapeWhenCastingToString\";b:0;s:13:\"\0*\0attributes\";a:11:{s:2:\"id\";i:37;s:5:\"title\";s:11:\"At a Glance\";s:3:\"url\";N;s:7:\"page_id\";i:20;s:9:\"parent_id\";i:2;s:5:\"order\";i:1;s:9:\"is_active\";i:1;s:14:\"is_highlighted\";i:0;s:15:\"highlight_color\";N;s:10:\"created_at\";s:19:\"2025-12-29 17:58:44\";s:10:\"updated_at\";s:19:\"2025-12-29 17:58:44\";}s:11:\"\0*\0original\";a:11:{s:2:\"id\";i:37;s:5:\"title\";s:11:\"At a Glance\";s:3:\"url\";N;s:7:\"page_id\";i:20;s:9:\"parent_id\";i:2;s:5:\"order\";i:1;s:9:\"is_active\";i:1;s:14:\"is_highlighted\";i:0;s:15:\"highlight_color\";N;s:10:\"created_at\";s:19:\"2025-12-29 17:58:44\";s:10:\"updated_at\";s:19:\"2025-12-29 17:58:44\";}s:10:\"\0*\0changes\";a:0:{}s:11:\"\0*\0previous\";a:0:{}s:8:\"\0*\0casts\";a:0:{}s:17:\"\0*\0classCastCache\";a:0:{}s:21:\"\0*\0attributeCastCache\";a:0:{}s:13:\"\0*\0dateFormat\";N;s:10:\"\0*\0appends\";a:0:{}s:19:\"\0*\0dispatchesEvents\";a:0:{}s:14:\"\0*\0observables\";a:0:{}s:12:\"\0*\0relations\";a:0:{}s:10:\"\0*\0touches\";a:0:{}s:27:\"\0*\0relationAutoloadCallback\";N;s:26:\"\0*\0relationAutoloadContext\";N;s:10:\"timestamps\";b:1;s:13:\"usesUniqueIds\";b:0;s:9:\"\0*\0hidden\";a:0:{}s:10:\"\0*\0visible\";a:0:{}s:11:\"\0*\0fillable\";a:8:{i:0;s:5:\"title\";i:1;s:3:\"url\";i:2;s:9:\"parent_id\";i:3;s:7:\"page_id\";i:4;s:5:\"order\";i:5;s:9:\"is_active\";i:6;s:14:\"is_highlighted\";i:7;s:15:\"highlight_color\";}s:10:\"\0*\0guarded\";a:1:{i:0;s:1:\"*\";}}i:1;O:15:\"App\\Models\\Menu\":33:{s:13:\"\0*\0connection\";s:5:\"mysql\";s:8:\"\0*\0table\";s:5:\"menus\";s:13:\"\0*\0primaryKey\";s:2:\"id\";s:10:\"\0*\0keyType\";s:3:\"int\";s:12:\"incrementing\";b:1;s:7:\"\0*\0with\";a:0:{}s:12:\"\0*\0withCount\";a:0:{}s:19:\"preventsLazyLoading\";b:0;s:10:\"\0*\0perPage\";i:15;s:6:\"exists\";b:1;s:18:\"wasRecentlyCreated\";b:0;s:28:\"\0*\0escapeWhenCastingToString\";b:0;s:13:\"\0*\0attributes\";a:11:{s:2:\"id\";i:38;s:5:\"title\";s:7:\"History\";s:3:\"url\";N;s:7:\"page_id\";i:21;s:9:\"parent_id\";i:2;s:5:\"order\";i:2;s:9:\"is_active\";i:1;s:14:\"is_highlighted\";i:0;s:15:\"highlight_color\";N;s:10:\"created_at\";s:19:\"2025-12-29 18:00:45\";s:10:\"updated_at\";s:19:\"2025-12-29 18:00:45\";}s:11:\"\0*\0original\";a:11:{s:2:\"id\";i:38;s:5:\"title\";s:7:\"History\";s:3:\"url\";N;s:7:\"page_id\";i:21;s:9:\"parent_id\";i:2;s:5:\"order\";i:2;s:9:\"is_active\";i:1;s:14:\"is_highlighted\";i:0;s:15:\"highlight_color\";N;s:10:\"created_at\";s:19:\"2025-12-29 18:00:45\";s:10:\"updated_at\";s:19:\"2025-12-29 18:00:45\";}s:10:\"\0*\0changes\";a:0:{}s:11:\"\0*\0previous\";a:0:{}s:8:\"\0*\0casts\";a:0:{}s:17:\"\0*\0classCastCache\";a:0:{}s:21:\"\0*\0attributeCastCache\";a:0:{}s:13:\"\0*\0dateFormat\";N;s:10:\"\0*\0appends\";a:0:{}s:19:\"\0*\0dispatchesEvents\";a:0:{}s:14:\"\0*\0observables\";a:0:{}s:12:\"\0*\0relations\";a:0:{}s:10:\"\0*\0touches\";a:0:{}s:27:\"\0*\0relationAutoloadCallback\";N;s:26:\"\0*\0relationAutoloadContext\";N;s:10:\"timestamps\";b:1;s:13:\"usesUniqueIds\";b:0;s:9:\"\0*\0hidden\";a:0:{}s:10:\"\0*\0visible\";a:0:{}s:11:\"\0*\0fillable\";a:8:{i:0;s:5:\"title\";i:1;s:3:\"url\";i:2;s:9:\"parent_id\";i:3;s:7:\"page_id\";i:4;s:5:\"order\";i:5;s:9:\"is_active\";i:6;s:14:\"is_highlighted\";i:7;s:15:\"highlight_color\";}s:10:\"\0*\0guarded\";a:1:{i:0;s:1:\"*\";}}i:2;O:15:\"App\\Models\\Menu\":33:{s:13:\"\0*\0connection\";s:5:\"mysql\";s:8:\"\0*\0table\";s:5:\"menus\";s:13:\"\0*\0primaryKey\";s:2:\"id\";s:10:\"\0*\0keyType\";s:3:\"int\";s:12:\"incrementing\";b:1;s:7:\"\0*\0with\";a:0:{}s:12:\"\0*\0withCount\";a:0:{}s:19:\"preventsLazyLoading\";b:0;s:10:\"\0*\0perPage\";i:15;s:6:\"exists\";b:1;s:18:\"wasRecentlyCreated\";b:0;s:28:\"\0*\0escapeWhenCastingToString\";b:0;s:13:\"\0*\0attributes\";a:11:{s:2:\"id\";i:39;s:5:\"title\";s:16:\"Why study DCGPSC\";s:3:\"url\";N;s:7:\"page_id\";i:22;s:9:\"parent_id\";i:2;s:5:\"order\";i:3;s:9:\"is_active\";i:1;s:14:\"is_highlighted\";i:0;s:15:\"highlight_color\";N;s:10:\"created_at\";s:19:\"2025-12-29 18:02:37\";s:10:\"updated_at\";s:19:\"2026-03-26 11:30:37\";}s:11:\"\0*\0original\";a:11:{s:2:\"id\";i:39;s:5:\"title\";s:16:\"Why study DCGPSC\";s:3:\"url\";N;s:7:\"page_id\";i:22;s:9:\"parent_id\";i:2;s:5:\"order\";i:3;s:9:\"is_active\";i:1;s:14:\"is_highlighted\";i:0;s:15:\"highlight_color\";N;s:10:\"created_at\";s:19:\"2025-12-29 18:02:37\";s:10:\"updated_at\";s:19:\"2026-03-26 11:30:37\";}s:10:\"\0*\0changes\";a:0:{}s:11:\"\0*\0previous\";a:0:{}s:8:\"\0*\0casts\";a:0:{}s:17:\"\0*\0classCastCache\";a:0:{}s:21:\"\0*\0attributeCastCache\";a:0:{}s:13:\"\0*\0dateFormat\";N;s:10:\"\0*\0appends\";a:0:{}s:19:\"\0*\0dispatchesEvents\";a:0:{}s:14:\"\0*\0observables\";a:0:{}s:12:\"\0*\0relations\";a:0:{}s:10:\"\0*\0touches\";a:0:{}s:27:\"\0*\0relationAutoloadCallback\";N;s:26:\"\0*\0relationAutoloadContext\";N;s:10:\"timestamps\";b:1;s:13:\"usesUniqueIds\";b:0;s:9:\"\0*\0hidden\";a:0:{}s:10:\"\0*\0visible\";a:0:{}s:11:\"\0*\0fillable\";a:8:{i:0;s:5:\"title\";i:1;s:3:\"url\";i:2;s:9:\"parent_id\";i:3;s:7:\"page_id\";i:4;s:5:\"order\";i:5;s:9:\"is_active\";i:6;s:14:\"is_highlighted\";i:7;s:15:\"highlight_color\";}s:10:\"\0*\0guarded\";a:1:{i:0;s:1:\"*\";}}i:3;O:15:\"App\\Models\\Menu\":33:{s:13:\"\0*\0connection\";s:5:\"mysql\";s:8:\"\0*\0table\";s:5:\"menus\";s:13:\"\0*\0primaryKey\";s:2:\"id\";s:10:\"\0*\0keyType\";s:3:\"int\";s:12:\"incrementing\";b:1;s:7:\"\0*\0with\";a:0:{}s:12:\"\0*\0withCount\";a:0:{}s:19:\"preventsLazyLoading\";b:0;s:10:\"\0*\0perPage\";i:15;s:6:\"exists\";b:1;s:18:\"wasRecentlyCreated\";b:0;s:28:\"\0*\0escapeWhenCastingToString\";b:0;s:13:\"\0*\0attributes\";a:11:{s:2:\"id\";i:65;s:5:\"title\";s:16:\"Mission & Vision\";s:3:\"url\";N;s:7:\"page_id\";i:44;s:9:\"parent_id\";i:2;s:5:\"order\";i:4;s:9:\"is_active\";i:1;s:14:\"is_highlighted\";i:0;s:15:\"highlight_color\";N;s:10:\"created_at\";s:19:\"2026-03-23 15:26:00\";s:10:\"updated_at\";s:19:\"2026-03-23 15:26:00\";}s:11:\"\0*\0original\";a:11:{s:2:\"id\";i:65;s:5:\"title\";s:16:\"Mission & Vision\";s:3:\"url\";N;s:7:\"page_id\";i:44;s:9:\"parent_id\";i:2;s:5:\"order\";i:4;s:9:\"is_active\";i:1;s:14:\"is_highlighted\";i:0;s:15:\"highlight_color\";N;s:10:\"created_at\";s:19:\"2026-03-23 15:26:00\";s:10:\"updated_at\";s:19:\"2026-03-23 15:26:00\";}s:10:\"\0*\0changes\";a:0:{}s:11:\"\0*\0previous\";a:0:{}s:8:\"\0*\0casts\";a:0:{}s:17:\"\0*\0classCastCache\";a:0:{}s:21:\"\0*\0attributeCastCache\";a:0:{}s:13:\"\0*\0dateFormat\";N;s:10:\"\0*\0appends\";a:0:{}s:19:\"\0*\0dispatchesEvents\";a:0:{}s:14:\"\0*\0observables\";a:0:{}s:12:\"\0*\0relations\";a:0:{}s:10:\"\0*\0touches\";a:0:{}s:27:\"\0*\0relationAutoloadCallback\";N;s:26:\"\0*\0relationAutoloadContext\";N;s:10:\"timestamps\";b:1;s:13:\"usesUniqueIds\";b:0;s:9:\"\0*\0hidden\";a:0:{}s:10:\"\0*\0visible\";a:0:{}s:11:\"\0*\0fillable\";a:8:{i:0;s:5:\"title\";i:1;s:3:\"url\";i:2;s:9:\"parent_id\";i:3;s:7:\"page_id\";i:4;s:5:\"order\";i:5;s:9:\"is_active\";i:6;s:14:\"is_highlighted\";i:7;s:15:\"highlight_color\";}s:10:\"\0*\0guarded\";a:1:{i:0;s:1:\"*\";}}}s:28:\"\0*\0escapeWhenCastingToString\";b:0;}}s:10:\"\0*\0touches\";a:0:{}s:27:\"\0*\0relationAutoloadCallback\";N;s:26:\"\0*\0relationAutoloadContext\";N;s:10:\"timestamps\";b:1;s:13:\"usesUniqueIds\";b:0;s:9:\"\0*\0hidden\";a:0:{}s:10:\"\0*\0visible\";a:0:{}s:11:\"\0*\0fillable\";a:8:{i:0;s:5:\"title\";i:1;s:3:\"url\";i:2;s:9:\"parent_id\";i:3;s:7:\"page_id\";i:4;s:5:\"order\";i:5;s:9:\"is_active\";i:6;s:14:\"is_highlighted\";i:7;s:15:\"highlight_color\";}s:10:\"\0*\0guarded\";a:1:{i:0;s:1:\"*\";}}i:2;O:15:\"App\\Models\\Menu\":33:{s:13:\"\0*\0connection\";s:5:\"mysql\";s:8:\"\0*\0table\";s:5:\"menus\";s:13:\"\0*\0primaryKey\";s:2:\"id\";s:10:\"\0*\0keyType\";s:3:\"int\";s:12:\"incrementing\";b:1;s:7:\"\0*\0with\";a:0:{}s:12:\"\0*\0withCount\";a:0:{}s:19:\"preventsLazyLoading\";b:0;s:10:\"\0*\0perPage\";i:15;s:6:\"exists\";b:1;s:18:\"wasRecentlyCreated\";b:0;s:28:\"\0*\0escapeWhenCastingToString\";b:0;s:13:\"\0*\0attributes\";a:11:{s:2:\"id\";i:4;s:5:\"title\";s:14:\"Administration\";s:3:\"url\";N;s:7:\"page_id\";i:23;s:9:\"parent_id\";N;s:5:\"order\";i:2;s:9:\"is_active\";i:1;s:14:\"is_highlighted\";i:0;s:15:\"highlight_color\";N;s:10:\"created_at\";s:19:\"2025-11-22 12:44:21\";s:10:\"updated_at\";s:19:\"2025-12-29 20:15:37\";}s:11:\"\0*\0original\";a:11:{s:2:\"id\";i:4;s:5:\"title\";s:14:\"Administration\";s:3:\"url\";N;s:7:\"page_id\";i:23;s:9:\"parent_id\";N;s:5:\"order\";i:2;s:9:\"is_active\";i:1;s:14:\"is_highlighted\";i:0;s:15:\"highlight_color\";N;s:10:\"created_at\";s:19:\"2025-11-22 12:44:21\";s:10:\"updated_at\";s:19:\"2025-12-29 20:15:37\";}s:10:\"\0*\0changes\";a:0:{}s:11:\"\0*\0previous\";a:0:{}s:8:\"\0*\0casts\";a:0:{}s:17:\"\0*\0classCastCache\";a:0:{}s:21:\"\0*\0attributeCastCache\";a:0:{}s:13:\"\0*\0dateFormat\";N;s:10:\"\0*\0appends\";a:0:{}s:19:\"\0*\0dispatchesEvents\";a:0:{}s:14:\"\0*\0observables\";a:0:{}s:12:\"\0*\0relations\";a:1:{s:8:\"children\";O:39:\"Illuminate\\Database\\Eloquent\\Collection\":2:{s:8:\"\0*\0items\";a:4:{i:0;O:15:\"App\\Models\\Menu\":33:{s:13:\"\0*\0connection\";s:5:\"mysql\";s:8:\"\0*\0table\";s:5:\"menus\";s:13:\"\0*\0primaryKey\";s:2:\"id\";s:10:\"\0*\0keyType\";s:3:\"int\";s:12:\"incrementing\";b:1;s:7:\"\0*\0with\";a:0:{}s:12:\"\0*\0withCount\";a:0:{}s:19:\"preventsLazyLoading\";b:0;s:10:\"\0*\0perPage\";i:15;s:6:\"exists\";b:1;s:18:\"wasRecentlyCreated\";b:0;s:28:\"\0*\0escapeWhenCastingToString\";b:0;s:13:\"\0*\0attributes\";a:11:{s:2:\"id\";i:44;s:5:\"title\";s:14:\"Governing Body\";s:3:\"url\";N;s:7:\"page_id\";i:23;s:9:\"parent_id\";i:4;s:5:\"order\";i:0;s:9:\"is_active\";i:1;s:14:\"is_highlighted\";i:0;s:15:\"highlight_color\";N;s:10:\"created_at\";s:19:\"2025-12-29 19:24:52\";s:10:\"updated_at\";s:19:\"2025-12-29 19:24:52\";}s:11:\"\0*\0original\";a:11:{s:2:\"id\";i:44;s:5:\"title\";s:14:\"Governing Body\";s:3:\"url\";N;s:7:\"page_id\";i:23;s:9:\"parent_id\";i:4;s:5:\"order\";i:0;s:9:\"is_active\";i:1;s:14:\"is_highlighted\";i:0;s:15:\"highlight_color\";N;s:10:\"created_at\";s:19:\"2025-12-29 19:24:52\";s:10:\"updated_at\";s:19:\"2025-12-29 19:24:52\";}s:10:\"\0*\0changes\";a:0:{}s:11:\"\0*\0previous\";a:0:{}s:8:\"\0*\0casts\";a:0:{}s:17:\"\0*\0classCastCache\";a:0:{}s:21:\"\0*\0attributeCastCache\";a:0:{}s:13:\"\0*\0dateFormat\";N;s:10:\"\0*\0appends\";a:0:{}s:19:\"\0*\0dispatchesEvents\";a:0:{}s:14:\"\0*\0observables\";a:0:{}s:12:\"\0*\0relations\";a:0:{}s:10:\"\0*\0touches\";a:0:{}s:27:\"\0*\0relationAutoloadCallback\";N;s:26:\"\0*\0relationAutoloadContext\";N;s:10:\"timestamps\";b:1;s:13:\"usesUniqueIds\";b:0;s:9:\"\0*\0hidden\";a:0:{}s:10:\"\0*\0visible\";a:0:{}s:11:\"\0*\0fillable\";a:8:{i:0;s:5:\"title\";i:1;s:3:\"url\";i:2;s:9:\"parent_id\";i:3;s:7:\"page_id\";i:4;s:5:\"order\";i:5;s:9:\"is_active\";i:6;s:14:\"is_highlighted\";i:7;s:15:\"highlight_color\";}s:10:\"\0*\0guarded\";a:1:{i:0;s:1:\"*\";}}i:1;O:15:\"App\\Models\\Menu\":33:{s:13:\"\0*\0connection\";s:5:\"mysql\";s:8:\"\0*\0table\";s:5:\"menus\";s:13:\"\0*\0primaryKey\";s:2:\"id\";s:10:\"\0*\0keyType\";s:3:\"int\";s:12:\"incrementing\";b:1;s:7:\"\0*\0with\";a:0:{}s:12:\"\0*\0withCount\";a:0:{}s:19:\"preventsLazyLoading\";b:0;s:10:\"\0*\0perPage\";i:15;s:6:\"exists\";b:1;s:18:\"wasRecentlyCreated\";b:0;s:28:\"\0*\0escapeWhenCastingToString\";b:0;s:13:\"\0*\0attributes\";a:11:{s:2:\"id\";i:41;s:5:\"title\";s:23:\"Message of the Chairman\";s:3:\"url\";s:40:\"/message/brig-gen-kazi-mustafizur-rahman\";s:7:\"page_id\";N;s:9:\"parent_id\";i:4;s:5:\"order\";i:2;s:9:\"is_active\";i:1;s:14:\"is_highlighted\";i:0;s:15:\"highlight_color\";N;s:10:\"created_at\";s:19:\"2025-12-29 18:08:17\";s:10:\"updated_at\";s:19:\"2026-03-16 10:34:32\";}s:11:\"\0*\0original\";a:11:{s:2:\"id\";i:41;s:5:\"title\";s:23:\"Message of the Chairman\";s:3:\"url\";s:40:\"/message/brig-gen-kazi-mustafizur-rahman\";s:7:\"page_id\";N;s:9:\"parent_id\";i:4;s:5:\"order\";i:2;s:9:\"is_active\";i:1;s:14:\"is_highlighted\";i:0;s:15:\"highlight_color\";N;s:10:\"created_at\";s:19:\"2025-12-29 18:08:17\";s:10:\"updated_at\";s:19:\"2026-03-16 10:34:32\";}s:10:\"\0*\0changes\";a:0:{}s:11:\"\0*\0previous\";a:0:{}s:8:\"\0*\0casts\";a:0:{}s:17:\"\0*\0classCastCache\";a:0:{}s:21:\"\0*\0attributeCastCache\";a:0:{}s:13:\"\0*\0dateFormat\";N;s:10:\"\0*\0appends\";a:0:{}s:19:\"\0*\0dispatchesEvents\";a:0:{}s:14:\"\0*\0observables\";a:0:{}s:12:\"\0*\0relations\";a:0:{}s:10:\"\0*\0touches\";a:0:{}s:27:\"\0*\0relationAutoloadCallback\";N;s:26:\"\0*\0relationAutoloadContext\";N;s:10:\"timestamps\";b:1;s:13:\"usesUniqueIds\";b:0;s:9:\"\0*\0hidden\";a:0:{}s:10:\"\0*\0visible\";a:0:{}s:11:\"\0*\0fillable\";a:8:{i:0;s:5:\"title\";i:1;s:3:\"url\";i:2;s:9:\"parent_id\";i:3;s:7:\"page_id\";i:4;s:5:\"order\";i:5;s:9:\"is_active\";i:6;s:14:\"is_highlighted\";i:7;s:15:\"highlight_color\";}s:10:\"\0*\0guarded\";a:1:{i:0;s:1:\"*\";}}i:2;O:15:\"App\\Models\\Menu\":33:{s:13:\"\0*\0connection\";s:5:\"mysql\";s:8:\"\0*\0table\";s:5:\"menus\";s:13:\"\0*\0primaryKey\";s:2:\"id\";s:10:\"\0*\0keyType\";s:3:\"int\";s:12:\"incrementing\";b:1;s:7:\"\0*\0with\";a:0:{}s:12:\"\0*\0withCount\";a:0:{}s:19:\"preventsLazyLoading\";b:0;s:10:\"\0*\0perPage\";i:15;s:6:\"exists\";b:1;s:18:\"wasRecentlyCreated\";b:0;s:28:\"\0*\0escapeWhenCastingToString\";b:0;s:13:\"\0*\0attributes\";a:11:{s:2:\"id\";i:42;s:5:\"title\";s:20:\"Message of Principal\";s:3:\"url\";s:34:\"/message/col-md-mamun-azad-salehin\";s:7:\"page_id\";N;s:9:\"parent_id\";i:4;s:5:\"order\";i:3;s:9:\"is_active\";i:1;s:14:\"is_highlighted\";i:0;s:15:\"highlight_color\";N;s:10:\"created_at\";s:19:\"2025-12-29 18:08:57\";s:10:\"updated_at\";s:19:\"2026-03-16 10:36:07\";}s:11:\"\0*\0original\";a:11:{s:2:\"id\";i:42;s:5:\"title\";s:20:\"Message of Principal\";s:3:\"url\";s:34:\"/message/col-md-mamun-azad-salehin\";s:7:\"page_id\";N;s:9:\"parent_id\";i:4;s:5:\"order\";i:3;s:9:\"is_active\";i:1;s:14:\"is_highlighted\";i:0;s:15:\"highlight_color\";N;s:10:\"created_at\";s:19:\"2025-12-29 18:08:57\";s:10:\"updated_at\";s:19:\"2026-03-16 10:36:07\";}s:10:\"\0*\0changes\";a:0:{}s:11:\"\0*\0previous\";a:0:{}s:8:\"\0*\0casts\";a:0:{}s:17:\"\0*\0classCastCache\";a:0:{}s:21:\"\0*\0attributeCastCache\";a:0:{}s:13:\"\0*\0dateFormat\";N;s:10:\"\0*\0appends\";a:0:{}s:19:\"\0*\0dispatchesEvents\";a:0:{}s:14:\"\0*\0observables\";a:0:{}s:12:\"\0*\0relations\";a:0:{}s:10:\"\0*\0touches\";a:0:{}s:27:\"\0*\0relationAutoloadCallback\";N;s:26:\"\0*\0relationAutoloadContext\";N;s:10:\"timestamps\";b:1;s:13:\"usesUniqueIds\";b:0;s:9:\"\0*\0hidden\";a:0:{}s:10:\"\0*\0visible\";a:0:{}s:11:\"\0*\0fillable\";a:8:{i:0;s:5:\"title\";i:1;s:3:\"url\";i:2;s:9:\"parent_id\";i:3;s:7:\"page_id\";i:4;s:5:\"order\";i:5;s:9:\"is_active\";i:6;s:14:\"is_highlighted\";i:7;s:15:\"highlight_color\";}s:10:\"\0*\0guarded\";a:1:{i:0;s:1:\"*\";}}i:3;O:15:\"App\\Models\\Menu\":33:{s:13:\"\0*\0connection\";s:5:\"mysql\";s:8:\"\0*\0table\";s:5:\"menus\";s:13:\"\0*\0primaryKey\";s:2:\"id\";s:10:\"\0*\0keyType\";s:3:\"int\";s:12:\"incrementing\";b:1;s:7:\"\0*\0with\";a:0:{}s:12:\"\0*\0withCount\";a:0:{}s:19:\"preventsLazyLoading\";b:0;s:10:\"\0*\0perPage\";i:15;s:6:\"exists\";b:1;s:18:\"wasRecentlyCreated\";b:0;s:28:\"\0*\0escapeWhenCastingToString\";b:0;s:13:\"\0*\0attributes\";a:11:{s:2:\"id\";i:43;s:5:\"title\";s:15:\"Teacher & Staff\";s:3:\"url\";s:48:\"https://s3.trusteduerp.xyz/op/teacher?insId=1012\";s:7:\"page_id\";N;s:9:\"parent_id\";i:4;s:5:\"order\";i:3;s:9:\"is_active\";i:1;s:14:\"is_highlighted\";i:0;s:15:\"highlight_color\";N;s:10:\"created_at\";s:19:\"2025-12-29 18:11:13\";s:10:\"updated_at\";s:19:\"2026-03-16 10:37:23\";}s:11:\"\0*\0original\";a:11:{s:2:\"id\";i:43;s:5:\"title\";s:15:\"Teacher & Staff\";s:3:\"url\";s:48:\"https://s3.trusteduerp.xyz/op/teacher?insId=1012\";s:7:\"page_id\";N;s:9:\"parent_id\";i:4;s:5:\"order\";i:3;s:9:\"is_active\";i:1;s:14:\"is_highlighted\";i:0;s:15:\"highlight_color\";N;s:10:\"created_at\";s:19:\"2025-12-29 18:11:13\";s:10:\"updated_at\";s:19:\"2026-03-16 10:37:23\";}s:10:\"\0*\0changes\";a:0:{}s:11:\"\0*\0previous\";a:0:{}s:8:\"\0*\0casts\";a:0:{}s:17:\"\0*\0classCastCache\";a:0:{}s:21:\"\0*\0attributeCastCache\";a:0:{}s:13:\"\0*\0dateFormat\";N;s:10:\"\0*\0appends\";a:0:{}s:19:\"\0*\0dispatchesEvents\";a:0:{}s:14:\"\0*\0observables\";a:0:{}s:12:\"\0*\0relations\";a:0:{}s:10:\"\0*\0touches\";a:0:{}s:27:\"\0*\0relationAutoloadCallback\";N;s:26:\"\0*\0relationAutoloadContext\";N;s:10:\"timestamps\";b:1;s:13:\"usesUniqueIds\";b:0;s:9:\"\0*\0hidden\";a:0:{}s:10:\"\0*\0visible\";a:0:{}s:11:\"\0*\0fillable\";a:8:{i:0;s:5:\"title\";i:1;s:3:\"url\";i:2;s:9:\"parent_id\";i:3;s:7:\"page_id\";i:4;s:5:\"order\";i:5;s:9:\"is_active\";i:6;s:14:\"is_highlighted\";i:7;s:15:\"highlight_color\";}s:10:\"\0*\0guarded\";a:1:{i:0;s:1:\"*\";}}}s:28:\"\0*\0escapeWhenCastingToString\";b:0;}}s:10:\"\0*\0touches\";a:0:{}s:27:\"\0*\0relationAutoloadCallback\";N;s:26:\"\0*\0relationAutoloadContext\";N;s:10:\"timestamps\";b:1;s:13:\"usesUniqueIds\";b:0;s:9:\"\0*\0hidden\";a:0:{}s:10:\"\0*\0visible\";a:0:{}s:11:\"\0*\0fillable\";a:8:{i:0;s:5:\"title\";i:1;s:3:\"url\";i:2;s:9:\"parent_id\";i:3;s:7:\"page_id\";i:4;s:5:\"order\";i:5;s:9:\"is_active\";i:6;s:14:\"is_highlighted\";i:7;s:15:\"highlight_color\";}s:10:\"\0*\0guarded\";a:1:{i:0;s:1:\"*\";}}i:3;O:15:\"App\\Models\\Menu\":33:{s:13:\"\0*\0connection\";s:5:\"mysql\";s:8:\"\0*\0table\";s:5:\"menus\";s:13:\"\0*\0primaryKey\";s:2:\"id\";s:10:\"\0*\0keyType\";s:3:\"int\";s:12:\"incrementing\";b:1;s:7:\"\0*\0with\";a:0:{}s:12:\"\0*\0withCount\";a:0:{}s:19:\"preventsLazyLoading\";b:0;s:10:\"\0*\0perPage\";i:15;s:6:\"exists\";b:1;s:18:\"wasRecentlyCreated\";b:0;s:28:\"\0*\0escapeWhenCastingToString\";b:0;s:13:\"\0*\0attributes\";a:11:{s:2:\"id\";i:3;s:5:\"title\";s:8:\"Academic\";s:3:\"url\";N;s:7:\"page_id\";i:25;s:9:\"parent_id\";N;s:5:\"order\";i:3;s:9:\"is_active\";i:1;s:14:\"is_highlighted\";i:0;s:15:\"highlight_color\";N;s:10:\"created_at\";s:19:\"2025-11-22 12:44:21\";s:10:\"updated_at\";s:19:\"2025-12-29 20:37:57\";}s:11:\"\0*\0original\";a:11:{s:2:\"id\";i:3;s:5:\"title\";s:8:\"Academic\";s:3:\"url\";N;s:7:\"page_id\";i:25;s:9:\"parent_id\";N;s:5:\"order\";i:3;s:9:\"is_active\";i:1;s:14:\"is_highlighted\";i:0;s:15:\"highlight_color\";N;s:10:\"created_at\";s:19:\"2025-11-22 12:44:21\";s:10:\"updated_at\";s:19:\"2025-12-29 20:37:57\";}s:10:\"\0*\0changes\";a:0:{}s:11:\"\0*\0previous\";a:0:{}s:8:\"\0*\0casts\";a:0:{}s:17:\"\0*\0classCastCache\";a:0:{}s:21:\"\0*\0attributeCastCache\";a:0:{}s:13:\"\0*\0dateFormat\";N;s:10:\"\0*\0appends\";a:0:{}s:19:\"\0*\0dispatchesEvents\";a:0:{}s:14:\"\0*\0observables\";a:0:{}s:12:\"\0*\0relations\";a:1:{s:8:\"children\";O:39:\"Illuminate\\Database\\Eloquent\\Collection\":2:{s:8:\"\0*\0items\";a:2:{i:0;O:15:\"App\\Models\\Menu\":33:{s:13:\"\0*\0connection\";s:5:\"mysql\";s:8:\"\0*\0table\";s:5:\"menus\";s:13:\"\0*\0primaryKey\";s:2:\"id\";s:10:\"\0*\0keyType\";s:3:\"int\";s:12:\"incrementing\";b:1;s:7:\"\0*\0with\";a:0:{}s:12:\"\0*\0withCount\";a:0:{}s:19:\"preventsLazyLoading\";b:0;s:10:\"\0*\0perPage\";i:15;s:6:\"exists\";b:1;s:18:\"wasRecentlyCreated\";b:0;s:28:\"\0*\0escapeWhenCastingToString\";b:0;s:13:\"\0*\0attributes\";a:11:{s:2:\"id\";i:45;s:5:\"title\";s:8:\"Syllabus\";s:3:\"url\";N;s:7:\"page_id\";i:24;s:9:\"parent_id\";i:3;s:5:\"order\";i:0;s:9:\"is_active\";i:1;s:14:\"is_highlighted\";i:0;s:15:\"highlight_color\";N;s:10:\"created_at\";s:19:\"2025-12-29 20:34:38\";s:10:\"updated_at\";s:19:\"2025-12-29 20:34:38\";}s:11:\"\0*\0original\";a:11:{s:2:\"id\";i:45;s:5:\"title\";s:8:\"Syllabus\";s:3:\"url\";N;s:7:\"page_id\";i:24;s:9:\"parent_id\";i:3;s:5:\"order\";i:0;s:9:\"is_active\";i:1;s:14:\"is_highlighted\";i:0;s:15:\"highlight_color\";N;s:10:\"created_at\";s:19:\"2025-12-29 20:34:38\";s:10:\"updated_at\";s:19:\"2025-12-29 20:34:38\";}s:10:\"\0*\0changes\";a:0:{}s:11:\"\0*\0previous\";a:0:{}s:8:\"\0*\0casts\";a:0:{}s:17:\"\0*\0classCastCache\";a:0:{}s:21:\"\0*\0attributeCastCache\";a:0:{}s:13:\"\0*\0dateFormat\";N;s:10:\"\0*\0appends\";a:0:{}s:19:\"\0*\0dispatchesEvents\";a:0:{}s:14:\"\0*\0observables\";a:0:{}s:12:\"\0*\0relations\";a:0:{}s:10:\"\0*\0touches\";a:0:{}s:27:\"\0*\0relationAutoloadCallback\";N;s:26:\"\0*\0relationAutoloadContext\";N;s:10:\"timestamps\";b:1;s:13:\"usesUniqueIds\";b:0;s:9:\"\0*\0hidden\";a:0:{}s:10:\"\0*\0visible\";a:0:{}s:11:\"\0*\0fillable\";a:8:{i:0;s:5:\"title\";i:1;s:3:\"url\";i:2;s:9:\"parent_id\";i:3;s:7:\"page_id\";i:4;s:5:\"order\";i:5;s:9:\"is_active\";i:6;s:14:\"is_highlighted\";i:7;s:15:\"highlight_color\";}s:10:\"\0*\0guarded\";a:1:{i:0;s:1:\"*\";}}i:1;O:15:\"App\\Models\\Menu\":33:{s:13:\"\0*\0connection\";s:5:\"mysql\";s:8:\"\0*\0table\";s:5:\"menus\";s:13:\"\0*\0primaryKey\";s:2:\"id\";s:10:\"\0*\0keyType\";s:3:\"int\";s:12:\"incrementing\";b:1;s:7:\"\0*\0with\";a:0:{}s:12:\"\0*\0withCount\";a:0:{}s:19:\"preventsLazyLoading\";b:0;s:10:\"\0*\0perPage\";i:15;s:6:\"exists\";b:1;s:18:\"wasRecentlyCreated\";b:0;s:28:\"\0*\0escapeWhenCastingToString\";b:0;s:13:\"\0*\0attributes\";a:11:{s:2:\"id\";i:46;s:5:\"title\";s:13:\"Class Routine\";s:3:\"url\";s:1:\"#\";s:7:\"page_id\";N;s:9:\"parent_id\";i:3;s:5:\"order\";i:2;s:9:\"is_active\";i:1;s:14:\"is_highlighted\";i:0;s:15:\"highlight_color\";N;s:10:\"created_at\";s:19:\"2025-12-29 20:35:28\";s:10:\"updated_at\";s:19:\"2025-12-29 20:35:28\";}s:11:\"\0*\0original\";a:11:{s:2:\"id\";i:46;s:5:\"title\";s:13:\"Class Routine\";s:3:\"url\";s:1:\"#\";s:7:\"page_id\";N;s:9:\"parent_id\";i:3;s:5:\"order\";i:2;s:9:\"is_active\";i:1;s:14:\"is_highlighted\";i:0;s:15:\"highlight_color\";N;s:10:\"created_at\";s:19:\"2025-12-29 20:35:28\";s:10:\"updated_at\";s:19:\"2025-12-29 20:35:28\";}s:10:\"\0*\0changes\";a:0:{}s:11:\"\0*\0previous\";a:0:{}s:8:\"\0*\0casts\";a:0:{}s:17:\"\0*\0classCastCache\";a:0:{}s:21:\"\0*\0attributeCastCache\";a:0:{}s:13:\"\0*\0dateFormat\";N;s:10:\"\0*\0appends\";a:0:{}s:19:\"\0*\0dispatchesEvents\";a:0:{}s:14:\"\0*\0observables\";a:0:{}s:12:\"\0*\0relations\";a:0:{}s:10:\"\0*\0touches\";a:0:{}s:27:\"\0*\0relationAutoloadCallback\";N;s:26:\"\0*\0relationAutoloadContext\";N;s:10:\"timestamps\";b:1;s:13:\"usesUniqueIds\";b:0;s:9:\"\0*\0hidden\";a:0:{}s:10:\"\0*\0visible\";a:0:{}s:11:\"\0*\0fillable\";a:8:{i:0;s:5:\"title\";i:1;s:3:\"url\";i:2;s:9:\"parent_id\";i:3;s:7:\"page_id\";i:4;s:5:\"order\";i:5;s:9:\"is_active\";i:6;s:14:\"is_highlighted\";i:7;s:15:\"highlight_color\";}s:10:\"\0*\0guarded\";a:1:{i:0;s:1:\"*\";}}}s:28:\"\0*\0escapeWhenCastingToString\";b:0;}}s:10:\"\0*\0touches\";a:0:{}s:27:\"\0*\0relationAutoloadCallback\";N;s:26:\"\0*\0relationAutoloadContext\";N;s:10:\"timestamps\";b:1;s:13:\"usesUniqueIds\";b:0;s:9:\"\0*\0hidden\";a:0:{}s:10:\"\0*\0visible\";a:0:{}s:11:\"\0*\0fillable\";a:8:{i:0;s:5:\"title\";i:1;s:3:\"url\";i:2;s:9:\"parent_id\";i:3;s:7:\"page_id\";i:4;s:5:\"order\";i:5;s:9:\"is_active\";i:6;s:14:\"is_highlighted\";i:7;s:15:\"highlight_color\";}s:10:\"\0*\0guarded\";a:1:{i:0;s:1:\"*\";}}i:4;O:15:\"App\\Models\\Menu\":33:{s:13:\"\0*\0connection\";s:5:\"mysql\";s:8:\"\0*\0table\";s:5:\"menus\";s:13:\"\0*\0primaryKey\";s:2:\"id\";s:10:\"\0*\0keyType\";s:3:\"int\";s:12:\"incrementing\";b:1;s:7:\"\0*\0with\";a:0:{}s:12:\"\0*\0withCount\";a:0:{}s:19:\"preventsLazyLoading\";b:0;s:10:\"\0*\0perPage\";i:15;s:6:\"exists\";b:1;s:18:\"wasRecentlyCreated\";b:0;s:28:\"\0*\0escapeWhenCastingToString\";b:0;s:13:\"\0*\0attributes\";a:11:{s:2:\"id\";i:6;s:5:\"title\";s:9:\"Admission\";s:3:\"url\";N;s:7:\"page_id\";i:27;s:9:\"parent_id\";N;s:5:\"order\";i:6;s:9:\"is_active\";i:1;s:14:\"is_highlighted\";i:0;s:15:\"highlight_color\";N;s:10:\"created_at\";s:19:\"2025-11-22 12:44:21\";s:10:\"updated_at\";s:19:\"2025-12-29 20:57:05\";}s:11:\"\0*\0original\";a:11:{s:2:\"id\";i:6;s:5:\"title\";s:9:\"Admission\";s:3:\"url\";N;s:7:\"page_id\";i:27;s:9:\"parent_id\";N;s:5:\"order\";i:6;s:9:\"is_active\";i:1;s:14:\"is_highlighted\";i:0;s:15:\"highlight_color\";N;s:10:\"created_at\";s:19:\"2025-11-22 12:44:21\";s:10:\"updated_at\";s:19:\"2025-12-29 20:57:05\";}s:10:\"\0*\0changes\";a:0:{}s:11:\"\0*\0previous\";a:0:{}s:8:\"\0*\0casts\";a:0:{}s:17:\"\0*\0classCastCache\";a:0:{}s:21:\"\0*\0attributeCastCache\";a:0:{}s:13:\"\0*\0dateFormat\";N;s:10:\"\0*\0appends\";a:0:{}s:19:\"\0*\0dispatchesEvents\";a:0:{}s:14:\"\0*\0observables\";a:0:{}s:12:\"\0*\0relations\";a:1:{s:8:\"children\";O:39:\"Illuminate\\Database\\Eloquent\\Collection\":2:{s:8:\"\0*\0items\";a:3:{i:0;O:15:\"App\\Models\\Menu\":33:{s:13:\"\0*\0connection\";s:5:\"mysql\";s:8:\"\0*\0table\";s:5:\"menus\";s:13:\"\0*\0primaryKey\";s:2:\"id\";s:10:\"\0*\0keyType\";s:3:\"int\";s:12:\"incrementing\";b:1;s:7:\"\0*\0with\";a:0:{}s:12:\"\0*\0withCount\";a:0:{}s:19:\"preventsLazyLoading\";b:0;s:10:\"\0*\0perPage\";i:15;s:6:\"exists\";b:1;s:18:\"wasRecentlyCreated\";b:0;s:28:\"\0*\0escapeWhenCastingToString\";b:0;s:13:\"\0*\0attributes\";a:11:{s:2:\"id\";i:48;s:5:\"title\";s:18:\"Admission Circular\";s:3:\"url\";N;s:7:\"page_id\";N;s:9:\"parent_id\";i:6;s:5:\"order\";i:1;s:9:\"is_active\";i:1;s:14:\"is_highlighted\";i:0;s:15:\"highlight_color\";N;s:10:\"created_at\";s:19:\"2025-12-29 20:54:07\";s:10:\"updated_at\";s:19:\"2025-12-29 20:55:55\";}s:11:\"\0*\0original\";a:11:{s:2:\"id\";i:48;s:5:\"title\";s:18:\"Admission Circular\";s:3:\"url\";N;s:7:\"page_id\";N;s:9:\"parent_id\";i:6;s:5:\"order\";i:1;s:9:\"is_active\";i:1;s:14:\"is_highlighted\";i:0;s:15:\"highlight_color\";N;s:10:\"created_at\";s:19:\"2025-12-29 20:54:07\";s:10:\"updated_at\";s:19:\"2025-12-29 20:55:55\";}s:10:\"\0*\0changes\";a:0:{}s:11:\"\0*\0previous\";a:0:{}s:8:\"\0*\0casts\";a:0:{}s:17:\"\0*\0classCastCache\";a:0:{}s:21:\"\0*\0attributeCastCache\";a:0:{}s:13:\"\0*\0dateFormat\";N;s:10:\"\0*\0appends\";a:0:{}s:19:\"\0*\0dispatchesEvents\";a:0:{}s:14:\"\0*\0observables\";a:0:{}s:12:\"\0*\0relations\";a:0:{}s:10:\"\0*\0touches\";a:0:{}s:27:\"\0*\0relationAutoloadCallback\";N;s:26:\"\0*\0relationAutoloadContext\";N;s:10:\"timestamps\";b:1;s:13:\"usesUniqueIds\";b:0;s:9:\"\0*\0hidden\";a:0:{}s:10:\"\0*\0visible\";a:0:{}s:11:\"\0*\0fillable\";a:8:{i:0;s:5:\"title\";i:1;s:3:\"url\";i:2;s:9:\"parent_id\";i:3;s:7:\"page_id\";i:4;s:5:\"order\";i:5;s:9:\"is_active\";i:6;s:14:\"is_highlighted\";i:7;s:15:\"highlight_color\";}s:10:\"\0*\0guarded\";a:1:{i:0;s:1:\"*\";}}i:1;O:15:\"App\\Models\\Menu\":33:{s:13:\"\0*\0connection\";s:5:\"mysql\";s:8:\"\0*\0table\";s:5:\"menus\";s:13:\"\0*\0primaryKey\";s:2:\"id\";s:10:\"\0*\0keyType\";s:3:\"int\";s:12:\"incrementing\";b:1;s:7:\"\0*\0with\";a:0:{}s:12:\"\0*\0withCount\";a:0:{}s:19:\"preventsLazyLoading\";b:0;s:10:\"\0*\0perPage\";i:15;s:6:\"exists\";b:1;s:18:\"wasRecentlyCreated\";b:0;s:28:\"\0*\0escapeWhenCastingToString\";b:0;s:13:\"\0*\0attributes\";a:11:{s:2:\"id\";i:50;s:5:\"title\";s:16:\"Online Admission\";s:3:\"url\";s:57:\"https://admission.trusteduerp.xyz/op/admission?insId=-100\";s:7:\"page_id\";N;s:9:\"parent_id\";i:6;s:5:\"order\";i:1;s:9:\"is_active\";i:1;s:14:\"is_highlighted\";i:0;s:15:\"highlight_color\";N;s:10:\"created_at\";s:19:\"2025-12-29 20:58:20\";s:10:\"updated_at\";s:19:\"2026-03-26 10:34:18\";}s:11:\"\0*\0original\";a:11:{s:2:\"id\";i:50;s:5:\"title\";s:16:\"Online Admission\";s:3:\"url\";s:57:\"https://admission.trusteduerp.xyz/op/admission?insId=-100\";s:7:\"page_id\";N;s:9:\"parent_id\";i:6;s:5:\"order\";i:1;s:9:\"is_active\";i:1;s:14:\"is_highlighted\";i:0;s:15:\"highlight_color\";N;s:10:\"created_at\";s:19:\"2025-12-29 20:58:20\";s:10:\"updated_at\";s:19:\"2026-03-26 10:34:18\";}s:10:\"\0*\0changes\";a:0:{}s:11:\"\0*\0previous\";a:0:{}s:8:\"\0*\0casts\";a:0:{}s:17:\"\0*\0classCastCache\";a:0:{}s:21:\"\0*\0attributeCastCache\";a:0:{}s:13:\"\0*\0dateFormat\";N;s:10:\"\0*\0appends\";a:0:{}s:19:\"\0*\0dispatchesEvents\";a:0:{}s:14:\"\0*\0observables\";a:0:{}s:12:\"\0*\0relations\";a:0:{}s:10:\"\0*\0touches\";a:0:{}s:27:\"\0*\0relationAutoloadCallback\";N;s:26:\"\0*\0relationAutoloadContext\";N;s:10:\"timestamps\";b:1;s:13:\"usesUniqueIds\";b:0;s:9:\"\0*\0hidden\";a:0:{}s:10:\"\0*\0visible\";a:0:{}s:11:\"\0*\0fillable\";a:8:{i:0;s:5:\"title\";i:1;s:3:\"url\";i:2;s:9:\"parent_id\";i:3;s:7:\"page_id\";i:4;s:5:\"order\";i:5;s:9:\"is_active\";i:6;s:14:\"is_highlighted\";i:7;s:15:\"highlight_color\";}s:10:\"\0*\0guarded\";a:1:{i:0;s:1:\"*\";}}i:2;O:15:\"App\\Models\\Menu\":33:{s:13:\"\0*\0connection\";s:5:\"mysql\";s:8:\"\0*\0table\";s:5:\"menus\";s:13:\"\0*\0primaryKey\";s:2:\"id\";s:10:\"\0*\0keyType\";s:3:\"int\";s:12:\"incrementing\";b:1;s:7:\"\0*\0with\";a:0:{}s:12:\"\0*\0withCount\";a:0:{}s:19:\"preventsLazyLoading\";b:0;s:10:\"\0*\0perPage\";i:15;s:6:\"exists\";b:1;s:18:\"wasRecentlyCreated\";b:0;s:28:\"\0*\0escapeWhenCastingToString\";b:0;s:13:\"\0*\0attributes\";a:11:{s:2:\"id\";i:49;s:5:\"title\";s:10:\"Prospectus\";s:3:\"url\";N;s:7:\"page_id\";i:27;s:9:\"parent_id\";i:6;s:5:\"order\";i:2;s:9:\"is_active\";i:1;s:14:\"is_highlighted\";i:0;s:15:\"highlight_color\";N;s:10:\"created_at\";s:19:\"2025-12-29 20:57:26\";s:10:\"updated_at\";s:19:\"2025-12-29 20:57:26\";}s:11:\"\0*\0original\";a:11:{s:2:\"id\";i:49;s:5:\"title\";s:10:\"Prospectus\";s:3:\"url\";N;s:7:\"page_id\";i:27;s:9:\"parent_id\";i:6;s:5:\"order\";i:2;s:9:\"is_active\";i:1;s:14:\"is_highlighted\";i:0;s:15:\"highlight_color\";N;s:10:\"created_at\";s:19:\"2025-12-29 20:57:26\";s:10:\"updated_at\";s:19:\"2025-12-29 20:57:26\";}s:10:\"\0*\0changes\";a:0:{}s:11:\"\0*\0previous\";a:0:{}s:8:\"\0*\0casts\";a:0:{}s:17:\"\0*\0classCastCache\";a:0:{}s:21:\"\0*\0attributeCastCache\";a:0:{}s:13:\"\0*\0dateFormat\";N;s:10:\"\0*\0appends\";a:0:{}s:19:\"\0*\0dispatchesEvents\";a:0:{}s:14:\"\0*\0observables\";a:0:{}s:12:\"\0*\0relations\";a:0:{}s:10:\"\0*\0touches\";a:0:{}s:27:\"\0*\0relationAutoloadCallback\";N;s:26:\"\0*\0relationAutoloadContext\";N;s:10:\"timestamps\";b:1;s:13:\"usesUniqueIds\";b:0;s:9:\"\0*\0hidden\";a:0:{}s:10:\"\0*\0visible\";a:0:{}s:11:\"\0*\0fillable\";a:8:{i:0;s:5:\"title\";i:1;s:3:\"url\";i:2;s:9:\"parent_id\";i:3;s:7:\"page_id\";i:4;s:5:\"order\";i:5;s:9:\"is_active\";i:6;s:14:\"is_highlighted\";i:7;s:15:\"highlight_color\";}s:10:\"\0*\0guarded\";a:1:{i:0;s:1:\"*\";}}}s:28:\"\0*\0escapeWhenCastingToString\";b:0;}}s:10:\"\0*\0touches\";a:0:{}s:27:\"\0*\0relationAutoloadCallback\";N;s:26:\"\0*\0relationAutoloadContext\";N;s:10:\"timestamps\";b:1;s:13:\"usesUniqueIds\";b:0;s:9:\"\0*\0hidden\";a:0:{}s:10:\"\0*\0visible\";a:0:{}s:11:\"\0*\0fillable\";a:8:{i:0;s:5:\"title\";i:1;s:3:\"url\";i:2;s:9:\"parent_id\";i:3;s:7:\"page_id\";i:4;s:5:\"order\";i:5;s:9:\"is_active\";i:6;s:14:\"is_highlighted\";i:7;s:15:\"highlight_color\";}s:10:\"\0*\0guarded\";a:1:{i:0;s:1:\"*\";}}i:5;O:15:\"App\\Models\\Menu\":33:{s:13:\"\0*\0connection\";s:5:\"mysql\";s:8:\"\0*\0table\";s:5:\"menus\";s:13:\"\0*\0primaryKey\";s:2:\"id\";s:10:\"\0*\0keyType\";s:3:\"int\";s:12:\"incrementing\";b:1;s:7:\"\0*\0with\";a:0:{}s:12:\"\0*\0withCount\";a:0:{}s:19:\"preventsLazyLoading\";b:0;s:10:\"\0*\0perPage\";i:15;s:6:\"exists\";b:1;s:18:\"wasRecentlyCreated\";b:0;s:28:\"\0*\0escapeWhenCastingToString\";b:0;s:13:\"\0*\0attributes\";a:11:{s:2:\"id\";i:9;s:5:\"title\";s:10:\"Facilities\";s:3:\"url\";N;s:7:\"page_id\";i:32;s:9:\"parent_id\";N;s:5:\"order\";i:9;s:9:\"is_active\";i:1;s:14:\"is_highlighted\";i:0;s:15:\"highlight_color\";N;s:10:\"created_at\";s:19:\"2025-11-22 12:44:21\";s:10:\"updated_at\";s:19:\"2025-12-29 23:27:19\";}s:11:\"\0*\0original\";a:11:{s:2:\"id\";i:9;s:5:\"title\";s:10:\"Facilities\";s:3:\"url\";N;s:7:\"page_id\";i:32;s:9:\"parent_id\";N;s:5:\"order\";i:9;s:9:\"is_active\";i:1;s:14:\"is_highlighted\";i:0;s:15:\"highlight_color\";N;s:10:\"created_at\";s:19:\"2025-11-22 12:44:21\";s:10:\"updated_at\";s:19:\"2025-12-29 23:27:19\";}s:10:\"\0*\0changes\";a:0:{}s:11:\"\0*\0previous\";a:0:{}s:8:\"\0*\0casts\";a:0:{}s:17:\"\0*\0classCastCache\";a:0:{}s:21:\"\0*\0attributeCastCache\";a:0:{}s:13:\"\0*\0dateFormat\";N;s:10:\"\0*\0appends\";a:0:{}s:19:\"\0*\0dispatchesEvents\";a:0:{}s:14:\"\0*\0observables\";a:0:{}s:12:\"\0*\0relations\";a:1:{s:8:\"children\";O:39:\"Illuminate\\Database\\Eloquent\\Collection\":2:{s:8:\"\0*\0items\";a:3:{i:0;O:15:\"App\\Models\\Menu\":33:{s:13:\"\0*\0connection\";s:5:\"mysql\";s:8:\"\0*\0table\";s:5:\"menus\";s:13:\"\0*\0primaryKey\";s:2:\"id\";s:10:\"\0*\0keyType\";s:3:\"int\";s:12:\"incrementing\";b:1;s:7:\"\0*\0with\";a:0:{}s:12:\"\0*\0withCount\";a:0:{}s:19:\"preventsLazyLoading\";b:0;s:10:\"\0*\0perPage\";i:15;s:6:\"exists\";b:1;s:18:\"wasRecentlyCreated\";b:0;s:28:\"\0*\0escapeWhenCastingToString\";b:0;s:13:\"\0*\0attributes\";a:11:{s:2:\"id\";i:55;s:5:\"title\";s:21:\"Multimedia Class Room\";s:3:\"url\";N;s:7:\"page_id\";i:28;s:9:\"parent_id\";i:9;s:5:\"order\";i:1;s:9:\"is_active\";i:1;s:14:\"is_highlighted\";i:0;s:15:\"highlight_color\";N;s:10:\"created_at\";s:19:\"2025-12-29 23:27:40\";s:10:\"updated_at\";s:19:\"2025-12-29 23:27:40\";}s:11:\"\0*\0original\";a:11:{s:2:\"id\";i:55;s:5:\"title\";s:21:\"Multimedia Class Room\";s:3:\"url\";N;s:7:\"page_id\";i:28;s:9:\"parent_id\";i:9;s:5:\"order\";i:1;s:9:\"is_active\";i:1;s:14:\"is_highlighted\";i:0;s:15:\"highlight_color\";N;s:10:\"created_at\";s:19:\"2025-12-29 23:27:40\";s:10:\"updated_at\";s:19:\"2025-12-29 23:27:40\";}s:10:\"\0*\0changes\";a:0:{}s:11:\"\0*\0previous\";a:0:{}s:8:\"\0*\0casts\";a:0:{}s:17:\"\0*\0classCastCache\";a:0:{}s:21:\"\0*\0attributeCastCache\";a:0:{}s:13:\"\0*\0dateFormat\";N;s:10:\"\0*\0appends\";a:0:{}s:19:\"\0*\0dispatchesEvents\";a:0:{}s:14:\"\0*\0observables\";a:0:{}s:12:\"\0*\0relations\";a:0:{}s:10:\"\0*\0touches\";a:0:{}s:27:\"\0*\0relationAutoloadCallback\";N;s:26:\"\0*\0relationAutoloadContext\";N;s:10:\"timestamps\";b:1;s:13:\"usesUniqueIds\";b:0;s:9:\"\0*\0hidden\";a:0:{}s:10:\"\0*\0visible\";a:0:{}s:11:\"\0*\0fillable\";a:8:{i:0;s:5:\"title\";i:1;s:3:\"url\";i:2;s:9:\"parent_id\";i:3;s:7:\"page_id\";i:4;s:5:\"order\";i:5;s:9:\"is_active\";i:6;s:14:\"is_highlighted\";i:7;s:15:\"highlight_color\";}s:10:\"\0*\0guarded\";a:1:{i:0;s:1:\"*\";}}i:1;O:15:\"App\\Models\\Menu\":33:{s:13:\"\0*\0connection\";s:5:\"mysql\";s:8:\"\0*\0table\";s:5:\"menus\";s:13:\"\0*\0primaryKey\";s:2:\"id\";s:10:\"\0*\0keyType\";s:3:\"int\";s:12:\"incrementing\";b:1;s:7:\"\0*\0with\";a:0:{}s:12:\"\0*\0withCount\";a:0:{}s:19:\"preventsLazyLoading\";b:0;s:10:\"\0*\0perPage\";i:15;s:6:\"exists\";b:1;s:18:\"wasRecentlyCreated\";b:0;s:28:\"\0*\0escapeWhenCastingToString\";b:0;s:13:\"\0*\0attributes\";a:11:{s:2:\"id\";i:58;s:5:\"title\";s:7:\"Library\";s:3:\"url\";N;s:7:\"page_id\";i:31;s:9:\"parent_id\";i:9;s:5:\"order\";i:4;s:9:\"is_active\";i:1;s:14:\"is_highlighted\";i:0;s:15:\"highlight_color\";N;s:10:\"created_at\";s:19:\"2025-12-29 23:28:23\";s:10:\"updated_at\";s:19:\"2025-12-29 23:28:23\";}s:11:\"\0*\0original\";a:11:{s:2:\"id\";i:58;s:5:\"title\";s:7:\"Library\";s:3:\"url\";N;s:7:\"page_id\";i:31;s:9:\"parent_id\";i:9;s:5:\"order\";i:4;s:9:\"is_active\";i:1;s:14:\"is_highlighted\";i:0;s:15:\"highlight_color\";N;s:10:\"created_at\";s:19:\"2025-12-29 23:28:23\";s:10:\"updated_at\";s:19:\"2025-12-29 23:28:23\";}s:10:\"\0*\0changes\";a:0:{}s:11:\"\0*\0previous\";a:0:{}s:8:\"\0*\0casts\";a:0:{}s:17:\"\0*\0classCastCache\";a:0:{}s:21:\"\0*\0attributeCastCache\";a:0:{}s:13:\"\0*\0dateFormat\";N;s:10:\"\0*\0appends\";a:0:{}s:19:\"\0*\0dispatchesEvents\";a:0:{}s:14:\"\0*\0observables\";a:0:{}s:12:\"\0*\0relations\";a:0:{}s:10:\"\0*\0touches\";a:0:{}s:27:\"\0*\0relationAutoloadCallback\";N;s:26:\"\0*\0relationAutoloadContext\";N;s:10:\"timestamps\";b:1;s:13:\"usesUniqueIds\";b:0;s:9:\"\0*\0hidden\";a:0:{}s:10:\"\0*\0visible\";a:0:{}s:11:\"\0*\0fillable\";a:8:{i:0;s:5:\"title\";i:1;s:3:\"url\";i:2;s:9:\"parent_id\";i:3;s:7:\"page_id\";i:4;s:5:\"order\";i:5;s:9:\"is_active\";i:6;s:14:\"is_highlighted\";i:7;s:15:\"highlight_color\";}s:10:\"\0*\0guarded\";a:1:{i:0;s:1:\"*\";}}i:2;O:15:\"App\\Models\\Menu\":33:{s:13:\"\0*\0connection\";s:5:\"mysql\";s:8:\"\0*\0table\";s:5:\"menus\";s:13:\"\0*\0primaryKey\";s:2:\"id\";s:10:\"\0*\0keyType\";s:3:\"int\";s:12:\"incrementing\";b:1;s:7:\"\0*\0with\";a:0:{}s:12:\"\0*\0withCount\";a:0:{}s:19:\"preventsLazyLoading\";b:0;s:10:\"\0*\0perPage\";i:15;s:6:\"exists\";b:1;s:18:\"wasRecentlyCreated\";b:0;s:28:\"\0*\0escapeWhenCastingToString\";b:0;s:13:\"\0*\0attributes\";a:11:{s:2:\"id\";i:59;s:5:\"title\";s:3:\"Lab\";s:3:\"url\";N;s:7:\"page_id\";i:32;s:9:\"parent_id\";i:9;s:5:\"order\";i:5;s:9:\"is_active\";i:1;s:14:\"is_highlighted\";i:0;s:15:\"highlight_color\";N;s:10:\"created_at\";s:19:\"2025-12-29 23:28:39\";s:10:\"updated_at\";s:19:\"2026-03-26 10:23:28\";}s:11:\"\0*\0original\";a:11:{s:2:\"id\";i:59;s:5:\"title\";s:3:\"Lab\";s:3:\"url\";N;s:7:\"page_id\";i:32;s:9:\"parent_id\";i:9;s:5:\"order\";i:5;s:9:\"is_active\";i:1;s:14:\"is_highlighted\";i:0;s:15:\"highlight_color\";N;s:10:\"created_at\";s:19:\"2025-12-29 23:28:39\";s:10:\"updated_at\";s:19:\"2026-03-26 10:23:28\";}s:10:\"\0*\0changes\";a:0:{}s:11:\"\0*\0previous\";a:0:{}s:8:\"\0*\0casts\";a:0:{}s:17:\"\0*\0classCastCache\";a:0:{}s:21:\"\0*\0attributeCastCache\";a:0:{}s:13:\"\0*\0dateFormat\";N;s:10:\"\0*\0appends\";a:0:{}s:19:\"\0*\0dispatchesEvents\";a:0:{}s:14:\"\0*\0observables\";a:0:{}s:12:\"\0*\0relations\";a:0:{}s:10:\"\0*\0touches\";a:0:{}s:27:\"\0*\0relationAutoloadCallback\";N;s:26:\"\0*\0relationAutoloadContext\";N;s:10:\"timestamps\";b:1;s:13:\"usesUniqueIds\";b:0;s:9:\"\0*\0hidden\";a:0:{}s:10:\"\0*\0visible\";a:0:{}s:11:\"\0*\0fillable\";a:8:{i:0;s:5:\"title\";i:1;s:3:\"url\";i:2;s:9:\"parent_id\";i:3;s:7:\"page_id\";i:4;s:5:\"order\";i:5;s:9:\"is_active\";i:6;s:14:\"is_highlighted\";i:7;s:15:\"highlight_color\";}s:10:\"\0*\0guarded\";a:1:{i:0;s:1:\"*\";}}}s:28:\"\0*\0escapeWhenCastingToString\";b:0;}}s:10:\"\0*\0touches\";a:0:{}s:27:\"\0*\0relationAutoloadCallback\";N;s:26:\"\0*\0relationAutoloadContext\";N;s:10:\"timestamps\";b:1;s:13:\"usesUniqueIds\";b:0;s:9:\"\0*\0hidden\";a:0:{}s:10:\"\0*\0visible\";a:0:{}s:11:\"\0*\0fillable\";a:8:{i:0;s:5:\"title\";i:1;s:3:\"url\";i:2;s:9:\"parent_id\";i:3;s:7:\"page_id\";i:4;s:5:\"order\";i:5;s:9:\"is_active\";i:6;s:14:\"is_highlighted\";i:7;s:15:\"highlight_color\";}s:10:\"\0*\0guarded\";a:1:{i:0;s:1:\"*\";}}i:6;O:15:\"App\\Models\\Menu\":33:{s:13:\"\0*\0connection\";s:5:\"mysql\";s:8:\"\0*\0table\";s:5:\"menus\";s:13:\"\0*\0primaryKey\";s:2:\"id\";s:10:\"\0*\0keyType\";s:3:\"int\";s:12:\"incrementing\";b:1;s:7:\"\0*\0with\";a:0:{}s:12:\"\0*\0withCount\";a:0:{}s:19:\"preventsLazyLoading\";b:0;s:10:\"\0*\0perPage\";i:15;s:6:\"exists\";b:1;s:18:\"wasRecentlyCreated\";b:0;s:28:\"\0*\0escapeWhenCastingToString\";b:0;s:13:\"\0*\0attributes\";a:11:{s:2:\"id\";i:53;s:5:\"title\";s:10:\"Online Fee\";s:3:\"url\";s:46:\"https://s3.trusteduerp.xyz/st/login?insId=1012\";s:7:\"page_id\";N;s:9:\"parent_id\";N;s:5:\"order\";i:9;s:9:\"is_active\";i:1;s:14:\"is_highlighted\";i:1;s:15:\"highlight_color\";s:7:\"#dc3545\";s:10:\"created_at\";s:19:\"2025-12-29 22:43:20\";s:10:\"updated_at\";s:19:\"2026-03-26 10:28:31\";}s:11:\"\0*\0original\";a:11:{s:2:\"id\";i:53;s:5:\"title\";s:10:\"Online Fee\";s:3:\"url\";s:46:\"https://s3.trusteduerp.xyz/st/login?insId=1012\";s:7:\"page_id\";N;s:9:\"parent_id\";N;s:5:\"order\";i:9;s:9:\"is_active\";i:1;s:14:\"is_highlighted\";i:1;s:15:\"highlight_color\";s:7:\"#dc3545\";s:10:\"created_at\";s:19:\"2025-12-29 22:43:20\";s:10:\"updated_at\";s:19:\"2026-03-26 10:28:31\";}s:10:\"\0*\0changes\";a:0:{}s:11:\"\0*\0previous\";a:0:{}s:8:\"\0*\0casts\";a:0:{}s:17:\"\0*\0classCastCache\";a:0:{}s:21:\"\0*\0attributeCastCache\";a:0:{}s:13:\"\0*\0dateFormat\";N;s:10:\"\0*\0appends\";a:0:{}s:19:\"\0*\0dispatchesEvents\";a:0:{}s:14:\"\0*\0observables\";a:0:{}s:12:\"\0*\0relations\";a:1:{s:8:\"children\";O:39:\"Illuminate\\Database\\Eloquent\\Collection\":2:{s:8:\"\0*\0items\";a:0:{}s:28:\"\0*\0escapeWhenCastingToString\";b:0;}}s:10:\"\0*\0touches\";a:0:{}s:27:\"\0*\0relationAutoloadCallback\";N;s:26:\"\0*\0relationAutoloadContext\";N;s:10:\"timestamps\";b:1;s:13:\"usesUniqueIds\";b:0;s:9:\"\0*\0hidden\";a:0:{}s:10:\"\0*\0visible\";a:0:{}s:11:\"\0*\0fillable\";a:8:{i:0;s:5:\"title\";i:1;s:3:\"url\";i:2;s:9:\"parent_id\";i:3;s:7:\"page_id\";i:4;s:5:\"order\";i:5;s:9:\"is_active\";i:6;s:14:\"is_highlighted\";i:7;s:15:\"highlight_color\";}s:10:\"\0*\0guarded\";a:1:{i:0;s:1:\"*\";}}i:7;O:15:\"App\\Models\\Menu\":33:{s:13:\"\0*\0connection\";s:5:\"mysql\";s:8:\"\0*\0table\";s:5:\"menus\";s:13:\"\0*\0primaryKey\";s:2:\"id\";s:10:\"\0*\0keyType\";s:3:\"int\";s:12:\"incrementing\";b:1;s:7:\"\0*\0with\";a:0:{}s:12:\"\0*\0withCount\";a:0:{}s:19:\"preventsLazyLoading\";b:0;s:10:\"\0*\0perPage\";i:15;s:6:\"exists\";b:1;s:18:\"wasRecentlyCreated\";b:0;s:28:\"\0*\0escapeWhenCastingToString\";b:0;s:13:\"\0*\0attributes\";a:11:{s:2:\"id\";i:5;s:5:\"title\";s:6:\"Notice\";s:3:\"url\";s:28:\"http://barishal.test/notices\";s:7:\"page_id\";N;s:9:\"parent_id\";N;s:5:\"order\";i:10;s:9:\"is_active\";i:1;s:14:\"is_highlighted\";i:0;s:15:\"highlight_color\";N;s:10:\"created_at\";s:19:\"2025-11-22 12:44:21\";s:10:\"updated_at\";s:19:\"2025-12-09 20:39:16\";}s:11:\"\0*\0original\";a:11:{s:2:\"id\";i:5;s:5:\"title\";s:6:\"Notice\";s:3:\"url\";s:28:\"http://barishal.test/notices\";s:7:\"page_id\";N;s:9:\"parent_id\";N;s:5:\"order\";i:10;s:9:\"is_active\";i:1;s:14:\"is_highlighted\";i:0;s:15:\"highlight_color\";N;s:10:\"created_at\";s:19:\"2025-11-22 12:44:21\";s:10:\"updated_at\";s:19:\"2025-12-09 20:39:16\";}s:10:\"\0*\0changes\";a:0:{}s:11:\"\0*\0previous\";a:0:{}s:8:\"\0*\0casts\";a:0:{}s:17:\"\0*\0classCastCache\";a:0:{}s:21:\"\0*\0attributeCastCache\";a:0:{}s:13:\"\0*\0dateFormat\";N;s:10:\"\0*\0appends\";a:0:{}s:19:\"\0*\0dispatchesEvents\";a:0:{}s:14:\"\0*\0observables\";a:0:{}s:12:\"\0*\0relations\";a:1:{s:8:\"children\";O:39:\"Illuminate\\Database\\Eloquent\\Collection\":2:{s:8:\"\0*\0items\";a:0:{}s:28:\"\0*\0escapeWhenCastingToString\";b:0;}}s:10:\"\0*\0touches\";a:0:{}s:27:\"\0*\0relationAutoloadCallback\";N;s:26:\"\0*\0relationAutoloadContext\";N;s:10:\"timestamps\";b:1;s:13:\"usesUniqueIds\";b:0;s:9:\"\0*\0hidden\";a:0:{}s:10:\"\0*\0visible\";a:0:{}s:11:\"\0*\0fillable\";a:8:{i:0;s:5:\"title\";i:1;s:3:\"url\";i:2;s:9:\"parent_id\";i:3;s:7:\"page_id\";i:4;s:5:\"order\";i:5;s:9:\"is_active\";i:6;s:14:\"is_highlighted\";i:7;s:15:\"highlight_color\";}s:10:\"\0*\0guarded\";a:1:{i:0;s:1:\"*\";}}i:8;O:15:\"App\\Models\\Menu\":33:{s:13:\"\0*\0connection\";s:5:\"mysql\";s:8:\"\0*\0table\";s:5:\"menus\";s:13:\"\0*\0primaryKey\";s:2:\"id\";s:10:\"\0*\0keyType\";s:3:\"int\";s:12:\"incrementing\";b:1;s:7:\"\0*\0with\";a:0:{}s:12:\"\0*\0withCount\";a:0:{}s:19:\"preventsLazyLoading\";b:0;s:10:\"\0*\0perPage\";i:15;s:6:\"exists\";b:1;s:18:\"wasRecentlyCreated\";b:0;s:28:\"\0*\0escapeWhenCastingToString\";b:0;s:13:\"\0*\0attributes\";a:11:{s:2:\"id\";i:34;s:5:\"title\";s:7:\"Gallery\";s:3:\"url\";s:1:\"#\";s:7:\"page_id\";N;s:9:\"parent_id\";N;s:5:\"order\";i:10;s:9:\"is_active\";i:1;s:14:\"is_highlighted\";i:0;s:15:\"highlight_color\";N;s:10:\"created_at\";s:19:\"2025-12-17 13:19:27\";s:10:\"updated_at\";s:19:\"2025-12-17 13:20:26\";}s:11:\"\0*\0original\";a:11:{s:2:\"id\";i:34;s:5:\"title\";s:7:\"Gallery\";s:3:\"url\";s:1:\"#\";s:7:\"page_id\";N;s:9:\"parent_id\";N;s:5:\"order\";i:10;s:9:\"is_active\";i:1;s:14:\"is_highlighted\";i:0;s:15:\"highlight_color\";N;s:10:\"created_at\";s:19:\"2025-12-17 13:19:27\";s:10:\"updated_at\";s:19:\"2025-12-17 13:20:26\";}s:10:\"\0*\0changes\";a:0:{}s:11:\"\0*\0previous\";a:0:{}s:8:\"\0*\0casts\";a:0:{}s:17:\"\0*\0classCastCache\";a:0:{}s:21:\"\0*\0attributeCastCache\";a:0:{}s:13:\"\0*\0dateFormat\";N;s:10:\"\0*\0appends\";a:0:{}s:19:\"\0*\0dispatchesEvents\";a:0:{}s:14:\"\0*\0observables\";a:0:{}s:12:\"\0*\0relations\";a:1:{s:8:\"children\";O:39:\"Illuminate\\Database\\Eloquent\\Collection\":2:{s:8:\"\0*\0items\";a:2:{i:0;O:15:\"App\\Models\\Menu\":33:{s:13:\"\0*\0connection\";s:5:\"mysql\";s:8:\"\0*\0table\";s:5:\"menus\";s:13:\"\0*\0primaryKey\";s:2:\"id\";s:10:\"\0*\0keyType\";s:3:\"int\";s:12:\"incrementing\";b:1;s:7:\"\0*\0with\";a:0:{}s:12:\"\0*\0withCount\";a:0:{}s:19:\"preventsLazyLoading\";b:0;s:10:\"\0*\0perPage\";i:15;s:6:\"exists\";b:1;s:18:\"wasRecentlyCreated\";b:0;s:28:\"\0*\0escapeWhenCastingToString\";b:0;s:13:\"\0*\0attributes\";a:11:{s:2:\"id\";i:35;s:5:\"title\";s:13:\"Photo Gallery\";s:3:\"url\";s:8:\"/gallery\";s:7:\"page_id\";N;s:9:\"parent_id\";i:34;s:5:\"order\";i:1;s:9:\"is_active\";i:1;s:14:\"is_highlighted\";i:0;s:15:\"highlight_color\";N;s:10:\"created_at\";s:19:\"2025-12-17 13:21:20\";s:10:\"updated_at\";s:19:\"2025-12-29 22:57:17\";}s:11:\"\0*\0original\";a:11:{s:2:\"id\";i:35;s:5:\"title\";s:13:\"Photo Gallery\";s:3:\"url\";s:8:\"/gallery\";s:7:\"page_id\";N;s:9:\"parent_id\";i:34;s:5:\"order\";i:1;s:9:\"is_active\";i:1;s:14:\"is_highlighted\";i:0;s:15:\"highlight_color\";N;s:10:\"created_at\";s:19:\"2025-12-17 13:21:20\";s:10:\"updated_at\";s:19:\"2025-12-29 22:57:17\";}s:10:\"\0*\0changes\";a:0:{}s:11:\"\0*\0previous\";a:0:{}s:8:\"\0*\0casts\";a:0:{}s:17:\"\0*\0classCastCache\";a:0:{}s:21:\"\0*\0attributeCastCache\";a:0:{}s:13:\"\0*\0dateFormat\";N;s:10:\"\0*\0appends\";a:0:{}s:19:\"\0*\0dispatchesEvents\";a:0:{}s:14:\"\0*\0observables\";a:0:{}s:12:\"\0*\0relations\";a:0:{}s:10:\"\0*\0touches\";a:0:{}s:27:\"\0*\0relationAutoloadCallback\";N;s:26:\"\0*\0relationAutoloadContext\";N;s:10:\"timestamps\";b:1;s:13:\"usesUniqueIds\";b:0;s:9:\"\0*\0hidden\";a:0:{}s:10:\"\0*\0visible\";a:0:{}s:11:\"\0*\0fillable\";a:8:{i:0;s:5:\"title\";i:1;s:3:\"url\";i:2;s:9:\"parent_id\";i:3;s:7:\"page_id\";i:4;s:5:\"order\";i:5;s:9:\"is_active\";i:6;s:14:\"is_highlighted\";i:7;s:15:\"highlight_color\";}s:10:\"\0*\0guarded\";a:1:{i:0;s:1:\"*\";}}i:1;O:15:\"App\\Models\\Menu\":33:{s:13:\"\0*\0connection\";s:5:\"mysql\";s:8:\"\0*\0table\";s:5:\"menus\";s:13:\"\0*\0primaryKey\";s:2:\"id\";s:10:\"\0*\0keyType\";s:3:\"int\";s:12:\"incrementing\";b:1;s:7:\"\0*\0with\";a:0:{}s:12:\"\0*\0withCount\";a:0:{}s:19:\"preventsLazyLoading\";b:0;s:10:\"\0*\0perPage\";i:15;s:6:\"exists\";b:1;s:18:\"wasRecentlyCreated\";b:0;s:28:\"\0*\0escapeWhenCastingToString\";b:0;s:13:\"\0*\0attributes\";a:11:{s:2:\"id\";i:36;s:5:\"title\";s:13:\"Video Gallery\";s:3:\"url\";s:34:\"http://barishal.test/video-gallery\";s:7:\"page_id\";N;s:9:\"parent_id\";i:34;s:5:\"order\";i:2;s:9:\"is_active\";i:1;s:14:\"is_highlighted\";i:0;s:15:\"highlight_color\";N;s:10:\"created_at\";s:19:\"2025-12-17 13:22:47\";s:10:\"updated_at\";s:19:\"2025-12-17 13:22:47\";}s:11:\"\0*\0original\";a:11:{s:2:\"id\";i:36;s:5:\"title\";s:13:\"Video Gallery\";s:3:\"url\";s:34:\"http://barishal.test/video-gallery\";s:7:\"page_id\";N;s:9:\"parent_id\";i:34;s:5:\"order\";i:2;s:9:\"is_active\";i:1;s:14:\"is_highlighted\";i:0;s:15:\"highlight_color\";N;s:10:\"created_at\";s:19:\"2025-12-17 13:22:47\";s:10:\"updated_at\";s:19:\"2025-12-17 13:22:47\";}s:10:\"\0*\0changes\";a:0:{}s:11:\"\0*\0previous\";a:0:{}s:8:\"\0*\0casts\";a:0:{}s:17:\"\0*\0classCastCache\";a:0:{}s:21:\"\0*\0attributeCastCache\";a:0:{}s:13:\"\0*\0dateFormat\";N;s:10:\"\0*\0appends\";a:0:{}s:19:\"\0*\0dispatchesEvents\";a:0:{}s:14:\"\0*\0observables\";a:0:{}s:12:\"\0*\0relations\";a:0:{}s:10:\"\0*\0touches\";a:0:{}s:27:\"\0*\0relationAutoloadCallback\";N;s:26:\"\0*\0relationAutoloadContext\";N;s:10:\"timestamps\";b:1;s:13:\"usesUniqueIds\";b:0;s:9:\"\0*\0hidden\";a:0:{}s:10:\"\0*\0visible\";a:0:{}s:11:\"\0*\0fillable\";a:8:{i:0;s:5:\"title\";i:1;s:3:\"url\";i:2;s:9:\"parent_id\";i:3;s:7:\"page_id\";i:4;s:5:\"order\";i:5;s:9:\"is_active\";i:6;s:14:\"is_highlighted\";i:7;s:15:\"highlight_color\";}s:10:\"\0*\0guarded\";a:1:{i:0;s:1:\"*\";}}}s:28:\"\0*\0escapeWhenCastingToString\";b:0;}}s:10:\"\0*\0touches\";a:0:{}s:27:\"\0*\0relationAutoloadCallback\";N;s:26:\"\0*\0relationAutoloadContext\";N;s:10:\"timestamps\";b:1;s:13:\"usesUniqueIds\";b:0;s:9:\"\0*\0hidden\";a:0:{}s:10:\"\0*\0visible\";a:0:{}s:11:\"\0*\0fillable\";a:8:{i:0;s:5:\"title\";i:1;s:3:\"url\";i:2;s:9:\"parent_id\";i:3;s:7:\"page_id\";i:4;s:5:\"order\";i:5;s:9:\"is_active\";i:6;s:14:\"is_highlighted\";i:7;s:15:\"highlight_color\";}s:10:\"\0*\0guarded\";a:1:{i:0;s:1:\"*\";}}i:9;O:15:\"App\\Models\\Menu\":33:{s:13:\"\0*\0connection\";s:5:\"mysql\";s:8:\"\0*\0table\";s:5:\"menus\";s:13:\"\0*\0primaryKey\";s:2:\"id\";s:10:\"\0*\0keyType\";s:3:\"int\";s:12:\"incrementing\";b:1;s:7:\"\0*\0with\";a:0:{}s:12:\"\0*\0withCount\";a:0:{}s:19:\"preventsLazyLoading\";b:0;s:10:\"\0*\0perPage\";i:15;s:6:\"exists\";b:1;s:18:\"wasRecentlyCreated\";b:0;s:28:\"\0*\0escapeWhenCastingToString\";b:0;s:13:\"\0*\0attributes\";a:11:{s:2:\"id\";i:51;s:5:\"title\";s:7:\"Library\";s:3:\"url\";s:46:\"https://s3.trusteduerp.xyz/st/login?insId=1012\";s:7:\"page_id\";N;s:9:\"parent_id\";N;s:5:\"order\";i:10;s:9:\"is_active\";i:1;s:14:\"is_highlighted\";i:0;s:15:\"highlight_color\";N;s:10:\"created_at\";s:19:\"2025-12-29 22:40:30\";s:10:\"updated_at\";s:19:\"2026-03-26 11:28:18\";}s:11:\"\0*\0original\";a:11:{s:2:\"id\";i:51;s:5:\"title\";s:7:\"Library\";s:3:\"url\";s:46:\"https://s3.trusteduerp.xyz/st/login?insId=1012\";s:7:\"page_id\";N;s:9:\"parent_id\";N;s:5:\"order\";i:10;s:9:\"is_active\";i:1;s:14:\"is_highlighted\";i:0;s:15:\"highlight_color\";N;s:10:\"created_at\";s:19:\"2025-12-29 22:40:30\";s:10:\"updated_at\";s:19:\"2026-03-26 11:28:18\";}s:10:\"\0*\0changes\";a:0:{}s:11:\"\0*\0previous\";a:0:{}s:8:\"\0*\0casts\";a:0:{}s:17:\"\0*\0classCastCache\";a:0:{}s:21:\"\0*\0attributeCastCache\";a:0:{}s:13:\"\0*\0dateFormat\";N;s:10:\"\0*\0appends\";a:0:{}s:19:\"\0*\0dispatchesEvents\";a:0:{}s:14:\"\0*\0observables\";a:0:{}s:12:\"\0*\0relations\";a:1:{s:8:\"children\";O:39:\"Illuminate\\Database\\Eloquent\\Collection\":2:{s:8:\"\0*\0items\";a:1:{i:0;O:15:\"App\\Models\\Menu\":33:{s:13:\"\0*\0connection\";s:5:\"mysql\";s:8:\"\0*\0table\";s:5:\"menus\";s:13:\"\0*\0primaryKey\";s:2:\"id\";s:10:\"\0*\0keyType\";s:3:\"int\";s:12:\"incrementing\";b:1;s:7:\"\0*\0with\";a:0:{}s:12:\"\0*\0withCount\";a:0:{}s:19:\"preventsLazyLoading\";b:0;s:10:\"\0*\0perPage\";i:15;s:6:\"exists\";b:1;s:18:\"wasRecentlyCreated\";b:0;s:28:\"\0*\0escapeWhenCastingToString\";b:0;s:13:\"\0*\0attributes\";a:11:{s:2:\"id\";i:52;s:5:\"title\";s:14:\"School Library\";s:3:\"url\";s:48:\"https://s3.trusteduerp.xyz/op/library?insId=1018\";s:7:\"page_id\";N;s:9:\"parent_id\";i:51;s:5:\"order\";i:1;s:9:\"is_active\";i:1;s:14:\"is_highlighted\";i:0;s:15:\"highlight_color\";N;s:10:\"created_at\";s:19:\"2025-12-29 22:42:05\";s:10:\"updated_at\";s:19:\"2025-12-29 22:42:05\";}s:11:\"\0*\0original\";a:11:{s:2:\"id\";i:52;s:5:\"title\";s:14:\"School Library\";s:3:\"url\";s:48:\"https://s3.trusteduerp.xyz/op/library?insId=1018\";s:7:\"page_id\";N;s:9:\"parent_id\";i:51;s:5:\"order\";i:1;s:9:\"is_active\";i:1;s:14:\"is_highlighted\";i:0;s:15:\"highlight_color\";N;s:10:\"created_at\";s:19:\"2025-12-29 22:42:05\";s:10:\"updated_at\";s:19:\"2025-12-29 22:42:05\";}s:10:\"\0*\0changes\";a:0:{}s:11:\"\0*\0previous\";a:0:{}s:8:\"\0*\0casts\";a:0:{}s:17:\"\0*\0classCastCache\";a:0:{}s:21:\"\0*\0attributeCastCache\";a:0:{}s:13:\"\0*\0dateFormat\";N;s:10:\"\0*\0appends\";a:0:{}s:19:\"\0*\0dispatchesEvents\";a:0:{}s:14:\"\0*\0observables\";a:0:{}s:12:\"\0*\0relations\";a:0:{}s:10:\"\0*\0touches\";a:0:{}s:27:\"\0*\0relationAutoloadCallback\";N;s:26:\"\0*\0relationAutoloadContext\";N;s:10:\"timestamps\";b:1;s:13:\"usesUniqueIds\";b:0;s:9:\"\0*\0hidden\";a:0:{}s:10:\"\0*\0visible\";a:0:{}s:11:\"\0*\0fillable\";a:8:{i:0;s:5:\"title\";i:1;s:3:\"url\";i:2;s:9:\"parent_id\";i:3;s:7:\"page_id\";i:4;s:5:\"order\";i:5;s:9:\"is_active\";i:6;s:14:\"is_highlighted\";i:7;s:15:\"highlight_color\";}s:10:\"\0*\0guarded\";a:1:{i:0;s:1:\"*\";}}}s:28:\"\0*\0escapeWhenCastingToString\";b:0;}}s:10:\"\0*\0touches\";a:0:{}s:27:\"\0*\0relationAutoloadCallback\";N;s:26:\"\0*\0relationAutoloadContext\";N;s:10:\"timestamps\";b:1;s:13:\"usesUniqueIds\";b:0;s:9:\"\0*\0hidden\";a:0:{}s:10:\"\0*\0visible\";a:0:{}s:11:\"\0*\0fillable\";a:8:{i:0;s:5:\"title\";i:1;s:3:\"url\";i:2;s:9:\"parent_id\";i:3;s:7:\"page_id\";i:4;s:5:\"order\";i:5;s:9:\"is_active\";i:6;s:14:\"is_highlighted\";i:7;s:15:\"highlight_color\";}s:10:\"\0*\0guarded\";a:1:{i:0;s:1:\"*\";}}i:10;O:15:\"App\\Models\\Menu\":33:{s:13:\"\0*\0connection\";s:5:\"mysql\";s:8:\"\0*\0table\";s:5:\"menus\";s:13:\"\0*\0primaryKey\";s:2:\"id\";s:10:\"\0*\0keyType\";s:3:\"int\";s:12:\"incrementing\";b:1;s:7:\"\0*\0with\";a:0:{}s:12:\"\0*\0withCount\";a:0:{}s:19:\"preventsLazyLoading\";b:0;s:10:\"\0*\0perPage\";i:15;s:6:\"exists\";b:1;s:18:\"wasRecentlyCreated\";b:0;s:28:\"\0*\0escapeWhenCastingToString\";b:0;s:13:\"\0*\0attributes\";a:11:{s:2:\"id\";i:66;s:5:\"title\";s:5:\"LOGIN\";s:3:\"url\";s:1:\"#\";s:7:\"page_id\";N;s:9:\"parent_id\";N;s:5:\"order\";i:15;s:9:\"is_active\";i:1;s:14:\"is_highlighted\";i:0;s:15:\"highlight_color\";N;s:10:\"created_at\";s:19:\"2026-03-26 10:30:38\";s:10:\"updated_at\";s:19:\"2026-03-26 10:30:38\";}s:11:\"\0*\0original\";a:11:{s:2:\"id\";i:66;s:5:\"title\";s:5:\"LOGIN\";s:3:\"url\";s:1:\"#\";s:7:\"page_id\";N;s:9:\"parent_id\";N;s:5:\"order\";i:15;s:9:\"is_active\";i:1;s:14:\"is_highlighted\";i:0;s:15:\"highlight_color\";N;s:10:\"created_at\";s:19:\"2026-03-26 10:30:38\";s:10:\"updated_at\";s:19:\"2026-03-26 10:30:38\";}s:10:\"\0*\0changes\";a:0:{}s:11:\"\0*\0previous\";a:0:{}s:8:\"\0*\0casts\";a:0:{}s:17:\"\0*\0classCastCache\";a:0:{}s:21:\"\0*\0attributeCastCache\";a:0:{}s:13:\"\0*\0dateFormat\";N;s:10:\"\0*\0appends\";a:0:{}s:19:\"\0*\0dispatchesEvents\";a:0:{}s:14:\"\0*\0observables\";a:0:{}s:12:\"\0*\0relations\";a:1:{s:8:\"children\";O:39:\"Illuminate\\Database\\Eloquent\\Collection\":2:{s:8:\"\0*\0items\";a:2:{i:0;O:15:\"App\\Models\\Menu\":33:{s:13:\"\0*\0connection\";s:5:\"mysql\";s:8:\"\0*\0table\";s:5:\"menus\";s:13:\"\0*\0primaryKey\";s:2:\"id\";s:10:\"\0*\0keyType\";s:3:\"int\";s:12:\"incrementing\";b:1;s:7:\"\0*\0with\";a:0:{}s:12:\"\0*\0withCount\";a:0:{}s:19:\"preventsLazyLoading\";b:0;s:10:\"\0*\0perPage\";i:15;s:6:\"exists\";b:1;s:18:\"wasRecentlyCreated\";b:0;s:28:\"\0*\0escapeWhenCastingToString\";b:0;s:13:\"\0*\0attributes\";a:11:{s:2:\"id\";i:67;s:5:\"title\";s:14:\"Software Login\";s:3:\"url\";s:26:\"https://s3.trusteduerp.xyz\";s:7:\"page_id\";N;s:9:\"parent_id\";i:66;s:5:\"order\";i:1;s:9:\"is_active\";i:1;s:14:\"is_highlighted\";i:0;s:15:\"highlight_color\";N;s:10:\"created_at\";s:19:\"2026-03-26 10:31:17\";s:10:\"updated_at\";s:19:\"2026-03-26 10:31:17\";}s:11:\"\0*\0original\";a:11:{s:2:\"id\";i:67;s:5:\"title\";s:14:\"Software Login\";s:3:\"url\";s:26:\"https://s3.trusteduerp.xyz\";s:7:\"page_id\";N;s:9:\"parent_id\";i:66;s:5:\"order\";i:1;s:9:\"is_active\";i:1;s:14:\"is_highlighted\";i:0;s:15:\"highlight_color\";N;s:10:\"created_at\";s:19:\"2026-03-26 10:31:17\";s:10:\"updated_at\";s:19:\"2026-03-26 10:31:17\";}s:10:\"\0*\0changes\";a:0:{}s:11:\"\0*\0previous\";a:0:{}s:8:\"\0*\0casts\";a:0:{}s:17:\"\0*\0classCastCache\";a:0:{}s:21:\"\0*\0attributeCastCache\";a:0:{}s:13:\"\0*\0dateFormat\";N;s:10:\"\0*\0appends\";a:0:{}s:19:\"\0*\0dispatchesEvents\";a:0:{}s:14:\"\0*\0observables\";a:0:{}s:12:\"\0*\0relations\";a:0:{}s:10:\"\0*\0touches\";a:0:{}s:27:\"\0*\0relationAutoloadCallback\";N;s:26:\"\0*\0relationAutoloadContext\";N;s:10:\"timestamps\";b:1;s:13:\"usesUniqueIds\";b:0;s:9:\"\0*\0hidden\";a:0:{}s:10:\"\0*\0visible\";a:0:{}s:11:\"\0*\0fillable\";a:8:{i:0;s:5:\"title\";i:1;s:3:\"url\";i:2;s:9:\"parent_id\";i:3;s:7:\"page_id\";i:4;s:5:\"order\";i:5;s:9:\"is_active\";i:6;s:14:\"is_highlighted\";i:7;s:15:\"highlight_color\";}s:10:\"\0*\0guarded\";a:1:{i:0;s:1:\"*\";}}i:1;O:15:\"App\\Models\\Menu\":33:{s:13:\"\0*\0connection\";s:5:\"mysql\";s:8:\"\0*\0table\";s:5:\"menus\";s:13:\"\0*\0primaryKey\";s:2:\"id\";s:10:\"\0*\0keyType\";s:3:\"int\";s:12:\"incrementing\";b:1;s:7:\"\0*\0with\";a:0:{}s:12:\"\0*\0withCount\";a:0:{}s:19:\"preventsLazyLoading\";b:0;s:10:\"\0*\0perPage\";i:15;s:6:\"exists\";b:1;s:18:\"wasRecentlyCreated\";b:0;s:28:\"\0*\0escapeWhenCastingToString\";b:0;s:13:\"\0*\0attributes\";a:11:{s:2:\"id\";i:68;s:5:\"title\";s:13:\"Teacher Login\";s:3:\"url\";s:26:\"https://s3.trusteduerp.xyz\";s:7:\"page_id\";N;s:9:\"parent_id\";i:66;s:5:\"order\";i:2;s:9:\"is_active\";i:1;s:14:\"is_highlighted\";i:0;s:15:\"highlight_color\";N;s:10:\"created_at\";s:19:\"2026-03-26 10:31:43\";s:10:\"updated_at\";s:19:\"2026-03-26 10:31:43\";}s:11:\"\0*\0original\";a:11:{s:2:\"id\";i:68;s:5:\"title\";s:13:\"Teacher Login\";s:3:\"url\";s:26:\"https://s3.trusteduerp.xyz\";s:7:\"page_id\";N;s:9:\"parent_id\";i:66;s:5:\"order\";i:2;s:9:\"is_active\";i:1;s:14:\"is_highlighted\";i:0;s:15:\"highlight_color\";N;s:10:\"created_at\";s:19:\"2026-03-26 10:31:43\";s:10:\"updated_at\";s:19:\"2026-03-26 10:31:43\";}s:10:\"\0*\0changes\";a:0:{}s:11:\"\0*\0previous\";a:0:{}s:8:\"\0*\0casts\";a:0:{}s:17:\"\0*\0classCastCache\";a:0:{}s:21:\"\0*\0attributeCastCache\";a:0:{}s:13:\"\0*\0dateFormat\";N;s:10:\"\0*\0appends\";a:0:{}s:19:\"\0*\0dispatchesEvents\";a:0:{}s:14:\"\0*\0observables\";a:0:{}s:12:\"\0*\0relations\";a:0:{}s:10:\"\0*\0touches\";a:0:{}s:27:\"\0*\0relationAutoloadCallback\";N;s:26:\"\0*\0relationAutoloadContext\";N;s:10:\"timestamps\";b:1;s:13:\"usesUniqueIds\";b:0;s:9:\"\0*\0hidden\";a:0:{}s:10:\"\0*\0visible\";a:0:{}s:11:\"\0*\0fillable\";a:8:{i:0;s:5:\"title\";i:1;s:3:\"url\";i:2;s:9:\"parent_id\";i:3;s:7:\"page_id\";i:4;s:5:\"order\";i:5;s:9:\"is_active\";i:6;s:14:\"is_highlighted\";i:7;s:15:\"highlight_color\";}s:10:\"\0*\0guarded\";a:1:{i:0;s:1:\"*\";}}}s:28:\"\0*\0escapeWhenCastingToString\";b:0;}}s:10:\"\0*\0touches\";a:0:{}s:27:\"\0*\0relationAutoloadCallback\";N;s:26:\"\0*\0relationAutoloadContext\";N;s:10:\"timestamps\";b:1;s:13:\"usesUniqueIds\";b:0;s:9:\"\0*\0hidden\";a:0:{}s:10:\"\0*\0visible\";a:0:{}s:11:\"\0*\0fillable\";a:8:{i:0;s:5:\"title\";i:1;s:3:\"url\";i:2;s:9:\"parent_id\";i:3;s:7:\"page_id\";i:4;s:5:\"order\";i:5;s:9:\"is_active\";i:6;s:14:\"is_highlighted\";i:7;s:15:\"highlight_color\";}s:10:\"\0*\0guarded\";a:1:{i:0;s:1:\"*\";}}}s:28:\"\0*\0escapeWhenCastingToString\";b:0;}', '1774666530');
INSERT INTO `cache` (`key`, `value`, `expiration`) VALUES ('laravel-cache-global.messages', 'O:39:\"Illuminate\\Database\\Eloquent\\Collection\":2:{s:8:\"\0*\0items\";a:2:{i:0;O:18:\"App\\Models\\Message\":33:{s:13:\"\0*\0connection\";s:5:\"mysql\";s:8:\"\0*\0table\";s:8:\"messages\";s:13:\"\0*\0primaryKey\";s:2:\"id\";s:10:\"\0*\0keyType\";s:3:\"int\";s:12:\"incrementing\";b:1;s:7:\"\0*\0with\";a:0:{}s:12:\"\0*\0withCount\";a:0:{}s:19:\"preventsLazyLoading\";b:0;s:10:\"\0*\0perPage\";i:15;s:6:\"exists\";b:1;s:18:\"wasRecentlyCreated\";b:0;s:28:\"\0*\0escapeWhenCastingToString\";b:0;s:13:\"\0*\0attributes\";a:15:{s:2:\"id\";i:5;s:4:\"type\";s:8:\"Chairman\";s:4:\"name\";s:31:\"Brig Gen Kazi Mustafizur Rahman\";s:5:\"title\";s:23:\"Message of the Chairman\";s:4:\"slug\";s:31:\"brig-gen-kazi-mustafizur-rahman\";s:11:\"designation\";s:13:\"SPP, ndc, psc\";s:9:\"image_url\";s:82:\"https://drive.google.com/file/d/1t3hzSL0QTEa3mNzGwa5-enEqwhXw6L8w/view?usp=sharing\";s:5:\"image\";N;s:7:\"message\";s:1369:\"Of being felt the necessity of inserting this message in our web page, I, as the new chairman, governing body of the institution, would say, this institution values the mankind first, respects the genuineness and made the students learn to face the hurdles and to become successful in life. I know the brilliant faculty members who are dedicated to their professionalism and commitment to be a part of the vibrant team of this Alma Mater.\n\nThis institution has a passionate focus on a values-based education that instills honesty, integrity, strong core of tenacity, self-respect, self-belief, compassion and mutual respect into all the students. Those treasures will embellish their capability to contribute beyond the institution into the wider community.\n\nTo attain this noble vision this institution maintain inclusive learning-teaching environment through intensive and effective care exerted to every individual student. Ostensibly, the academic results in recent years reflect its concerted endeavour to materialize her prodigious vision.\n\nThis institution is determined with its unprejudiced, altruistic, inexorable and voluntary approach to improve the professional competence and the development of women in and through our education programs. May Allah continue to bless us and our sacred vision and objective come into reality adorned in our heart and soul.\";s:4:\"link\";N;s:5:\"style\";N;s:5:\"order\";i:1;s:9:\"is_active\";i:1;s:10:\"created_at\";s:19:\"2026-03-13 15:42:51\";s:10:\"updated_at\";s:19:\"2026-03-16 06:16:07\";}s:11:\"\0*\0original\";a:15:{s:2:\"id\";i:5;s:4:\"type\";s:8:\"Chairman\";s:4:\"name\";s:31:\"Brig Gen Kazi Mustafizur Rahman\";s:5:\"title\";s:23:\"Message of the Chairman\";s:4:\"slug\";s:31:\"brig-gen-kazi-mustafizur-rahman\";s:11:\"designation\";s:13:\"SPP, ndc, psc\";s:9:\"image_url\";s:82:\"https://drive.google.com/file/d/1t3hzSL0QTEa3mNzGwa5-enEqwhXw6L8w/view?usp=sharing\";s:5:\"image\";N;s:7:\"message\";s:1369:\"Of being felt the necessity of inserting this message in our web page, I, as the new chairman, governing body of the institution, would say, this institution values the mankind first, respects the genuineness and made the students learn to face the hurdles and to become successful in life. I know the brilliant faculty members who are dedicated to their professionalism and commitment to be a part of the vibrant team of this Alma Mater.\n\nThis institution has a passionate focus on a values-based education that instills honesty, integrity, strong core of tenacity, self-respect, self-belief, compassion and mutual respect into all the students. Those treasures will embellish their capability to contribute beyond the institution into the wider community.\n\nTo attain this noble vision this institution maintain inclusive learning-teaching environment through intensive and effective care exerted to every individual student. Ostensibly, the academic results in recent years reflect its concerted endeavour to materialize her prodigious vision.\n\nThis institution is determined with its unprejudiced, altruistic, inexorable and voluntary approach to improve the professional competence and the development of women in and through our education programs. May Allah continue to bless us and our sacred vision and objective come into reality adorned in our heart and soul.\";s:4:\"link\";N;s:5:\"style\";N;s:5:\"order\";i:1;s:9:\"is_active\";i:1;s:10:\"created_at\";s:19:\"2026-03-13 15:42:51\";s:10:\"updated_at\";s:19:\"2026-03-16 06:16:07\";}s:10:\"\0*\0changes\";a:0:{}s:11:\"\0*\0previous\";a:0:{}s:8:\"\0*\0casts\";a:3:{s:9:\"is_active\";s:7:\"boolean\";s:5:\"order\";s:7:\"integer\";s:5:\"style\";s:5:\"array\";}s:17:\"\0*\0classCastCache\";a:0:{}s:21:\"\0*\0attributeCastCache\";a:0:{}s:13:\"\0*\0dateFormat\";N;s:10:\"\0*\0appends\";a:0:{}s:19:\"\0*\0dispatchesEvents\";a:0:{}s:14:\"\0*\0observables\";a:0:{}s:12:\"\0*\0relations\";a:0:{}s:10:\"\0*\0touches\";a:0:{}s:27:\"\0*\0relationAutoloadCallback\";N;s:26:\"\0*\0relationAutoloadContext\";N;s:10:\"timestamps\";b:1;s:13:\"usesUniqueIds\";b:0;s:9:\"\0*\0hidden\";a:0:{}s:10:\"\0*\0visible\";a:0:{}s:11:\"\0*\0fillable\";a:11:{i:0;s:4:\"type\";i:1;s:4:\"name\";i:2;s:5:\"title\";i:3;s:4:\"slug\";i:4;s:11:\"designation\";i:5;s:9:\"image_url\";i:6;s:7:\"message\";i:7;s:4:\"link\";i:8;s:5:\"style\";i:9;s:5:\"order\";i:10;s:9:\"is_active\";}s:10:\"\0*\0guarded\";a:1:{i:0;s:1:\"*\";}}i:1;O:18:\"App\\Models\\Message\":33:{s:13:\"\0*\0connection\";s:5:\"mysql\";s:8:\"\0*\0table\";s:8:\"messages\";s:13:\"\0*\0primaryKey\";s:2:\"id\";s:10:\"\0*\0keyType\";s:3:\"int\";s:12:\"incrementing\";b:1;s:7:\"\0*\0with\";a:0:{}s:12:\"\0*\0withCount\";a:0:{}s:19:\"preventsLazyLoading\";b:0;s:10:\"\0*\0perPage\";i:15;s:6:\"exists\";b:1;s:18:\"wasRecentlyCreated\";b:0;s:28:\"\0*\0escapeWhenCastingToString\";b:0;s:13:\"\0*\0attributes\";a:15:{s:2:\"id\";i:6;s:4:\"type\";s:9:\"Principal\";s:4:\"name\";s:25:\"Col Md Mamun Azad Salehin\";s:5:\"title\";s:24:\"Message of the Principal\";s:4:\"slug\";s:25:\"col-md-mamun-azad-salehin\";s:11:\"designation\";s:9:\"afwc, psc\";s:9:\"image_url\";s:82:\"https://drive.google.com/file/d/1n2TqEQgQCNmO4cmH68jcLRT0wMYb99lV/view?usp=sharing\";s:5:\"image\";N;s:7:\"message\";s:1739:\"Dhaka Cantonment Girls’ School and College with its rich legacy of nurturing young minds, stands as a beacon of enlightenment and progress in our community. Education is the key to empowerment and transformation. We are committed to leading our institution towards greater heights of excellence and innovation.\n\nIn today\'s fast-paced world, it is imperative that we equip our students with the necessary tools and skills to thrive in the digital age. Through the integration of technology into our teaching and learning processes, we aim to enhance the educational experience and empower our students to become lifelong learners.\n\nFurthermore, our commitment to promoting gender equality and empowerment remains unwavering. With a student body comprising bright young girls from Nursery to Class 12, we are dedicated to fostering an environment where each student can reach her full potential and emerge as a confident, enlightened individual.\n\nAt the heart of our mission lies the goal of nurturing not just academically successful individuals, but also compassionate, socially responsible citizens. We strive to instill in our students the values of tolerance, respect, and inclusivity, thus shaping them into modern, secular citizens who are capable of contributing positively to society.\n\nAs we embark on this journey together, I invite all stakeholders – students, parents, teachers, and staff members – to join hands in realizing our collective vision for the school. Let us work together to create a learning environment that is dynamic, inclusive, and conducive to the holistic development of every student. Together, let us spread the light of knowledge and empowerment, and pave the way for a brighter future for our girls.\";s:4:\"link\";N;s:5:\"style\";N;s:5:\"order\";i:2;s:9:\"is_active\";i:1;s:10:\"created_at\";s:19:\"2026-03-13 15:45:43\";s:10:\"updated_at\";s:19:\"2026-03-16 09:59:02\";}s:11:\"\0*\0original\";a:15:{s:2:\"id\";i:6;s:4:\"type\";s:9:\"Principal\";s:4:\"name\";s:25:\"Col Md Mamun Azad Salehin\";s:5:\"title\";s:24:\"Message of the Principal\";s:4:\"slug\";s:25:\"col-md-mamun-azad-salehin\";s:11:\"designation\";s:9:\"afwc, psc\";s:9:\"image_url\";s:82:\"https://drive.google.com/file/d/1n2TqEQgQCNmO4cmH68jcLRT0wMYb99lV/view?usp=sharing\";s:5:\"image\";N;s:7:\"message\";s:1739:\"Dhaka Cantonment Girls’ School and College with its rich legacy of nurturing young minds, stands as a beacon of enlightenment and progress in our community. Education is the key to empowerment and transformation. We are committed to leading our institution towards greater heights of excellence and innovation.\n\nIn today\'s fast-paced world, it is imperative that we equip our students with the necessary tools and skills to thrive in the digital age. Through the integration of technology into our teaching and learning processes, we aim to enhance the educational experience and empower our students to become lifelong learners.\n\nFurthermore, our commitment to promoting gender equality and empowerment remains unwavering. With a student body comprising bright young girls from Nursery to Class 12, we are dedicated to fostering an environment where each student can reach her full potential and emerge as a confident, enlightened individual.\n\nAt the heart of our mission lies the goal of nurturing not just academically successful individuals, but also compassionate, socially responsible citizens. We strive to instill in our students the values of tolerance, respect, and inclusivity, thus shaping them into modern, secular citizens who are capable of contributing positively to society.\n\nAs we embark on this journey together, I invite all stakeholders – students, parents, teachers, and staff members – to join hands in realizing our collective vision for the school. Let us work together to create a learning environment that is dynamic, inclusive, and conducive to the holistic development of every student. Together, let us spread the light of knowledge and empowerment, and pave the way for a brighter future for our girls.\";s:4:\"link\";N;s:5:\"style\";N;s:5:\"order\";i:2;s:9:\"is_active\";i:1;s:10:\"created_at\";s:19:\"2026-03-13 15:45:43\";s:10:\"updated_at\";s:19:\"2026-03-16 09:59:02\";}s:10:\"\0*\0changes\";a:0:{}s:11:\"\0*\0previous\";a:0:{}s:8:\"\0*\0casts\";a:3:{s:9:\"is_active\";s:7:\"boolean\";s:5:\"order\";s:7:\"integer\";s:5:\"style\";s:5:\"array\";}s:17:\"\0*\0classCastCache\";a:0:{}s:21:\"\0*\0attributeCastCache\";a:0:{}s:13:\"\0*\0dateFormat\";N;s:10:\"\0*\0appends\";a:0:{}s:19:\"\0*\0dispatchesEvents\";a:0:{}s:14:\"\0*\0observables\";a:0:{}s:12:\"\0*\0relations\";a:0:{}s:10:\"\0*\0touches\";a:0:{}s:27:\"\0*\0relationAutoloadCallback\";N;s:26:\"\0*\0relationAutoloadContext\";N;s:10:\"timestamps\";b:1;s:13:\"usesUniqueIds\";b:0;s:9:\"\0*\0hidden\";a:0:{}s:10:\"\0*\0visible\";a:0:{}s:11:\"\0*\0fillable\";a:11:{i:0;s:4:\"type\";i:1;s:4:\"name\";i:2;s:5:\"title\";i:3;s:4:\"slug\";i:4;s:11:\"designation\";i:5;s:9:\"image_url\";i:6;s:7:\"message\";i:7;s:4:\"link\";i:8;s:5:\"style\";i:9;s:5:\"order\";i:10;s:9:\"is_active\";}s:10:\"\0*\0guarded\";a:1:{i:0;s:1:\"*\";}}}s:28:\"\0*\0escapeWhenCastingToString\";b:0;}', '1774666531');
INSERT INTO `cache` (`key`, `value`, `expiration`) VALUES ('laravel-cache-global.notices', 'O:39:\"Illuminate\\Database\\Eloquent\\Collection\":2:{s:8:\"\0*\0items\";a:5:{i:0;O:17:\"App\\Models\\Notice\":33:{s:13:\"\0*\0connection\";s:5:\"mysql\";s:8:\"\0*\0table\";s:7:\"notices\";s:13:\"\0*\0primaryKey\";s:2:\"id\";s:10:\"\0*\0keyType\";s:3:\"int\";s:12:\"incrementing\";b:1;s:7:\"\0*\0with\";a:0:{}s:12:\"\0*\0withCount\";a:0:{}s:19:\"preventsLazyLoading\";b:0;s:10:\"\0*\0perPage\";i:15;s:6:\"exists\";b:1;s:18:\"wasRecentlyCreated\";b:0;s:28:\"\0*\0escapeWhenCastingToString\";b:0;s:13:\"\0*\0attributes\";a:10:{s:2:\"id\";i:22;s:5:\"title\";s:36:\"Teachers Recruitment Circular - 2026\";s:7:\"content\";N;s:4:\"file\";s:82:\"https://drive.google.com/file/d/1iysaHwZA1Kl43OiTssGFcMkWIpHzLLo4/view?usp=sharing\";s:4:\"link\";N;s:7:\"page_id\";i:40;s:12:\"published_at\";s:19:\"2026-02-18 10:03:21\";s:10:\"expires_at\";N;s:10:\"created_at\";s:19:\"2026-03-16 10:04:23\";s:10:\"updated_at\";s:19:\"2026-03-16 10:04:23\";}s:11:\"\0*\0original\";a:10:{s:2:\"id\";i:22;s:5:\"title\";s:36:\"Teachers Recruitment Circular - 2026\";s:7:\"content\";N;s:4:\"file\";s:82:\"https://drive.google.com/file/d/1iysaHwZA1Kl43OiTssGFcMkWIpHzLLo4/view?usp=sharing\";s:4:\"link\";N;s:7:\"page_id\";i:40;s:12:\"published_at\";s:19:\"2026-02-18 10:03:21\";s:10:\"expires_at\";N;s:10:\"created_at\";s:19:\"2026-03-16 10:04:23\";s:10:\"updated_at\";s:19:\"2026-03-16 10:04:23\";}s:10:\"\0*\0changes\";a:0:{}s:11:\"\0*\0previous\";a:0:{}s:8:\"\0*\0casts\";a:2:{s:12:\"published_at\";s:8:\"datetime\";s:10:\"expires_at\";s:8:\"datetime\";}s:17:\"\0*\0classCastCache\";a:0:{}s:21:\"\0*\0attributeCastCache\";a:0:{}s:13:\"\0*\0dateFormat\";N;s:10:\"\0*\0appends\";a:0:{}s:19:\"\0*\0dispatchesEvents\";a:0:{}s:14:\"\0*\0observables\";a:0:{}s:12:\"\0*\0relations\";a:0:{}s:10:\"\0*\0touches\";a:0:{}s:27:\"\0*\0relationAutoloadCallback\";N;s:26:\"\0*\0relationAutoloadContext\";N;s:10:\"timestamps\";b:1;s:13:\"usesUniqueIds\";b:0;s:9:\"\0*\0hidden\";a:0:{}s:10:\"\0*\0visible\";a:0:{}s:11:\"\0*\0fillable\";a:7:{i:0;s:5:\"title\";i:1;s:7:\"content\";i:2;s:4:\"file\";i:3;s:4:\"link\";i:4;s:7:\"page_id\";i:5;s:12:\"published_at\";i:6;s:10:\"expires_at\";}s:10:\"\0*\0guarded\";a:1:{i:0;s:1:\"*\";}}i:1;O:17:\"App\\Models\\Notice\":33:{s:13:\"\0*\0connection\";s:5:\"mysql\";s:8:\"\0*\0table\";s:7:\"notices\";s:13:\"\0*\0primaryKey\";s:2:\"id\";s:10:\"\0*\0keyType\";s:3:\"int\";s:12:\"incrementing\";b:1;s:7:\"\0*\0with\";a:0:{}s:12:\"\0*\0withCount\";a:0:{}s:19:\"preventsLazyLoading\";b:0;s:10:\"\0*\0perPage\";i:15;s:6:\"exists\";b:1;s:18:\"wasRecentlyCreated\";b:0;s:28:\"\0*\0escapeWhenCastingToString\";b:0;s:13:\"\0*\0attributes\";a:10:{s:2:\"id\";i:21;s:5:\"title\";s:21:\"Admission Test - 2026\";s:7:\"content\";N;s:4:\"file\";s:82:\"https://drive.google.com/file/d/1Dxphsa4yUnJfeCyx5WJFvb4y5NreztIT/view?usp=sharing\";s:4:\"link\";N;s:7:\"page_id\";i:39;s:12:\"published_at\";s:19:\"2026-02-18 10:00:56\";s:10:\"expires_at\";N;s:10:\"created_at\";s:19:\"2026-03-16 10:02:11\";s:10:\"updated_at\";s:19:\"2026-03-16 10:03:01\";}s:11:\"\0*\0original\";a:10:{s:2:\"id\";i:21;s:5:\"title\";s:21:\"Admission Test - 2026\";s:7:\"content\";N;s:4:\"file\";s:82:\"https://drive.google.com/file/d/1Dxphsa4yUnJfeCyx5WJFvb4y5NreztIT/view?usp=sharing\";s:4:\"link\";N;s:7:\"page_id\";i:39;s:12:\"published_at\";s:19:\"2026-02-18 10:00:56\";s:10:\"expires_at\";N;s:10:\"created_at\";s:19:\"2026-03-16 10:02:11\";s:10:\"updated_at\";s:19:\"2026-03-16 10:03:01\";}s:10:\"\0*\0changes\";a:0:{}s:11:\"\0*\0previous\";a:0:{}s:8:\"\0*\0casts\";a:2:{s:12:\"published_at\";s:8:\"datetime\";s:10:\"expires_at\";s:8:\"datetime\";}s:17:\"\0*\0classCastCache\";a:0:{}s:21:\"\0*\0attributeCastCache\";a:0:{}s:13:\"\0*\0dateFormat\";N;s:10:\"\0*\0appends\";a:0:{}s:19:\"\0*\0dispatchesEvents\";a:0:{}s:14:\"\0*\0observables\";a:0:{}s:12:\"\0*\0relations\";a:0:{}s:10:\"\0*\0touches\";a:0:{}s:27:\"\0*\0relationAutoloadCallback\";N;s:26:\"\0*\0relationAutoloadContext\";N;s:10:\"timestamps\";b:1;s:13:\"usesUniqueIds\";b:0;s:9:\"\0*\0hidden\";a:0:{}s:10:\"\0*\0visible\";a:0:{}s:11:\"\0*\0fillable\";a:7:{i:0;s:5:\"title\";i:1;s:7:\"content\";i:2;s:4:\"file\";i:3;s:4:\"link\";i:4;s:7:\"page_id\";i:5;s:12:\"published_at\";i:6;s:10:\"expires_at\";}s:10:\"\0*\0guarded\";a:1:{i:0;s:1:\"*\";}}i:2;O:17:\"App\\Models\\Notice\":33:{s:13:\"\0*\0connection\";s:5:\"mysql\";s:8:\"\0*\0table\";s:7:\"notices\";s:13:\"\0*\0primaryKey\";s:2:\"id\";s:10:\"\0*\0keyType\";s:3:\"int\";s:12:\"incrementing\";b:1;s:7:\"\0*\0with\";a:0:{}s:12:\"\0*\0withCount\";a:0:{}s:19:\"preventsLazyLoading\";b:0;s:10:\"\0*\0perPage\";i:15;s:6:\"exists\";b:1;s:18:\"wasRecentlyCreated\";b:0;s:28:\"\0*\0escapeWhenCastingToString\";b:0;s:13:\"\0*\0attributes\";a:10:{s:2:\"id\";i:23;s:5:\"title\";s:31:\"Final Recruitment Result - 2026\";s:7:\"content\";N;s:4:\"file\";s:82:\"https://drive.google.com/file/d/19ESTK63Sn-XM5Yvs0BQZYi3RX5qAs_ly/view?usp=sharing\";s:4:\"link\";N;s:7:\"page_id\";i:41;s:12:\"published_at\";s:19:\"2026-02-10 10:04:23\";s:10:\"expires_at\";N;s:10:\"created_at\";s:19:\"2026-03-16 10:06:00\";s:10:\"updated_at\";s:19:\"2026-03-16 10:06:00\";}s:11:\"\0*\0original\";a:10:{s:2:\"id\";i:23;s:5:\"title\";s:31:\"Final Recruitment Result - 2026\";s:7:\"content\";N;s:4:\"file\";s:82:\"https://drive.google.com/file/d/19ESTK63Sn-XM5Yvs0BQZYi3RX5qAs_ly/view?usp=sharing\";s:4:\"link\";N;s:7:\"page_id\";i:41;s:12:\"published_at\";s:19:\"2026-02-10 10:04:23\";s:10:\"expires_at\";N;s:10:\"created_at\";s:19:\"2026-03-16 10:06:00\";s:10:\"updated_at\";s:19:\"2026-03-16 10:06:00\";}s:10:\"\0*\0changes\";a:0:{}s:11:\"\0*\0previous\";a:0:{}s:8:\"\0*\0casts\";a:2:{s:12:\"published_at\";s:8:\"datetime\";s:10:\"expires_at\";s:8:\"datetime\";}s:17:\"\0*\0classCastCache\";a:0:{}s:21:\"\0*\0attributeCastCache\";a:0:{}s:13:\"\0*\0dateFormat\";N;s:10:\"\0*\0appends\";a:0:{}s:19:\"\0*\0dispatchesEvents\";a:0:{}s:14:\"\0*\0observables\";a:0:{}s:12:\"\0*\0relations\";a:0:{}s:10:\"\0*\0touches\";a:0:{}s:27:\"\0*\0relationAutoloadCallback\";N;s:26:\"\0*\0relationAutoloadContext\";N;s:10:\"timestamps\";b:1;s:13:\"usesUniqueIds\";b:0;s:9:\"\0*\0hidden\";a:0:{}s:10:\"\0*\0visible\";a:0:{}s:11:\"\0*\0fillable\";a:7:{i:0;s:5:\"title\";i:1;s:7:\"content\";i:2;s:4:\"file\";i:3;s:4:\"link\";i:4;s:7:\"page_id\";i:5;s:12:\"published_at\";i:6;s:10:\"expires_at\";}s:10:\"\0*\0guarded\";a:1:{i:0;s:1:\"*\";}}i:3;O:17:\"App\\Models\\Notice\":33:{s:13:\"\0*\0connection\";s:5:\"mysql\";s:8:\"\0*\0table\";s:7:\"notices\";s:13:\"\0*\0primaryKey\";s:2:\"id\";s:10:\"\0*\0keyType\";s:3:\"int\";s:12:\"incrementing\";b:1;s:7:\"\0*\0with\";a:0:{}s:12:\"\0*\0withCount\";a:0:{}s:19:\"preventsLazyLoading\";b:0;s:10:\"\0*\0perPage\";i:15;s:6:\"exists\";b:1;s:18:\"wasRecentlyCreated\";b:0;s:28:\"\0*\0escapeWhenCastingToString\";b:0;s:13:\"\0*\0attributes\";a:10:{s:2:\"id\";i:24;s:5:\"title\";s:35:\"KG - X Seat Plan has been Published\";s:7:\"content\";N;s:4:\"file\";s:82:\"https://drive.google.com/file/d/1mIyanZ6mFdHxrL7ExTj2vigzTf1XNwby/view?usp=sharing\";s:4:\"link\";N;s:7:\"page_id\";i:42;s:12:\"published_at\";s:19:\"2026-01-29 10:06:00\";s:10:\"expires_at\";N;s:10:\"created_at\";s:19:\"2026-03-16 10:11:13\";s:10:\"updated_at\";s:19:\"2026-03-16 10:11:13\";}s:11:\"\0*\0original\";a:10:{s:2:\"id\";i:24;s:5:\"title\";s:35:\"KG - X Seat Plan has been Published\";s:7:\"content\";N;s:4:\"file\";s:82:\"https://drive.google.com/file/d/1mIyanZ6mFdHxrL7ExTj2vigzTf1XNwby/view?usp=sharing\";s:4:\"link\";N;s:7:\"page_id\";i:42;s:12:\"published_at\";s:19:\"2026-01-29 10:06:00\";s:10:\"expires_at\";N;s:10:\"created_at\";s:19:\"2026-03-16 10:11:13\";s:10:\"updated_at\";s:19:\"2026-03-16 10:11:13\";}s:10:\"\0*\0changes\";a:0:{}s:11:\"\0*\0previous\";a:0:{}s:8:\"\0*\0casts\";a:2:{s:12:\"published_at\";s:8:\"datetime\";s:10:\"expires_at\";s:8:\"datetime\";}s:17:\"\0*\0classCastCache\";a:0:{}s:21:\"\0*\0attributeCastCache\";a:0:{}s:13:\"\0*\0dateFormat\";N;s:10:\"\0*\0appends\";a:0:{}s:19:\"\0*\0dispatchesEvents\";a:0:{}s:14:\"\0*\0observables\";a:0:{}s:12:\"\0*\0relations\";a:0:{}s:10:\"\0*\0touches\";a:0:{}s:27:\"\0*\0relationAutoloadCallback\";N;s:26:\"\0*\0relationAutoloadContext\";N;s:10:\"timestamps\";b:1;s:13:\"usesUniqueIds\";b:0;s:9:\"\0*\0hidden\";a:0:{}s:10:\"\0*\0visible\";a:0:{}s:11:\"\0*\0fillable\";a:7:{i:0;s:5:\"title\";i:1;s:7:\"content\";i:2;s:4:\"file\";i:3;s:4:\"link\";i:4;s:7:\"page_id\";i:5;s:12:\"published_at\";i:6;s:10:\"expires_at\";}s:10:\"\0*\0guarded\";a:1:{i:0;s:1:\"*\";}}i:4;O:17:\"App\\Models\\Notice\":33:{s:13:\"\0*\0connection\";s:5:\"mysql\";s:8:\"\0*\0table\";s:7:\"notices\";s:13:\"\0*\0primaryKey\";s:2:\"id\";s:10:\"\0*\0keyType\";s:3:\"int\";s:12:\"incrementing\";b:1;s:7:\"\0*\0with\";a:0:{}s:12:\"\0*\0withCount\";a:0:{}s:19:\"preventsLazyLoading\";b:0;s:10:\"\0*\0perPage\";i:15;s:6:\"exists\";b:1;s:18:\"wasRecentlyCreated\";b:0;s:28:\"\0*\0escapeWhenCastingToString\";b:0;s:13:\"\0*\0attributes\";a:10:{s:2:\"id\";i:25;s:5:\"title\";s:29:\"Teachers Recruitment Circular\";s:7:\"content\";N;s:4:\"file\";s:82:\"https://drive.google.com/file/d/1FrZe6fgiNmfxrFf8ccRdFhKUCiPNP-wS/view?usp=sharing\";s:4:\"link\";N;s:7:\"page_id\";i:43;s:12:\"published_at\";s:19:\"2026-01-19 10:11:13\";s:10:\"expires_at\";N;s:10:\"created_at\";s:19:\"2026-03-16 10:13:06\";s:10:\"updated_at\";s:19:\"2026-03-16 10:13:06\";}s:11:\"\0*\0original\";a:10:{s:2:\"id\";i:25;s:5:\"title\";s:29:\"Teachers Recruitment Circular\";s:7:\"content\";N;s:4:\"file\";s:82:\"https://drive.google.com/file/d/1FrZe6fgiNmfxrFf8ccRdFhKUCiPNP-wS/view?usp=sharing\";s:4:\"link\";N;s:7:\"page_id\";i:43;s:12:\"published_at\";s:19:\"2026-01-19 10:11:13\";s:10:\"expires_at\";N;s:10:\"created_at\";s:19:\"2026-03-16 10:13:06\";s:10:\"updated_at\";s:19:\"2026-03-16 10:13:06\";}s:10:\"\0*\0changes\";a:0:{}s:11:\"\0*\0previous\";a:0:{}s:8:\"\0*\0casts\";a:2:{s:12:\"published_at\";s:8:\"datetime\";s:10:\"expires_at\";s:8:\"datetime\";}s:17:\"\0*\0classCastCache\";a:0:{}s:21:\"\0*\0attributeCastCache\";a:0:{}s:13:\"\0*\0dateFormat\";N;s:10:\"\0*\0appends\";a:0:{}s:19:\"\0*\0dispatchesEvents\";a:0:{}s:14:\"\0*\0observables\";a:0:{}s:12:\"\0*\0relations\";a:0:{}s:10:\"\0*\0touches\";a:0:{}s:27:\"\0*\0relationAutoloadCallback\";N;s:26:\"\0*\0relationAutoloadContext\";N;s:10:\"timestamps\";b:1;s:13:\"usesUniqueIds\";b:0;s:9:\"\0*\0hidden\";a:0:{}s:10:\"\0*\0visible\";a:0:{}s:11:\"\0*\0fillable\";a:7:{i:0;s:5:\"title\";i:1;s:7:\"content\";i:2;s:4:\"file\";i:3;s:4:\"link\";i:4;s:7:\"page_id\";i:5;s:12:\"published_at\";i:6;s:10:\"expires_at\";}s:10:\"\0*\0guarded\";a:1:{i:0;s:1:\"*\";}}}s:28:\"\0*\0escapeWhenCastingToString\";b:0;}', '1774664730');
INSERT INTO `cache` (`key`, `value`, `expiration`) VALUES ('laravel-cache-global.settings', 'O:29:\"Illuminate\\Support\\Collection\":2:{s:8:\"\0*\0items\";a:40:{s:9:\"site_name\";s:40:\"RAMU CANTONMENT ENGLISH SCHOOL & COLLEGE\";s:12:\"site_tagline\";s:31:\"Discipline, Knowledge, Morality\";s:5:\"phone\";s:14:\"+8801769026044\";s:5:\"email\";s:18:\"info@bacpsc.edu.bd\";s:7:\"address\";s:29:\"Barishal Cantonment, Barishal\";s:8:\"facebook\";s:1:\"#\";s:7:\"youtube\";s:1:\"#\";s:4:\"logo\";s:65:\"https://bacpsc.edu.bd/wp-content/uploads/2024/10/barisal-logo.png\";s:16:\"site_name_bangla\";s:110:\"বরিশাল ক্যান্টনমেন্ট পাবলিক স্কুল ও কলেজ\";s:4:\"eiin\";s:32:\"Barishal Cantonment, EIIN:136998\";s:16:\"erecruitment_url\";s:54:\"https://admission.trusteduerp.xyz/job/apply?insId=1006\";s:20:\"online_admission_url\";s:39:\"https://bacpsc.edu.bd/online-admission/\";s:14:\"online_fee_url\";s:46:\"https://s2.trusteduerp.xyz/st/login?insId=1006\";s:17:\"sidebar_header_bg\";s:7:\"#0f3d3e\";s:15:\"sidebar_body_bg\";s:7:\"#1a4d2e\";s:19:\"sidebar_title_color\";s:7:\"#ffc107\";s:18:\"sidebar_text_color\";s:7:\"#ffffff\";s:14:\"sidebar_btn_bg\";s:7:\"#28a745\";s:22:\"sidebar_btn_text_color\";s:7:\"#0d9100\";s:20:\"sidebar_aspect_ratio\";s:3:\"3/4\";s:19:\"sidebar_image_width\";s:2:\"70\";s:22:\"sidebar_image_position\";s:10:\"top center\";s:17:\"sidebar_image_fit\";s:5:\"cover\";s:21:\"sidebar_border_radius\";s:4:\"20px\";s:20:\"sidebar_border_width\";s:3:\"5px\";s:20:\"sidebar_border_color\";s:7:\"#ffffff\";s:23:\"sidebar_title_font_size\";s:6:\"1.1rem\";s:23:\"sidebar_desig_font_size\";s:8:\"0.875rem\";s:20:\"sidebar_card_padding\";s:4:\"1rem\";s:18:\"menu_card_template\";s:10:\"template_2\";s:14:\"info_header_bg\";s:7:\"#0f3d3e\";s:12:\"info_body_bg\";s:7:\"#1a4d2e\";s:15:\"info_text_color\";s:7:\"#ffc107\";s:15:\"info_icon_color\";s:7:\"#ffc107\";s:17:\"info_border_color\";s:22:\"rgba(255, 193, 7, 0.3)\";s:16:\"notice_header_bg\";s:7:\"#0f3d3e\";s:14:\"notice_body_bg\";s:7:\"#f0f8f0\";s:18:\"notice_title_color\";s:7:\"#0066cc\";s:17:\"notice_date_color\";s:7:\"#dc3545\";s:19:\"admin_tutorial_link\";s:49:\"https://www.youtube.com/watch?v=NNwgrHdrseM&t=24s\";}s:28:\"\0*\0escapeWhenCastingToString\";b:0;}', '1774666525');
INSERT INTO `cache` (`key`, `value`, `expiration`) VALUES ('laravel-cache-global.sidebar_widgets', 'O:39:\"Illuminate\\Database\\Eloquent\\Collection\":2:{s:8:\"\0*\0items\";a:4:{i:0;O:24:\"App\\Models\\SidebarWidget\":33:{s:13:\"\0*\0connection\";s:5:\"mysql\";s:8:\"\0*\0table\";s:15:\"sidebar_widgets\";s:13:\"\0*\0primaryKey\";s:2:\"id\";s:10:\"\0*\0keyType\";s:3:\"int\";s:12:\"incrementing\";b:1;s:7:\"\0*\0with\";a:0:{}s:12:\"\0*\0withCount\";a:0:{}s:19:\"preventsLazyLoading\";b:0;s:10:\"\0*\0perPage\";i:15;s:6:\"exists\";b:1;s:18:\"wasRecentlyCreated\";b:0;s:28:\"\0*\0escapeWhenCastingToString\";b:0;s:13:\"\0*\0attributes\";a:10:{s:2:\"id\";i:1;s:5:\"title\";s:17:\"Academic Calendar\";s:4:\"type\";s:8:\"calendar\";s:7:\"content\";N;s:9:\"image_url\";N;s:4:\"link\";N;s:5:\"order\";i:1;s:9:\"is_active\";i:1;s:10:\"created_at\";s:19:\"2025-11-22 16:28:43\";s:10:\"updated_at\";s:19:\"2025-11-22 16:28:43\";}s:11:\"\0*\0original\";a:10:{s:2:\"id\";i:1;s:5:\"title\";s:17:\"Academic Calendar\";s:4:\"type\";s:8:\"calendar\";s:7:\"content\";N;s:9:\"image_url\";N;s:4:\"link\";N;s:5:\"order\";i:1;s:9:\"is_active\";i:1;s:10:\"created_at\";s:19:\"2025-11-22 16:28:43\";s:10:\"updated_at\";s:19:\"2025-11-22 16:28:43\";}s:10:\"\0*\0changes\";a:0:{}s:11:\"\0*\0previous\";a:0:{}s:8:\"\0*\0casts\";a:2:{s:9:\"is_active\";s:7:\"boolean\";s:5:\"order\";s:7:\"integer\";}s:17:\"\0*\0classCastCache\";a:0:{}s:21:\"\0*\0attributeCastCache\";a:0:{}s:13:\"\0*\0dateFormat\";N;s:10:\"\0*\0appends\";a:0:{}s:19:\"\0*\0dispatchesEvents\";a:0:{}s:14:\"\0*\0observables\";a:0:{}s:12:\"\0*\0relations\";a:0:{}s:10:\"\0*\0touches\";a:0:{}s:27:\"\0*\0relationAutoloadCallback\";N;s:26:\"\0*\0relationAutoloadContext\";N;s:10:\"timestamps\";b:1;s:13:\"usesUniqueIds\";b:0;s:9:\"\0*\0hidden\";a:0:{}s:10:\"\0*\0visible\";a:0:{}s:11:\"\0*\0fillable\";a:7:{i:0;s:5:\"title\";i:1;s:4:\"type\";i:2;s:7:\"content\";i:3;s:9:\"image_url\";i:4;s:4:\"link\";i:5;s:5:\"order\";i:6;s:9:\"is_active\";}s:10:\"\0*\0guarded\";a:1:{i:0;s:1:\"*\";}}i:1;O:24:\"App\\Models\\SidebarWidget\":33:{s:13:\"\0*\0connection\";s:5:\"mysql\";s:8:\"\0*\0table\";s:15:\"sidebar_widgets\";s:13:\"\0*\0primaryKey\";s:2:\"id\";s:10:\"\0*\0keyType\";s:3:\"int\";s:12:\"incrementing\";b:1;s:7:\"\0*\0with\";a:0:{}s:12:\"\0*\0withCount\";a:0:{}s:19:\"preventsLazyLoading\";b:0;s:10:\"\0*\0perPage\";i:15;s:6:\"exists\";b:1;s:18:\"wasRecentlyCreated\";b:0;s:28:\"\0*\0escapeWhenCastingToString\";b:0;s:13:\"\0*\0attributes\";a:10:{s:2:\"id\";i:2;s:5:\"title\";s:5:\"Video\";s:4:\"type\";s:5:\"video\";s:7:\"content\";s:28:\"https://youtu.be/_vfTzbVWAoE\";s:9:\"image_url\";N;s:4:\"link\";N;s:5:\"order\";i:2;s:9:\"is_active\";i:1;s:10:\"created_at\";s:19:\"2025-11-22 16:29:45\";s:10:\"updated_at\";s:19:\"2025-12-29 21:41:03\";}s:11:\"\0*\0original\";a:10:{s:2:\"id\";i:2;s:5:\"title\";s:5:\"Video\";s:4:\"type\";s:5:\"video\";s:7:\"content\";s:28:\"https://youtu.be/_vfTzbVWAoE\";s:9:\"image_url\";N;s:4:\"link\";N;s:5:\"order\";i:2;s:9:\"is_active\";i:1;s:10:\"created_at\";s:19:\"2025-11-22 16:29:45\";s:10:\"updated_at\";s:19:\"2025-12-29 21:41:03\";}s:10:\"\0*\0changes\";a:0:{}s:11:\"\0*\0previous\";a:0:{}s:8:\"\0*\0casts\";a:2:{s:9:\"is_active\";s:7:\"boolean\";s:5:\"order\";s:7:\"integer\";}s:17:\"\0*\0classCastCache\";a:0:{}s:21:\"\0*\0attributeCastCache\";a:0:{}s:13:\"\0*\0dateFormat\";N;s:10:\"\0*\0appends\";a:0:{}s:19:\"\0*\0dispatchesEvents\";a:0:{}s:14:\"\0*\0observables\";a:0:{}s:12:\"\0*\0relations\";a:0:{}s:10:\"\0*\0touches\";a:0:{}s:27:\"\0*\0relationAutoloadCallback\";N;s:26:\"\0*\0relationAutoloadContext\";N;s:10:\"timestamps\";b:1;s:13:\"usesUniqueIds\";b:0;s:9:\"\0*\0hidden\";a:0:{}s:10:\"\0*\0visible\";a:0:{}s:11:\"\0*\0fillable\";a:7:{i:0;s:5:\"title\";i:1;s:4:\"type\";i:2;s:7:\"content\";i:3;s:9:\"image_url\";i:4;s:4:\"link\";i:5;s:5:\"order\";i:6;s:9:\"is_active\";}s:10:\"\0*\0guarded\";a:1:{i:0;s:1:\"*\";}}i:2;O:24:\"App\\Models\\SidebarWidget\":33:{s:13:\"\0*\0connection\";s:5:\"mysql\";s:8:\"\0*\0table\";s:15:\"sidebar_widgets\";s:13:\"\0*\0primaryKey\";s:2:\"id\";s:10:\"\0*\0keyType\";s:3:\"int\";s:12:\"incrementing\";b:1;s:7:\"\0*\0with\";a:0:{}s:12:\"\0*\0withCount\";a:0:{}s:19:\"preventsLazyLoading\";b:0;s:10:\"\0*\0perPage\";i:15;s:6:\"exists\";b:1;s:18:\"wasRecentlyCreated\";b:0;s:28:\"\0*\0escapeWhenCastingToString\";b:0;s:13:\"\0*\0attributes\";a:10:{s:2:\"id\";i:4;s:5:\"title\";s:16:\"Publisher Corner\";s:4:\"type\";s:4:\"link\";s:7:\"content\";s:27:\"ম্যাগাজিন\";s:9:\"image_url\";N;s:4:\"link\";s:70:\"https://drive.google.com/file/d/1ZfBTcXcY2nizJ7YlD-lRgTVzJVGkj6Sd/view\";s:5:\"order\";i:4;s:9:\"is_active\";i:1;s:10:\"created_at\";s:19:\"2025-11-22 16:35:59\";s:10:\"updated_at\";s:19:\"2025-11-22 16:44:01\";}s:11:\"\0*\0original\";a:10:{s:2:\"id\";i:4;s:5:\"title\";s:16:\"Publisher Corner\";s:4:\"type\";s:4:\"link\";s:7:\"content\";s:27:\"ম্যাগাজিন\";s:9:\"image_url\";N;s:4:\"link\";s:70:\"https://drive.google.com/file/d/1ZfBTcXcY2nizJ7YlD-lRgTVzJVGkj6Sd/view\";s:5:\"order\";i:4;s:9:\"is_active\";i:1;s:10:\"created_at\";s:19:\"2025-11-22 16:35:59\";s:10:\"updated_at\";s:19:\"2025-11-22 16:44:01\";}s:10:\"\0*\0changes\";a:0:{}s:11:\"\0*\0previous\";a:0:{}s:8:\"\0*\0casts\";a:2:{s:9:\"is_active\";s:7:\"boolean\";s:5:\"order\";s:7:\"integer\";}s:17:\"\0*\0classCastCache\";a:0:{}s:21:\"\0*\0attributeCastCache\";a:0:{}s:13:\"\0*\0dateFormat\";N;s:10:\"\0*\0appends\";a:0:{}s:19:\"\0*\0dispatchesEvents\";a:0:{}s:14:\"\0*\0observables\";a:0:{}s:12:\"\0*\0relations\";a:0:{}s:10:\"\0*\0touches\";a:0:{}s:27:\"\0*\0relationAutoloadCallback\";N;s:26:\"\0*\0relationAutoloadContext\";N;s:10:\"timestamps\";b:1;s:13:\"usesUniqueIds\";b:0;s:9:\"\0*\0hidden\";a:0:{}s:10:\"\0*\0visible\";a:0:{}s:11:\"\0*\0fillable\";a:7:{i:0;s:5:\"title\";i:1;s:4:\"type\";i:2;s:7:\"content\";i:3;s:9:\"image_url\";i:4;s:4:\"link\";i:5;s:5:\"order\";i:6;s:9:\"is_active\";}s:10:\"\0*\0guarded\";a:1:{i:0;s:1:\"*\";}}i:3;O:24:\"App\\Models\\SidebarWidget\":33:{s:13:\"\0*\0connection\";s:5:\"mysql\";s:8:\"\0*\0table\";s:15:\"sidebar_widgets\";s:13:\"\0*\0primaryKey\";s:2:\"id\";s:10:\"\0*\0keyType\";s:3:\"int\";s:12:\"incrementing\";b:1;s:7:\"\0*\0with\";a:0:{}s:12:\"\0*\0withCount\";a:0:{}s:19:\"preventsLazyLoading\";b:0;s:10:\"\0*\0perPage\";i:15;s:6:\"exists\";b:1;s:18:\"wasRecentlyCreated\";b:0;s:28:\"\0*\0escapeWhenCastingToString\";b:0;s:13:\"\0*\0attributes\";a:10:{s:2:\"id\";i:5;s:5:\"title\";s:9:\"Help Line\";s:4:\"type\";s:10:\"image_link\";s:7:\"content\";N;s:9:\"image_url\";s:82:\"https://drive.google.com/file/d/1A3zT4tH3ht3VerOcS2xHruHjIdA4fxmH/view?usp=sharing\";s:4:\"link\";N;s:5:\"order\";i:5;s:9:\"is_active\";i:1;s:10:\"created_at\";s:19:\"2025-11-22 16:37:49\";s:10:\"updated_at\";s:19:\"2025-11-22 16:37:49\";}s:11:\"\0*\0original\";a:10:{s:2:\"id\";i:5;s:5:\"title\";s:9:\"Help Line\";s:4:\"type\";s:10:\"image_link\";s:7:\"content\";N;s:9:\"image_url\";s:82:\"https://drive.google.com/file/d/1A3zT4tH3ht3VerOcS2xHruHjIdA4fxmH/view?usp=sharing\";s:4:\"link\";N;s:5:\"order\";i:5;s:9:\"is_active\";i:1;s:10:\"created_at\";s:19:\"2025-11-22 16:37:49\";s:10:\"updated_at\";s:19:\"2025-11-22 16:37:49\";}s:10:\"\0*\0changes\";a:0:{}s:11:\"\0*\0previous\";a:0:{}s:8:\"\0*\0casts\";a:2:{s:9:\"is_active\";s:7:\"boolean\";s:5:\"order\";s:7:\"integer\";}s:17:\"\0*\0classCastCache\";a:0:{}s:21:\"\0*\0attributeCastCache\";a:0:{}s:13:\"\0*\0dateFormat\";N;s:10:\"\0*\0appends\";a:0:{}s:19:\"\0*\0dispatchesEvents\";a:0:{}s:14:\"\0*\0observables\";a:0:{}s:12:\"\0*\0relations\";a:0:{}s:10:\"\0*\0touches\";a:0:{}s:27:\"\0*\0relationAutoloadCallback\";N;s:26:\"\0*\0relationAutoloadContext\";N;s:10:\"timestamps\";b:1;s:13:\"usesUniqueIds\";b:0;s:9:\"\0*\0hidden\";a:0:{}s:10:\"\0*\0visible\";a:0:{}s:11:\"\0*\0fillable\";a:7:{i:0;s:5:\"title\";i:1;s:4:\"type\";i:2;s:7:\"content\";i:3;s:9:\"image_url\";i:4;s:4:\"link\";i:5;s:5:\"order\";i:6;s:9:\"is_active\";}s:10:\"\0*\0guarded\";a:1:{i:0;s:1:\"*\";}}}s:28:\"\0*\0escapeWhenCastingToString\";b:0;}', '1774666531');
INSERT INTO `cache` (`key`, `value`, `expiration`) VALUES ('laravel-cache-global.sliders', 'O:39:\"Illuminate\\Database\\Eloquent\\Collection\":2:{s:8:\"\0*\0items\";a:3:{i:0;O:17:\"App\\Models\\Slider\":33:{s:13:\"\0*\0connection\";s:5:\"mysql\";s:8:\"\0*\0table\";s:7:\"sliders\";s:13:\"\0*\0primaryKey\";s:2:\"id\";s:10:\"\0*\0keyType\";s:3:\"int\";s:12:\"incrementing\";b:1;s:7:\"\0*\0with\";a:0:{}s:12:\"\0*\0withCount\";a:0:{}s:19:\"preventsLazyLoading\";b:0;s:10:\"\0*\0perPage\";i:15;s:6:\"exists\";b:1;s:18:\"wasRecentlyCreated\";b:0;s:28:\"\0*\0escapeWhenCastingToString\";b:0;s:13:\"\0*\0attributes\";a:10:{s:2:\"id\";i:5;s:5:\"title\";s:12:\"Science Fair\";s:9:\"image_url\";s:82:\"https://drive.google.com/file/d/1sE946CA5ZTaF4Ojqflxbt4_zPn-W62mk/view?usp=sharing\";s:4:\"link\";N;s:14:\"image_position\";s:6:\"center\";s:9:\"image_fit\";s:7:\"contain\";s:5:\"order\";i:0;s:9:\"is_active\";i:1;s:10:\"created_at\";s:19:\"2026-03-10 06:36:21\";s:10:\"updated_at\";s:19:\"2026-03-16 09:54:04\";}s:11:\"\0*\0original\";a:10:{s:2:\"id\";i:5;s:5:\"title\";s:12:\"Science Fair\";s:9:\"image_url\";s:82:\"https://drive.google.com/file/d/1sE946CA5ZTaF4Ojqflxbt4_zPn-W62mk/view?usp=sharing\";s:4:\"link\";N;s:14:\"image_position\";s:6:\"center\";s:9:\"image_fit\";s:7:\"contain\";s:5:\"order\";i:0;s:9:\"is_active\";i:1;s:10:\"created_at\";s:19:\"2026-03-10 06:36:21\";s:10:\"updated_at\";s:19:\"2026-03-16 09:54:04\";}s:10:\"\0*\0changes\";a:0:{}s:11:\"\0*\0previous\";a:0:{}s:8:\"\0*\0casts\";a:2:{s:9:\"is_active\";s:7:\"boolean\";s:5:\"order\";s:7:\"integer\";}s:17:\"\0*\0classCastCache\";a:0:{}s:21:\"\0*\0attributeCastCache\";a:0:{}s:13:\"\0*\0dateFormat\";N;s:10:\"\0*\0appends\";a:0:{}s:19:\"\0*\0dispatchesEvents\";a:0:{}s:14:\"\0*\0observables\";a:0:{}s:12:\"\0*\0relations\";a:0:{}s:10:\"\0*\0touches\";a:0:{}s:27:\"\0*\0relationAutoloadCallback\";N;s:26:\"\0*\0relationAutoloadContext\";N;s:10:\"timestamps\";b:1;s:13:\"usesUniqueIds\";b:0;s:9:\"\0*\0hidden\";a:0:{}s:10:\"\0*\0visible\";a:0:{}s:11:\"\0*\0fillable\";a:7:{i:0;s:5:\"title\";i:1;s:9:\"image_url\";i:2;s:4:\"link\";i:3;s:5:\"order\";i:4;s:9:\"is_active\";i:5;s:14:\"image_position\";i:6;s:9:\"image_fit\";}s:10:\"\0*\0guarded\";a:1:{i:0;s:1:\"*\";}}i:1;O:17:\"App\\Models\\Slider\":33:{s:13:\"\0*\0connection\";s:5:\"mysql\";s:8:\"\0*\0table\";s:7:\"sliders\";s:13:\"\0*\0primaryKey\";s:2:\"id\";s:10:\"\0*\0keyType\";s:3:\"int\";s:12:\"incrementing\";b:1;s:7:\"\0*\0with\";a:0:{}s:12:\"\0*\0withCount\";a:0:{}s:19:\"preventsLazyLoading\";b:0;s:10:\"\0*\0perPage\";i:15;s:6:\"exists\";b:1;s:18:\"wasRecentlyCreated\";b:0;s:28:\"\0*\0escapeWhenCastingToString\";b:0;s:13:\"\0*\0attributes\";a:10:{s:2:\"id\";i:6;s:5:\"title\";s:14:\"Champion House\";s:9:\"image_url\";s:82:\"https://drive.google.com/file/d/1hFZVM943jlIX2zxetLTEYeSvhnOOUPsQ/view?usp=sharing\";s:4:\"link\";N;s:14:\"image_position\";s:6:\"center\";s:9:\"image_fit\";s:7:\"contain\";s:5:\"order\";i:0;s:9:\"is_active\";i:1;s:10:\"created_at\";s:19:\"2026-03-16 09:55:49\";s:10:\"updated_at\";s:19:\"2026-03-16 09:55:49\";}s:11:\"\0*\0original\";a:10:{s:2:\"id\";i:6;s:5:\"title\";s:14:\"Champion House\";s:9:\"image_url\";s:82:\"https://drive.google.com/file/d/1hFZVM943jlIX2zxetLTEYeSvhnOOUPsQ/view?usp=sharing\";s:4:\"link\";N;s:14:\"image_position\";s:6:\"center\";s:9:\"image_fit\";s:7:\"contain\";s:5:\"order\";i:0;s:9:\"is_active\";i:1;s:10:\"created_at\";s:19:\"2026-03-16 09:55:49\";s:10:\"updated_at\";s:19:\"2026-03-16 09:55:49\";}s:10:\"\0*\0changes\";a:0:{}s:11:\"\0*\0previous\";a:0:{}s:8:\"\0*\0casts\";a:2:{s:9:\"is_active\";s:7:\"boolean\";s:5:\"order\";s:7:\"integer\";}s:17:\"\0*\0classCastCache\";a:0:{}s:21:\"\0*\0attributeCastCache\";a:0:{}s:13:\"\0*\0dateFormat\";N;s:10:\"\0*\0appends\";a:0:{}s:19:\"\0*\0dispatchesEvents\";a:0:{}s:14:\"\0*\0observables\";a:0:{}s:12:\"\0*\0relations\";a:0:{}s:10:\"\0*\0touches\";a:0:{}s:27:\"\0*\0relationAutoloadCallback\";N;s:26:\"\0*\0relationAutoloadContext\";N;s:10:\"timestamps\";b:1;s:13:\"usesUniqueIds\";b:0;s:9:\"\0*\0hidden\";a:0:{}s:10:\"\0*\0visible\";a:0:{}s:11:\"\0*\0fillable\";a:7:{i:0;s:5:\"title\";i:1;s:9:\"image_url\";i:2;s:4:\"link\";i:3;s:5:\"order\";i:4;s:9:\"is_active\";i:5;s:14:\"image_position\";i:6;s:9:\"image_fit\";}s:10:\"\0*\0guarded\";a:1:{i:0;s:1:\"*\";}}i:2;O:17:\"App\\Models\\Slider\":33:{s:13:\"\0*\0connection\";s:5:\"mysql\";s:8:\"\0*\0table\";s:7:\"sliders\";s:13:\"\0*\0primaryKey\";s:2:\"id\";s:10:\"\0*\0keyType\";s:3:\"int\";s:12:\"incrementing\";b:1;s:7:\"\0*\0with\";a:0:{}s:12:\"\0*\0withCount\";a:0:{}s:19:\"preventsLazyLoading\";b:0;s:10:\"\0*\0perPage\";i:15;s:6:\"exists\";b:1;s:18:\"wasRecentlyCreated\";b:0;s:28:\"\0*\0escapeWhenCastingToString\";b:0;s:13:\"\0*\0attributes\";a:10:{s:2:\"id\";i:1;s:5:\"title\";s:14:\"College Campus\";s:9:\"image_url\";s:82:\"https://drive.google.com/file/d/1Zg2u57qunWNrkt5yAi03qYjGfZGFkqUe/view?usp=sharing\";s:4:\"link\";N;s:14:\"image_position\";s:6:\"center\";s:9:\"image_fit\";s:5:\"cover\";s:5:\"order\";i:1;s:9:\"is_active\";i:1;s:10:\"created_at\";s:19:\"2025-11-22 10:42:45\";s:10:\"updated_at\";s:19:\"2026-03-16 09:54:50\";}s:11:\"\0*\0original\";a:10:{s:2:\"id\";i:1;s:5:\"title\";s:14:\"College Campus\";s:9:\"image_url\";s:82:\"https://drive.google.com/file/d/1Zg2u57qunWNrkt5yAi03qYjGfZGFkqUe/view?usp=sharing\";s:4:\"link\";N;s:14:\"image_position\";s:6:\"center\";s:9:\"image_fit\";s:5:\"cover\";s:5:\"order\";i:1;s:9:\"is_active\";i:1;s:10:\"created_at\";s:19:\"2025-11-22 10:42:45\";s:10:\"updated_at\";s:19:\"2026-03-16 09:54:50\";}s:10:\"\0*\0changes\";a:0:{}s:11:\"\0*\0previous\";a:0:{}s:8:\"\0*\0casts\";a:2:{s:9:\"is_active\";s:7:\"boolean\";s:5:\"order\";s:7:\"integer\";}s:17:\"\0*\0classCastCache\";a:0:{}s:21:\"\0*\0attributeCastCache\";a:0:{}s:13:\"\0*\0dateFormat\";N;s:10:\"\0*\0appends\";a:0:{}s:19:\"\0*\0dispatchesEvents\";a:0:{}s:14:\"\0*\0observables\";a:0:{}s:12:\"\0*\0relations\";a:0:{}s:10:\"\0*\0touches\";a:0:{}s:27:\"\0*\0relationAutoloadCallback\";N;s:26:\"\0*\0relationAutoloadContext\";N;s:10:\"timestamps\";b:1;s:13:\"usesUniqueIds\";b:0;s:9:\"\0*\0hidden\";a:0:{}s:10:\"\0*\0visible\";a:0:{}s:11:\"\0*\0fillable\";a:7:{i:0;s:5:\"title\";i:1;s:9:\"image_url\";i:2;s:4:\"link\";i:3;s:5:\"order\";i:4;s:9:\"is_active\";i:5;s:14:\"image_position\";i:6;s:9:\"image_fit\";}s:10:\"\0*\0guarded\";a:1:{i:0;s:1:\"*\";}}}s:28:\"\0*\0escapeWhenCastingToString\";b:0;}', '1774666530');
INSERT INTO `cache` (`key`, `value`, `expiration`) VALUES ('laravel-cache-global.theme_settings', 'O:23:\"App\\Models\\ThemeSetting\":33:{s:13:\"\0*\0connection\";s:5:\"mysql\";s:8:\"\0*\0table\";s:14:\"theme_settings\";s:13:\"\0*\0primaryKey\";s:2:\"id\";s:10:\"\0*\0keyType\";s:3:\"int\";s:12:\"incrementing\";b:1;s:7:\"\0*\0with\";a:0:{}s:12:\"\0*\0withCount\";a:0:{}s:19:\"preventsLazyLoading\";b:0;s:10:\"\0*\0perPage\";i:15;s:6:\"exists\";b:1;s:18:\"wasRecentlyCreated\";b:0;s:28:\"\0*\0escapeWhenCastingToString\";b:0;s:13:\"\0*\0attributes\";a:31:{s:2:\"id\";i:1;s:17:\"homepage_template\";s:10:\"template_1\";s:13:\"sidebar_title\";s:25:\"তথ্য সমূহ\";s:17:\"news_events_title\";s:13:\"News & Events\";s:18:\"achievements_title\";s:16:\"Our Achievements\";s:17:\"all_notices_title\";s:6:\"Notice\";s:13:\"primary_color\";s:7:\"#134B50\";s:15:\"secondary_color\";s:7:\"#008776\";s:12:\"accent_color\";s:7:\"#e8f5e9\";s:10:\"text_color\";s:7:\"#212121\";s:10:\"link_color\";s:7:\"#00a883\";s:15:\"topbar_bg_color\";s:7:\"#00707d\";s:15:\"header_bg_color\";s:7:\"#003440\";s:15:\"navbar_bg_color\";s:7:\"#144D53\";s:18:\"navbar_hover_color\";s:22:\"rgba(255,255,255,0.15)\";s:15:\"footer_bg_color\";s:7:\"#003440\";s:22:\"footer_bottom_bg_color\";s:7:\"#00707d\";s:13:\"body_bg_color\";s:7:\"#e8f5e9\";s:15:\"ticker_bg_color\";s:7:\"#1A3C40\";s:17:\"ticker_text_color\";s:7:\"#f7dd12\";s:19:\"message_card_design\";s:5:\"solid\";s:21:\"message_card_bg_image\";s:44:\"message-cards/01KD8FEV6Y7DCAAY4GG2B1YKQD.png\";s:28:\"message_card_bg_image_gdrive\";s:82:\"https://drive.google.com/file/d/188f3e1cMyQWEzyduweYY5OY-mAEjEGy6/view?usp=sharing\";s:17:\"card_header_color\";s:7:\"#056b00\";s:20:\"card_name_text_color\";s:7:\"#006108\";s:27:\"card_designation_text_color\";s:7:\"#013003\";s:23:\"card_image_border_color\";s:7:\"#044001\";s:20:\"card_button_bg_color\";s:7:\"#00b89a\";s:22:\"card_button_text_color\";s:7:\"#ffffff\";s:10:\"created_at\";s:19:\"2025-11-22 23:45:32\";s:10:\"updated_at\";s:19:\"2026-03-25 05:34:37\";}s:11:\"\0*\0original\";a:31:{s:2:\"id\";i:1;s:17:\"homepage_template\";s:10:\"template_1\";s:13:\"sidebar_title\";s:25:\"তথ্য সমূহ\";s:17:\"news_events_title\";s:13:\"News & Events\";s:18:\"achievements_title\";s:16:\"Our Achievements\";s:17:\"all_notices_title\";s:6:\"Notice\";s:13:\"primary_color\";s:7:\"#134B50\";s:15:\"secondary_color\";s:7:\"#008776\";s:12:\"accent_color\";s:7:\"#e8f5e9\";s:10:\"text_color\";s:7:\"#212121\";s:10:\"link_color\";s:7:\"#00a883\";s:15:\"topbar_bg_color\";s:7:\"#00707d\";s:15:\"header_bg_color\";s:7:\"#003440\";s:15:\"navbar_bg_color\";s:7:\"#144D53\";s:18:\"navbar_hover_color\";s:22:\"rgba(255,255,255,0.15)\";s:15:\"footer_bg_color\";s:7:\"#003440\";s:22:\"footer_bottom_bg_color\";s:7:\"#00707d\";s:13:\"body_bg_color\";s:7:\"#e8f5e9\";s:15:\"ticker_bg_color\";s:7:\"#1A3C40\";s:17:\"ticker_text_color\";s:7:\"#f7dd12\";s:19:\"message_card_design\";s:5:\"solid\";s:21:\"message_card_bg_image\";s:44:\"message-cards/01KD8FEV6Y7DCAAY4GG2B1YKQD.png\";s:28:\"message_card_bg_image_gdrive\";s:82:\"https://drive.google.com/file/d/188f3e1cMyQWEzyduweYY5OY-mAEjEGy6/view?usp=sharing\";s:17:\"card_header_color\";s:7:\"#056b00\";s:20:\"card_name_text_color\";s:7:\"#006108\";s:27:\"card_designation_text_color\";s:7:\"#013003\";s:23:\"card_image_border_color\";s:7:\"#044001\";s:20:\"card_button_bg_color\";s:7:\"#00b89a\";s:22:\"card_button_text_color\";s:7:\"#ffffff\";s:10:\"created_at\";s:19:\"2025-11-22 23:45:32\";s:10:\"updated_at\";s:19:\"2026-03-25 05:34:37\";}s:10:\"\0*\0changes\";a:0:{}s:11:\"\0*\0previous\";a:0:{}s:8:\"\0*\0casts\";a:0:{}s:17:\"\0*\0classCastCache\";a:0:{}s:21:\"\0*\0attributeCastCache\";a:0:{}s:13:\"\0*\0dateFormat\";N;s:10:\"\0*\0appends\";a:0:{}s:19:\"\0*\0dispatchesEvents\";a:0:{}s:14:\"\0*\0observables\";a:0:{}s:12:\"\0*\0relations\";a:0:{}s:10:\"\0*\0touches\";a:0:{}s:27:\"\0*\0relationAutoloadCallback\";N;s:26:\"\0*\0relationAutoloadContext\";N;s:10:\"timestamps\";b:1;s:13:\"usesUniqueIds\";b:0;s:9:\"\0*\0hidden\";a:0:{}s:10:\"\0*\0visible\";a:0:{}s:11:\"\0*\0fillable\";a:28:{i:0;s:17:\"homepage_template\";i:1;s:13:\"sidebar_title\";i:2;s:17:\"news_events_title\";i:3;s:18:\"achievements_title\";i:4;s:17:\"all_notices_title\";i:5;s:13:\"primary_color\";i:6;s:15:\"secondary_color\";i:7;s:12:\"accent_color\";i:8;s:10:\"text_color\";i:9;s:10:\"link_color\";i:10;s:15:\"topbar_bg_color\";i:11;s:15:\"header_bg_color\";i:12;s:15:\"navbar_bg_color\";i:13;s:18:\"navbar_hover_color\";i:14;s:15:\"footer_bg_color\";i:15;s:22:\"footer_bottom_bg_color\";i:16;s:13:\"body_bg_color\";i:17;s:15:\"ticker_bg_color\";i:18;s:17:\"ticker_text_color\";i:19;s:19:\"message_card_design\";i:20;s:21:\"message_card_bg_image\";i:21;s:28:\"message_card_bg_image_gdrive\";i:22;s:17:\"card_header_color\";i:23;s:20:\"card_name_text_color\";i:24;s:27:\"card_designation_text_color\";i:25;s:23:\"card_image_border_color\";i:26;s:20:\"card_button_bg_color\";i:27;s:22:\"card_button_text_color\";}s:10:\"\0*\0guarded\";a:1:{i:0;s:1:\"*\";}}', '1774666531');
INSERT INTO `cache` (`key`, `value`, `expiration`) VALUES ('laravel-cache-global.welcome_section', 'O:25:\"App\\Models\\WelcomeSection\":33:{s:13:\"\0*\0connection\";s:5:\"mysql\";s:8:\"\0*\0table\";s:16:\"welcome_sections\";s:13:\"\0*\0primaryKey\";s:2:\"id\";s:10:\"\0*\0keyType\";s:3:\"int\";s:12:\"incrementing\";b:1;s:7:\"\0*\0with\";a:0:{}s:12:\"\0*\0withCount\";a:0:{}s:19:\"preventsLazyLoading\";b:0;s:10:\"\0*\0perPage\";i:15;s:6:\"exists\";b:1;s:18:\"wasRecentlyCreated\";b:0;s:28:\"\0*\0escapeWhenCastingToString\";b:0;s:13:\"\0*\0attributes\";a:9:{s:2:\"id\";i:1;s:5:\"title\";s:53:\"Welcome to Dhaka Cantt Girls\' Public School & College\";s:7:\"content\";s:2318:\"Welcome to the website of Dhaka Cantonment Girls’ Public School and College. Our institution is dedicated to nurturing academically accomplished young women with highly developed interpersonal skills and a broad range of interests. We aim to equip our students to compete at the highest levels, both nationally and internationally, alongside the brightest and the best.\nWe are committed to providing excellent teaching and a dynamic program of extracurricular opportunities in a happy, vibrant atmosphere where every girl is encouraged to achieve her full potential. We value your feedback on our development and welcome any ideas for improvement. If you have suggestions, please email us and let us know.\n\nDhaka Cantonment Girls’ Public School & College is one of the most reputed institutions in Dhaka Cantonment. Nestled in a serene and picturesque environment, away from the hustle and bustle of the city, the college embarked on its journey in mid-2005.\nThe college offers both Bangla and English versions of study, allowing students to choose between Science and Business Studies. Each version has its own spacious building, including the pre-primary, school, and college sections. All classrooms are equipped with multimedia projectors and audio systems. Recently, a central public address system was installed for important announcements to students and teachers. Additionally, a large LED display has been installed in the college auditorium for conducting classes, presentations, and cultural programs.\nIn addition to ample classrooms, the college boasts four science laboratories and a well-stocked library. The two computer labs are fully air-conditioned and equipped with modern computers.\n\nThe institution supports extracurricular activities through its 14 clubs, including the Debate Club, English Language Club, Bangla Language and Literature Club, Arabic Language Club, Cultural Club, Sports Club, Science Club, Business Club, Math Olympiad Club, Nature Study Club, ICT Club, Art Club, Taekwondo Club, and Bangladesh National Cadet Corps club. Students are divided into four houses—Taramon Bibi House, Jahanara Imam House, Begum Rokeya House, and Begum Sufia Kamal House—for both academic and extracurricular activities. The institution has achieved remarkable success in a short span of time.\";s:9:\"image_url\";s:82:\"https://drive.google.com/file/d/1Zg2u57qunWNrkt5yAi03qYjGfZGFkqUe/view?usp=sharing\";s:11:\"button_text\";s:8:\"Details \";s:10:\"button_url\";s:29:\"https://bacpsc.edu.bd/details\";s:9:\"is_active\";i:1;s:10:\"created_at\";s:19:\"2025-11-22 19:33:10\";s:10:\"updated_at\";s:19:\"2026-03-16 10:25:55\";}s:11:\"\0*\0original\";a:9:{s:2:\"id\";i:1;s:5:\"title\";s:53:\"Welcome to Dhaka Cantt Girls\' Public School & College\";s:7:\"content\";s:2318:\"Welcome to the website of Dhaka Cantonment Girls’ Public School and College. Our institution is dedicated to nurturing academically accomplished young women with highly developed interpersonal skills and a broad range of interests. We aim to equip our students to compete at the highest levels, both nationally and internationally, alongside the brightest and the best.\nWe are committed to providing excellent teaching and a dynamic program of extracurricular opportunities in a happy, vibrant atmosphere where every girl is encouraged to achieve her full potential. We value your feedback on our development and welcome any ideas for improvement. If you have suggestions, please email us and let us know.\n\nDhaka Cantonment Girls’ Public School & College is one of the most reputed institutions in Dhaka Cantonment. Nestled in a serene and picturesque environment, away from the hustle and bustle of the city, the college embarked on its journey in mid-2005.\nThe college offers both Bangla and English versions of study, allowing students to choose between Science and Business Studies. Each version has its own spacious building, including the pre-primary, school, and college sections. All classrooms are equipped with multimedia projectors and audio systems. Recently, a central public address system was installed for important announcements to students and teachers. Additionally, a large LED display has been installed in the college auditorium for conducting classes, presentations, and cultural programs.\nIn addition to ample classrooms, the college boasts four science laboratories and a well-stocked library. The two computer labs are fully air-conditioned and equipped with modern computers.\n\nThe institution supports extracurricular activities through its 14 clubs, including the Debate Club, English Language Club, Bangla Language and Literature Club, Arabic Language Club, Cultural Club, Sports Club, Science Club, Business Club, Math Olympiad Club, Nature Study Club, ICT Club, Art Club, Taekwondo Club, and Bangladesh National Cadet Corps club. Students are divided into four houses—Taramon Bibi House, Jahanara Imam House, Begum Rokeya House, and Begum Sufia Kamal House—for both academic and extracurricular activities. The institution has achieved remarkable success in a short span of time.\";s:9:\"image_url\";s:82:\"https://drive.google.com/file/d/1Zg2u57qunWNrkt5yAi03qYjGfZGFkqUe/view?usp=sharing\";s:11:\"button_text\";s:8:\"Details \";s:10:\"button_url\";s:29:\"https://bacpsc.edu.bd/details\";s:9:\"is_active\";i:1;s:10:\"created_at\";s:19:\"2025-11-22 19:33:10\";s:10:\"updated_at\";s:19:\"2026-03-16 10:25:55\";}s:10:\"\0*\0changes\";a:0:{}s:11:\"\0*\0previous\";a:0:{}s:8:\"\0*\0casts\";a:1:{s:9:\"is_active\";s:7:\"boolean\";}s:17:\"\0*\0classCastCache\";a:0:{}s:21:\"\0*\0attributeCastCache\";a:0:{}s:13:\"\0*\0dateFormat\";N;s:10:\"\0*\0appends\";a:0:{}s:19:\"\0*\0dispatchesEvents\";a:0:{}s:14:\"\0*\0observables\";a:0:{}s:12:\"\0*\0relations\";a:0:{}s:10:\"\0*\0touches\";a:0:{}s:27:\"\0*\0relationAutoloadCallback\";N;s:26:\"\0*\0relationAutoloadContext\";N;s:10:\"timestamps\";b:1;s:13:\"usesUniqueIds\";b:0;s:9:\"\0*\0hidden\";a:0:{}s:10:\"\0*\0visible\";a:0:{}s:11:\"\0*\0fillable\";a:6:{i:0;s:5:\"title\";i:1;s:7:\"content\";i:2;s:9:\"image_url\";i:3;s:11:\"button_text\";i:4;s:10:\"button_url\";i:5;s:9:\"is_active\";}s:10:\"\0*\0guarded\";a:1:{i:0;s:1:\"*\";}}', '1774666530');
INSERT INTO `cache` (`key`, `value`, `expiration`) VALUES ('laravel-cache-homepage.achievements', 'O:39:\"Illuminate\\Database\\Eloquent\\Collection\":2:{s:8:\"\0*\0items\";a:3:{i:0;O:22:\"App\\Models\\Achievement\":33:{s:13:\"\0*\0connection\";s:5:\"mysql\";s:8:\"\0*\0table\";s:12:\"achievements\";s:13:\"\0*\0primaryKey\";s:2:\"id\";s:10:\"\0*\0keyType\";s:3:\"int\";s:12:\"incrementing\";b:1;s:7:\"\0*\0with\";a:0:{}s:12:\"\0*\0withCount\";a:0:{}s:19:\"preventsLazyLoading\";b:0;s:10:\"\0*\0perPage\";i:15;s:6:\"exists\";b:1;s:18:\"wasRecentlyCreated\";b:0;s:28:\"\0*\0escapeWhenCastingToString\";b:0;s:13:\"\0*\0attributes\";a:6:{s:2:\"id\";i:10;s:5:\"title\";s:33:\"Champion in Debate for Democracy!\";s:4:\"slug\";s:32:\"champion-in-debate-for-democracy\";s:7:\"excerpt\";N;s:9:\"image_url\";s:82:\"https://drive.google.com/file/d/1mfT1C2Fk3No-08x0PVzjo5zjwYesiynU/view?usp=sharing\";s:12:\"published_at\";s:19:\"2025-02-23 05:37:07\";}s:11:\"\0*\0original\";a:6:{s:2:\"id\";i:10;s:5:\"title\";s:33:\"Champion in Debate for Democracy!\";s:4:\"slug\";s:32:\"champion-in-debate-for-democracy\";s:7:\"excerpt\";N;s:9:\"image_url\";s:82:\"https://drive.google.com/file/d/1mfT1C2Fk3No-08x0PVzjo5zjwYesiynU/view?usp=sharing\";s:12:\"published_at\";s:19:\"2025-02-23 05:37:07\";}s:10:\"\0*\0changes\";a:0:{}s:11:\"\0*\0previous\";a:0:{}s:8:\"\0*\0casts\";a:3:{s:9:\"is_active\";s:7:\"boolean\";s:12:\"published_at\";s:8:\"datetime\";s:17:\"additional_images\";s:5:\"array\";}s:17:\"\0*\0classCastCache\";a:0:{}s:21:\"\0*\0attributeCastCache\";a:0:{}s:13:\"\0*\0dateFormat\";N;s:10:\"\0*\0appends\";a:0:{}s:19:\"\0*\0dispatchesEvents\";a:0:{}s:14:\"\0*\0observables\";a:0:{}s:12:\"\0*\0relations\";a:0:{}s:10:\"\0*\0touches\";a:0:{}s:27:\"\0*\0relationAutoloadCallback\";N;s:26:\"\0*\0relationAutoloadContext\";N;s:10:\"timestamps\";b:1;s:13:\"usesUniqueIds\";b:0;s:9:\"\0*\0hidden\";a:0:{}s:10:\"\0*\0visible\";a:0:{}s:11:\"\0*\0fillable\";a:11:{i:0;s:5:\"title\";i:1;s:4:\"slug\";i:2;s:7:\"excerpt\";i:3;s:7:\"content\";i:4;s:24:\"google_drive_folder_link\";i:5;s:9:\"image_url\";i:6;s:17:\"additional_images\";i:7;s:6:\"author\";i:8;s:9:\"is_active\";i:9;s:12:\"published_at\";i:10;s:5:\"order\";}s:10:\"\0*\0guarded\";a:1:{i:0;s:1:\"*\";}}i:1;O:22:\"App\\Models\\Achievement\":33:{s:13:\"\0*\0connection\";s:5:\"mysql\";s:8:\"\0*\0table\";s:12:\"achievements\";s:13:\"\0*\0primaryKey\";s:2:\"id\";s:10:\"\0*\0keyType\";s:3:\"int\";s:12:\"incrementing\";b:1;s:7:\"\0*\0with\";a:0:{}s:12:\"\0*\0withCount\";a:0:{}s:19:\"preventsLazyLoading\";b:0;s:10:\"\0*\0perPage\";i:15;s:6:\"exists\";b:1;s:18:\"wasRecentlyCreated\";b:0;s:28:\"\0*\0escapeWhenCastingToString\";b:0;s:13:\"\0*\0attributes\";a:6:{s:2:\"id\";i:11;s:5:\"title\";s:39:\"National Champion in Wildlife Olympiad!\";s:4:\"slug\";s:38:\"national-champion-in-wildlife-olympiad\";s:7:\"excerpt\";N;s:9:\"image_url\";s:82:\"https://drive.google.com/file/d/1BKEveMoZvlg9DsGp5nlK-3frE0UzTmc9/view?usp=sharing\";s:12:\"published_at\";s:19:\"2024-11-10 00:38:20\";}s:11:\"\0*\0original\";a:6:{s:2:\"id\";i:11;s:5:\"title\";s:39:\"National Champion in Wildlife Olympiad!\";s:4:\"slug\";s:38:\"national-champion-in-wildlife-olympiad\";s:7:\"excerpt\";N;s:9:\"image_url\";s:82:\"https://drive.google.com/file/d/1BKEveMoZvlg9DsGp5nlK-3frE0UzTmc9/view?usp=sharing\";s:12:\"published_at\";s:19:\"2024-11-10 00:38:20\";}s:10:\"\0*\0changes\";a:0:{}s:11:\"\0*\0previous\";a:0:{}s:8:\"\0*\0casts\";a:3:{s:9:\"is_active\";s:7:\"boolean\";s:12:\"published_at\";s:8:\"datetime\";s:17:\"additional_images\";s:5:\"array\";}s:17:\"\0*\0classCastCache\";a:0:{}s:21:\"\0*\0attributeCastCache\";a:0:{}s:13:\"\0*\0dateFormat\";N;s:10:\"\0*\0appends\";a:0:{}s:19:\"\0*\0dispatchesEvents\";a:0:{}s:14:\"\0*\0observables\";a:0:{}s:12:\"\0*\0relations\";a:0:{}s:10:\"\0*\0touches\";a:0:{}s:27:\"\0*\0relationAutoloadCallback\";N;s:26:\"\0*\0relationAutoloadContext\";N;s:10:\"timestamps\";b:1;s:13:\"usesUniqueIds\";b:0;s:9:\"\0*\0hidden\";a:0:{}s:10:\"\0*\0visible\";a:0:{}s:11:\"\0*\0fillable\";a:11:{i:0;s:5:\"title\";i:1;s:4:\"slug\";i:2;s:7:\"excerpt\";i:3;s:7:\"content\";i:4;s:24:\"google_drive_folder_link\";i:5;s:9:\"image_url\";i:6;s:17:\"additional_images\";i:7;s:6:\"author\";i:8;s:9:\"is_active\";i:9;s:12:\"published_at\";i:10;s:5:\"order\";}s:10:\"\0*\0guarded\";a:1:{i:0;s:1:\"*\";}}i:2;O:22:\"App\\Models\\Achievement\":33:{s:13:\"\0*\0connection\";s:5:\"mysql\";s:8:\"\0*\0table\";s:12:\"achievements\";s:13:\"\0*\0primaryKey\";s:2:\"id\";s:10:\"\0*\0keyType\";s:3:\"int\";s:12:\"incrementing\";b:1;s:7:\"\0*\0with\";a:0:{}s:12:\"\0*\0withCount\";a:0:{}s:19:\"preventsLazyLoading\";b:0;s:10:\"\0*\0perPage\";i:15;s:6:\"exists\";b:1;s:18:\"wasRecentlyCreated\";b:0;s:28:\"\0*\0escapeWhenCastingToString\";b:0;s:13:\"\0*\0attributes\";a:6:{s:2:\"id\";i:12;s:5:\"title\";s:31:\"Outstanding Result in HSC 2024!\";s:4:\"slug\";s:30:\"outstanding-result-in-hsc-2024\";s:7:\"excerpt\";N;s:9:\"image_url\";s:82:\"https://drive.google.com/file/d/1ydTYVMiipFx7sZTGYam9qhVH2ZgKQPqH/view?usp=sharing\";s:12:\"published_at\";s:19:\"2024-10-15 05:40:23\";}s:11:\"\0*\0original\";a:6:{s:2:\"id\";i:12;s:5:\"title\";s:31:\"Outstanding Result in HSC 2024!\";s:4:\"slug\";s:30:\"outstanding-result-in-hsc-2024\";s:7:\"excerpt\";N;s:9:\"image_url\";s:82:\"https://drive.google.com/file/d/1ydTYVMiipFx7sZTGYam9qhVH2ZgKQPqH/view?usp=sharing\";s:12:\"published_at\";s:19:\"2024-10-15 05:40:23\";}s:10:\"\0*\0changes\";a:0:{}s:11:\"\0*\0previous\";a:0:{}s:8:\"\0*\0casts\";a:3:{s:9:\"is_active\";s:7:\"boolean\";s:12:\"published_at\";s:8:\"datetime\";s:17:\"additional_images\";s:5:\"array\";}s:17:\"\0*\0classCastCache\";a:0:{}s:21:\"\0*\0attributeCastCache\";a:0:{}s:13:\"\0*\0dateFormat\";N;s:10:\"\0*\0appends\";a:0:{}s:19:\"\0*\0dispatchesEvents\";a:0:{}s:14:\"\0*\0observables\";a:0:{}s:12:\"\0*\0relations\";a:0:{}s:10:\"\0*\0touches\";a:0:{}s:27:\"\0*\0relationAutoloadCallback\";N;s:26:\"\0*\0relationAutoloadContext\";N;s:10:\"timestamps\";b:1;s:13:\"usesUniqueIds\";b:0;s:9:\"\0*\0hidden\";a:0:{}s:10:\"\0*\0visible\";a:0:{}s:11:\"\0*\0fillable\";a:11:{i:0;s:5:\"title\";i:1;s:4:\"slug\";i:2;s:7:\"excerpt\";i:3;s:7:\"content\";i:4;s:24:\"google_drive_folder_link\";i:5;s:9:\"image_url\";i:6;s:17:\"additional_images\";i:7;s:6:\"author\";i:8;s:9:\"is_active\";i:9;s:12:\"published_at\";i:10;s:5:\"order\";}s:10:\"\0*\0guarded\";a:1:{i:0;s:1:\"*\";}}}s:28:\"\0*\0escapeWhenCastingToString\";b:0;}', '1774664740');
INSERT INTO `cache` (`key`, `value`, `expiration`) VALUES ('laravel-cache-homepage.messages', 'O:39:\"Illuminate\\Database\\Eloquent\\Collection\":2:{s:8:\"\0*\0items\";a:2:{i:0;O:18:\"App\\Models\\Message\":33:{s:13:\"\0*\0connection\";s:5:\"mysql\";s:8:\"\0*\0table\";s:8:\"messages\";s:13:\"\0*\0primaryKey\";s:2:\"id\";s:10:\"\0*\0keyType\";s:3:\"int\";s:12:\"incrementing\";b:1;s:7:\"\0*\0with\";a:0:{}s:12:\"\0*\0withCount\";a:0:{}s:19:\"preventsLazyLoading\";b:0;s:10:\"\0*\0perPage\";i:15;s:6:\"exists\";b:1;s:18:\"wasRecentlyCreated\";b:0;s:28:\"\0*\0escapeWhenCastingToString\";b:0;s:13:\"\0*\0attributes\";a:6:{s:2:\"id\";i:5;s:4:\"name\";s:31:\"Brig Gen Kazi Mustafizur Rahman\";s:11:\"designation\";s:13:\"SPP, ndc, psc\";s:7:\"message\";s:1369:\"Of being felt the necessity of inserting this message in our web page, I, as the new chairman, governing body of the institution, would say, this institution values the mankind first, respects the genuineness and made the students learn to face the hurdles and to become successful in life. I know the brilliant faculty members who are dedicated to their professionalism and commitment to be a part of the vibrant team of this Alma Mater.\n\nThis institution has a passionate focus on a values-based education that instills honesty, integrity, strong core of tenacity, self-respect, self-belief, compassion and mutual respect into all the students. Those treasures will embellish their capability to contribute beyond the institution into the wider community.\n\nTo attain this noble vision this institution maintain inclusive learning-teaching environment through intensive and effective care exerted to every individual student. Ostensibly, the academic results in recent years reflect its concerted endeavour to materialize her prodigious vision.\n\nThis institution is determined with its unprejudiced, altruistic, inexorable and voluntary approach to improve the professional competence and the development of women in and through our education programs. May Allah continue to bless us and our sacred vision and objective come into reality adorned in our heart and soul.\";s:9:\"image_url\";s:82:\"https://drive.google.com/file/d/1t3hzSL0QTEa3mNzGwa5-enEqwhXw6L8w/view?usp=sharing\";s:5:\"order\";i:1;}s:11:\"\0*\0original\";a:6:{s:2:\"id\";i:5;s:4:\"name\";s:31:\"Brig Gen Kazi Mustafizur Rahman\";s:11:\"designation\";s:13:\"SPP, ndc, psc\";s:7:\"message\";s:1369:\"Of being felt the necessity of inserting this message in our web page, I, as the new chairman, governing body of the institution, would say, this institution values the mankind first, respects the genuineness and made the students learn to face the hurdles and to become successful in life. I know the brilliant faculty members who are dedicated to their professionalism and commitment to be a part of the vibrant team of this Alma Mater.\n\nThis institution has a passionate focus on a values-based education that instills honesty, integrity, strong core of tenacity, self-respect, self-belief, compassion and mutual respect into all the students. Those treasures will embellish their capability to contribute beyond the institution into the wider community.\n\nTo attain this noble vision this institution maintain inclusive learning-teaching environment through intensive and effective care exerted to every individual student. Ostensibly, the academic results in recent years reflect its concerted endeavour to materialize her prodigious vision.\n\nThis institution is determined with its unprejudiced, altruistic, inexorable and voluntary approach to improve the professional competence and the development of women in and through our education programs. May Allah continue to bless us and our sacred vision and objective come into reality adorned in our heart and soul.\";s:9:\"image_url\";s:82:\"https://drive.google.com/file/d/1t3hzSL0QTEa3mNzGwa5-enEqwhXw6L8w/view?usp=sharing\";s:5:\"order\";i:1;}s:10:\"\0*\0changes\";a:0:{}s:11:\"\0*\0previous\";a:0:{}s:8:\"\0*\0casts\";a:3:{s:9:\"is_active\";s:7:\"boolean\";s:5:\"order\";s:7:\"integer\";s:5:\"style\";s:5:\"array\";}s:17:\"\0*\0classCastCache\";a:0:{}s:21:\"\0*\0attributeCastCache\";a:0:{}s:13:\"\0*\0dateFormat\";N;s:10:\"\0*\0appends\";a:0:{}s:19:\"\0*\0dispatchesEvents\";a:0:{}s:14:\"\0*\0observables\";a:0:{}s:12:\"\0*\0relations\";a:0:{}s:10:\"\0*\0touches\";a:0:{}s:27:\"\0*\0relationAutoloadCallback\";N;s:26:\"\0*\0relationAutoloadContext\";N;s:10:\"timestamps\";b:1;s:13:\"usesUniqueIds\";b:0;s:9:\"\0*\0hidden\";a:0:{}s:10:\"\0*\0visible\";a:0:{}s:11:\"\0*\0fillable\";a:11:{i:0;s:4:\"type\";i:1;s:4:\"name\";i:2;s:5:\"title\";i:3;s:4:\"slug\";i:4;s:11:\"designation\";i:5;s:9:\"image_url\";i:6;s:7:\"message\";i:7;s:4:\"link\";i:8;s:5:\"style\";i:9;s:5:\"order\";i:10;s:9:\"is_active\";}s:10:\"\0*\0guarded\";a:1:{i:0;s:1:\"*\";}}i:1;O:18:\"App\\Models\\Message\":33:{s:13:\"\0*\0connection\";s:5:\"mysql\";s:8:\"\0*\0table\";s:8:\"messages\";s:13:\"\0*\0primaryKey\";s:2:\"id\";s:10:\"\0*\0keyType\";s:3:\"int\";s:12:\"incrementing\";b:1;s:7:\"\0*\0with\";a:0:{}s:12:\"\0*\0withCount\";a:0:{}s:19:\"preventsLazyLoading\";b:0;s:10:\"\0*\0perPage\";i:15;s:6:\"exists\";b:1;s:18:\"wasRecentlyCreated\";b:0;s:28:\"\0*\0escapeWhenCastingToString\";b:0;s:13:\"\0*\0attributes\";a:6:{s:2:\"id\";i:6;s:4:\"name\";s:25:\"Col Md Mamun Azad Salehin\";s:11:\"designation\";s:9:\"afwc, psc\";s:7:\"message\";s:1739:\"Dhaka Cantonment Girls’ School and College with its rich legacy of nurturing young minds, stands as a beacon of enlightenment and progress in our community. Education is the key to empowerment and transformation. We are committed to leading our institution towards greater heights of excellence and innovation.\n\nIn today\'s fast-paced world, it is imperative that we equip our students with the necessary tools and skills to thrive in the digital age. Through the integration of technology into our teaching and learning processes, we aim to enhance the educational experience and empower our students to become lifelong learners.\n\nFurthermore, our commitment to promoting gender equality and empowerment remains unwavering. With a student body comprising bright young girls from Nursery to Class 12, we are dedicated to fostering an environment where each student can reach her full potential and emerge as a confident, enlightened individual.\n\nAt the heart of our mission lies the goal of nurturing not just academically successful individuals, but also compassionate, socially responsible citizens. We strive to instill in our students the values of tolerance, respect, and inclusivity, thus shaping them into modern, secular citizens who are capable of contributing positively to society.\n\nAs we embark on this journey together, I invite all stakeholders – students, parents, teachers, and staff members – to join hands in realizing our collective vision for the school. Let us work together to create a learning environment that is dynamic, inclusive, and conducive to the holistic development of every student. Together, let us spread the light of knowledge and empowerment, and pave the way for a brighter future for our girls.\";s:9:\"image_url\";s:82:\"https://drive.google.com/file/d/1n2TqEQgQCNmO4cmH68jcLRT0wMYb99lV/view?usp=sharing\";s:5:\"order\";i:2;}s:11:\"\0*\0original\";a:6:{s:2:\"id\";i:6;s:4:\"name\";s:25:\"Col Md Mamun Azad Salehin\";s:11:\"designation\";s:9:\"afwc, psc\";s:7:\"message\";s:1739:\"Dhaka Cantonment Girls’ School and College with its rich legacy of nurturing young minds, stands as a beacon of enlightenment and progress in our community. Education is the key to empowerment and transformation. We are committed to leading our institution towards greater heights of excellence and innovation.\n\nIn today\'s fast-paced world, it is imperative that we equip our students with the necessary tools and skills to thrive in the digital age. Through the integration of technology into our teaching and learning processes, we aim to enhance the educational experience and empower our students to become lifelong learners.\n\nFurthermore, our commitment to promoting gender equality and empowerment remains unwavering. With a student body comprising bright young girls from Nursery to Class 12, we are dedicated to fostering an environment where each student can reach her full potential and emerge as a confident, enlightened individual.\n\nAt the heart of our mission lies the goal of nurturing not just academically successful individuals, but also compassionate, socially responsible citizens. We strive to instill in our students the values of tolerance, respect, and inclusivity, thus shaping them into modern, secular citizens who are capable of contributing positively to society.\n\nAs we embark on this journey together, I invite all stakeholders – students, parents, teachers, and staff members – to join hands in realizing our collective vision for the school. Let us work together to create a learning environment that is dynamic, inclusive, and conducive to the holistic development of every student. Together, let us spread the light of knowledge and empowerment, and pave the way for a brighter future for our girls.\";s:9:\"image_url\";s:82:\"https://drive.google.com/file/d/1n2TqEQgQCNmO4cmH68jcLRT0wMYb99lV/view?usp=sharing\";s:5:\"order\";i:2;}s:10:\"\0*\0changes\";a:0:{}s:11:\"\0*\0previous\";a:0:{}s:8:\"\0*\0casts\";a:3:{s:9:\"is_active\";s:7:\"boolean\";s:5:\"order\";s:7:\"integer\";s:5:\"style\";s:5:\"array\";}s:17:\"\0*\0classCastCache\";a:0:{}s:21:\"\0*\0attributeCastCache\";a:0:{}s:13:\"\0*\0dateFormat\";N;s:10:\"\0*\0appends\";a:0:{}s:19:\"\0*\0dispatchesEvents\";a:0:{}s:14:\"\0*\0observables\";a:0:{}s:12:\"\0*\0relations\";a:0:{}s:10:\"\0*\0touches\";a:0:{}s:27:\"\0*\0relationAutoloadCallback\";N;s:26:\"\0*\0relationAutoloadContext\";N;s:10:\"timestamps\";b:1;s:13:\"usesUniqueIds\";b:0;s:9:\"\0*\0hidden\";a:0:{}s:10:\"\0*\0visible\";a:0:{}s:11:\"\0*\0fillable\";a:11:{i:0;s:4:\"type\";i:1;s:4:\"name\";i:2;s:5:\"title\";i:3;s:4:\"slug\";i:4;s:11:\"designation\";i:5;s:9:\"image_url\";i:6;s:7:\"message\";i:7;s:4:\"link\";i:8;s:5:\"style\";i:9;s:5:\"order\";i:10;s:9:\"is_active\";}s:10:\"\0*\0guarded\";a:1:{i:0;s:1:\"*\";}}}s:28:\"\0*\0escapeWhenCastingToString\";b:0;}', '1774666539');
INSERT INTO `cache` (`key`, `value`, `expiration`) VALUES ('laravel-cache-homepage.news_events', 'O:39:\"Illuminate\\Database\\Eloquent\\Collection\":2:{s:8:\"\0*\0items\";a:3:{i:0;O:20:\"App\\Models\\NewsEvent\":33:{s:13:\"\0*\0connection\";s:5:\"mysql\";s:8:\"\0*\0table\";s:11:\"news_events\";s:13:\"\0*\0primaryKey\";s:2:\"id\";s:10:\"\0*\0keyType\";s:3:\"int\";s:12:\"incrementing\";b:1;s:7:\"\0*\0with\";a:0:{}s:12:\"\0*\0withCount\";a:0:{}s:19:\"preventsLazyLoading\";b:0;s:10:\"\0*\0perPage\";i:15;s:6:\"exists\";b:1;s:18:\"wasRecentlyCreated\";b:0;s:28:\"\0*\0escapeWhenCastingToString\";b:0;s:13:\"\0*\0attributes\";a:6:{s:2:\"id\";i:5;s:5:\"title\";s:19:\"Annual Sport - 2026\";s:4:\"slug\";s:17:\"annual-sport-2026\";s:7:\"excerpt\";N;s:9:\"image_url\";s:82:\"https://drive.google.com/file/d/1JRu5I8v4w1HLvh--h4NFUCihIZaBdczK/view?usp=sharing\";s:12:\"published_at\";s:19:\"2026-01-22 05:26:42\";}s:11:\"\0*\0original\";a:6:{s:2:\"id\";i:5;s:5:\"title\";s:19:\"Annual Sport - 2026\";s:4:\"slug\";s:17:\"annual-sport-2026\";s:7:\"excerpt\";N;s:9:\"image_url\";s:82:\"https://drive.google.com/file/d/1JRu5I8v4w1HLvh--h4NFUCihIZaBdczK/view?usp=sharing\";s:12:\"published_at\";s:19:\"2026-01-22 05:26:42\";}s:10:\"\0*\0changes\";a:0:{}s:11:\"\0*\0previous\";a:0:{}s:8:\"\0*\0casts\";a:3:{s:9:\"is_active\";s:7:\"boolean\";s:12:\"published_at\";s:8:\"datetime\";s:17:\"additional_images\";s:5:\"array\";}s:17:\"\0*\0classCastCache\";a:0:{}s:21:\"\0*\0attributeCastCache\";a:0:{}s:13:\"\0*\0dateFormat\";N;s:10:\"\0*\0appends\";a:0:{}s:19:\"\0*\0dispatchesEvents\";a:0:{}s:14:\"\0*\0observables\";a:0:{}s:12:\"\0*\0relations\";a:0:{}s:10:\"\0*\0touches\";a:0:{}s:27:\"\0*\0relationAutoloadCallback\";N;s:26:\"\0*\0relationAutoloadContext\";N;s:10:\"timestamps\";b:1;s:13:\"usesUniqueIds\";b:0;s:9:\"\0*\0hidden\";a:0:{}s:10:\"\0*\0visible\";a:0:{}s:11:\"\0*\0fillable\";a:9:{i:0;s:5:\"title\";i:1;s:4:\"slug\";i:2;s:7:\"excerpt\";i:3;s:7:\"content\";i:4;s:9:\"image_url\";i:5;s:17:\"additional_images\";i:6;s:6:\"author\";i:7;s:9:\"is_active\";i:8;s:12:\"published_at\";}s:10:\"\0*\0guarded\";a:1:{i:0;s:1:\"*\";}}i:1;O:20:\"App\\Models\\NewsEvent\":33:{s:13:\"\0*\0connection\";s:5:\"mysql\";s:8:\"\0*\0table\";s:11:\"news_events\";s:13:\"\0*\0primaryKey\";s:2:\"id\";s:10:\"\0*\0keyType\";s:3:\"int\";s:12:\"incrementing\";b:1;s:7:\"\0*\0with\";a:0:{}s:12:\"\0*\0withCount\";a:0:{}s:19:\"preventsLazyLoading\";b:0;s:10:\"\0*\0perPage\";i:15;s:6:\"exists\";b:1;s:18:\"wasRecentlyCreated\";b:0;s:28:\"\0*\0escapeWhenCastingToString\";b:0;s:13:\"\0*\0attributes\";a:6:{s:2:\"id\";i:6;s:5:\"title\";s:56:\"Celebrating the Outstanding HSC Results with our Student\";s:4:\"slug\";s:56:\"celebrating-the-outstanding-hsc-results-with-our-student\";s:7:\"excerpt\";N;s:9:\"image_url\";s:82:\"https://drive.google.com/file/d/1kBIoENKw_wXL2JVA1OEWs7tOY_j1K1HQ/view?usp=sharing\";s:12:\"published_at\";s:19:\"2025-10-10 05:28:38\";}s:11:\"\0*\0original\";a:6:{s:2:\"id\";i:6;s:5:\"title\";s:56:\"Celebrating the Outstanding HSC Results with our Student\";s:4:\"slug\";s:56:\"celebrating-the-outstanding-hsc-results-with-our-student\";s:7:\"excerpt\";N;s:9:\"image_url\";s:82:\"https://drive.google.com/file/d/1kBIoENKw_wXL2JVA1OEWs7tOY_j1K1HQ/view?usp=sharing\";s:12:\"published_at\";s:19:\"2025-10-10 05:28:38\";}s:10:\"\0*\0changes\";a:0:{}s:11:\"\0*\0previous\";a:0:{}s:8:\"\0*\0casts\";a:3:{s:9:\"is_active\";s:7:\"boolean\";s:12:\"published_at\";s:8:\"datetime\";s:17:\"additional_images\";s:5:\"array\";}s:17:\"\0*\0classCastCache\";a:0:{}s:21:\"\0*\0attributeCastCache\";a:0:{}s:13:\"\0*\0dateFormat\";N;s:10:\"\0*\0appends\";a:0:{}s:19:\"\0*\0dispatchesEvents\";a:0:{}s:14:\"\0*\0observables\";a:0:{}s:12:\"\0*\0relations\";a:0:{}s:10:\"\0*\0touches\";a:0:{}s:27:\"\0*\0relationAutoloadCallback\";N;s:26:\"\0*\0relationAutoloadContext\";N;s:10:\"timestamps\";b:1;s:13:\"usesUniqueIds\";b:0;s:9:\"\0*\0hidden\";a:0:{}s:10:\"\0*\0visible\";a:0:{}s:11:\"\0*\0fillable\";a:9:{i:0;s:5:\"title\";i:1;s:4:\"slug\";i:2;s:7:\"excerpt\";i:3;s:7:\"content\";i:4;s:9:\"image_url\";i:5;s:17:\"additional_images\";i:6;s:6:\"author\";i:7;s:9:\"is_active\";i:8;s:12:\"published_at\";}s:10:\"\0*\0guarded\";a:1:{i:0;s:1:\"*\";}}i:2;O:20:\"App\\Models\\NewsEvent\":33:{s:13:\"\0*\0connection\";s:5:\"mysql\";s:8:\"\0*\0table\";s:11:\"news_events\";s:13:\"\0*\0primaryKey\";s:2:\"id\";s:10:\"\0*\0keyType\";s:3:\"int\";s:12:\"incrementing\";b:1;s:7:\"\0*\0with\";a:0:{}s:12:\"\0*\0withCount\";a:0:{}s:19:\"preventsLazyLoading\";b:0;s:10:\"\0*\0perPage\";i:15;s:6:\"exists\";b:1;s:18:\"wasRecentlyCreated\";b:0;s:28:\"\0*\0escapeWhenCastingToString\";b:0;s:13:\"\0*\0attributes\";a:6:{s:2:\"id\";i:7;s:5:\"title\";s:56:\"Celebrating the Outstanding SSC Results with our Student\";s:4:\"slug\";s:56:\"celebrating-the-outstanding-ssc-results-with-our-student\";s:7:\"excerpt\";N;s:9:\"image_url\";s:82:\"https://drive.google.com/file/d/1oDl4njObYgi75w6L3zgGsSG_ukulT4yX/view?usp=sharing\";s:12:\"published_at\";s:19:\"2025-07-10 05:31:10\";}s:11:\"\0*\0original\";a:6:{s:2:\"id\";i:7;s:5:\"title\";s:56:\"Celebrating the Outstanding SSC Results with our Student\";s:4:\"slug\";s:56:\"celebrating-the-outstanding-ssc-results-with-our-student\";s:7:\"excerpt\";N;s:9:\"image_url\";s:82:\"https://drive.google.com/file/d/1oDl4njObYgi75w6L3zgGsSG_ukulT4yX/view?usp=sharing\";s:12:\"published_at\";s:19:\"2025-07-10 05:31:10\";}s:10:\"\0*\0changes\";a:0:{}s:11:\"\0*\0previous\";a:0:{}s:8:\"\0*\0casts\";a:3:{s:9:\"is_active\";s:7:\"boolean\";s:12:\"published_at\";s:8:\"datetime\";s:17:\"additional_images\";s:5:\"array\";}s:17:\"\0*\0classCastCache\";a:0:{}s:21:\"\0*\0attributeCastCache\";a:0:{}s:13:\"\0*\0dateFormat\";N;s:10:\"\0*\0appends\";a:0:{}s:19:\"\0*\0dispatchesEvents\";a:0:{}s:14:\"\0*\0observables\";a:0:{}s:12:\"\0*\0relations\";a:0:{}s:10:\"\0*\0touches\";a:0:{}s:27:\"\0*\0relationAutoloadCallback\";N;s:26:\"\0*\0relationAutoloadContext\";N;s:10:\"timestamps\";b:1;s:13:\"usesUniqueIds\";b:0;s:9:\"\0*\0hidden\";a:0:{}s:10:\"\0*\0visible\";a:0:{}s:11:\"\0*\0fillable\";a:9:{i:0;s:5:\"title\";i:1;s:4:\"slug\";i:2;s:7:\"excerpt\";i:3;s:7:\"content\";i:4;s:9:\"image_url\";i:5;s:17:\"additional_images\";i:6;s:6:\"author\";i:7;s:9:\"is_active\";i:8;s:12:\"published_at\";}s:10:\"\0*\0guarded\";a:1:{i:0;s:1:\"*\";}}}s:28:\"\0*\0escapeWhenCastingToString\";b:0;}', '1774664740');
INSERT INTO `cache` (`key`, `value`, `expiration`) VALUES ('laravel-cache-homepage.notices', 'O:39:\"Illuminate\\Database\\Eloquent\\Collection\":2:{s:8:\"\0*\0items\";a:5:{i:0;O:17:\"App\\Models\\Notice\":33:{s:13:\"\0*\0connection\";s:5:\"mysql\";s:8:\"\0*\0table\";s:7:\"notices\";s:13:\"\0*\0primaryKey\";s:2:\"id\";s:10:\"\0*\0keyType\";s:3:\"int\";s:12:\"incrementing\";b:1;s:7:\"\0*\0with\";a:0:{}s:12:\"\0*\0withCount\";a:0:{}s:19:\"preventsLazyLoading\";b:0;s:10:\"\0*\0perPage\";i:15;s:6:\"exists\";b:1;s:18:\"wasRecentlyCreated\";b:0;s:28:\"\0*\0escapeWhenCastingToString\";b:0;s:13:\"\0*\0attributes\";a:6:{s:2:\"id\";i:22;s:5:\"title\";s:36:\"Teachers Recruitment Circular - 2026\";s:4:\"file\";s:82:\"https://drive.google.com/file/d/1iysaHwZA1Kl43OiTssGFcMkWIpHzLLo4/view?usp=sharing\";s:4:\"link\";N;s:7:\"page_id\";i:40;s:12:\"published_at\";s:19:\"2026-02-18 10:03:21\";}s:11:\"\0*\0original\";a:6:{s:2:\"id\";i:22;s:5:\"title\";s:36:\"Teachers Recruitment Circular - 2026\";s:4:\"file\";s:82:\"https://drive.google.com/file/d/1iysaHwZA1Kl43OiTssGFcMkWIpHzLLo4/view?usp=sharing\";s:4:\"link\";N;s:7:\"page_id\";i:40;s:12:\"published_at\";s:19:\"2026-02-18 10:03:21\";}s:10:\"\0*\0changes\";a:0:{}s:11:\"\0*\0previous\";a:0:{}s:8:\"\0*\0casts\";a:2:{s:12:\"published_at\";s:8:\"datetime\";s:10:\"expires_at\";s:8:\"datetime\";}s:17:\"\0*\0classCastCache\";a:0:{}s:21:\"\0*\0attributeCastCache\";a:0:{}s:13:\"\0*\0dateFormat\";N;s:10:\"\0*\0appends\";a:0:{}s:19:\"\0*\0dispatchesEvents\";a:0:{}s:14:\"\0*\0observables\";a:0:{}s:12:\"\0*\0relations\";a:1:{s:4:\"page\";O:15:\"App\\Models\\Page\":33:{s:13:\"\0*\0connection\";s:5:\"mysql\";s:8:\"\0*\0table\";s:5:\"pages\";s:13:\"\0*\0primaryKey\";s:2:\"id\";s:10:\"\0*\0keyType\";s:3:\"int\";s:12:\"incrementing\";b:1;s:7:\"\0*\0with\";a:0:{}s:12:\"\0*\0withCount\";a:0:{}s:19:\"preventsLazyLoading\";b:0;s:10:\"\0*\0perPage\";i:15;s:6:\"exists\";b:1;s:18:\"wasRecentlyCreated\";b:0;s:28:\"\0*\0escapeWhenCastingToString\";b:0;s:13:\"\0*\0attributes\";a:2:{s:2:\"id\";i:40;s:4:\"slug\";s:41:\"teachers-recruitment-circular-2026-notice\";}s:11:\"\0*\0original\";a:2:{s:2:\"id\";i:40;s:4:\"slug\";s:41:\"teachers-recruitment-circular-2026-notice\";}s:10:\"\0*\0changes\";a:0:{}s:11:\"\0*\0previous\";a:0:{}s:8:\"\0*\0casts\";a:3:{s:12:\"is_published\";s:7:\"boolean\";s:12:\"published_at\";s:8:\"datetime\";s:7:\"buttons\";s:5:\"array\";}s:17:\"\0*\0classCastCache\";a:0:{}s:21:\"\0*\0attributeCastCache\";a:0:{}s:13:\"\0*\0dateFormat\";N;s:10:\"\0*\0appends\";a:0:{}s:19:\"\0*\0dispatchesEvents\";a:0:{}s:14:\"\0*\0observables\";a:0:{}s:12:\"\0*\0relations\";a:0:{}s:10:\"\0*\0touches\";a:0:{}s:27:\"\0*\0relationAutoloadCallback\";N;s:26:\"\0*\0relationAutoloadContext\";N;s:10:\"timestamps\";b:1;s:13:\"usesUniqueIds\";b:0;s:9:\"\0*\0hidden\";a:0:{}s:10:\"\0*\0visible\";a:0:{}s:11:\"\0*\0fillable\";a:12:{i:0;s:5:\"title\";i:1;s:4:\"slug\";i:2;s:9:\"image_url\";i:3;s:7:\"content\";i:4;s:12:\"html_content\";i:5;s:7:\"buttons\";i:6;s:14:\"bottom_content\";i:7;s:10:\"meta_title\";i:8;s:16:\"meta_description\";i:9;s:12:\"is_published\";i:10;s:7:\"menu_id\";i:11;s:12:\"published_at\";}s:10:\"\0*\0guarded\";a:1:{i:0;s:1:\"*\";}}}s:10:\"\0*\0touches\";a:0:{}s:27:\"\0*\0relationAutoloadCallback\";N;s:26:\"\0*\0relationAutoloadContext\";N;s:10:\"timestamps\";b:1;s:13:\"usesUniqueIds\";b:0;s:9:\"\0*\0hidden\";a:0:{}s:10:\"\0*\0visible\";a:0:{}s:11:\"\0*\0fillable\";a:7:{i:0;s:5:\"title\";i:1;s:7:\"content\";i:2;s:4:\"file\";i:3;s:4:\"link\";i:4;s:7:\"page_id\";i:5;s:12:\"published_at\";i:6;s:10:\"expires_at\";}s:10:\"\0*\0guarded\";a:1:{i:0;s:1:\"*\";}}i:1;O:17:\"App\\Models\\Notice\":33:{s:13:\"\0*\0connection\";s:5:\"mysql\";s:8:\"\0*\0table\";s:7:\"notices\";s:13:\"\0*\0primaryKey\";s:2:\"id\";s:10:\"\0*\0keyType\";s:3:\"int\";s:12:\"incrementing\";b:1;s:7:\"\0*\0with\";a:0:{}s:12:\"\0*\0withCount\";a:0:{}s:19:\"preventsLazyLoading\";b:0;s:10:\"\0*\0perPage\";i:15;s:6:\"exists\";b:1;s:18:\"wasRecentlyCreated\";b:0;s:28:\"\0*\0escapeWhenCastingToString\";b:0;s:13:\"\0*\0attributes\";a:6:{s:2:\"id\";i:21;s:5:\"title\";s:21:\"Admission Test - 2026\";s:4:\"file\";s:82:\"https://drive.google.com/file/d/1Dxphsa4yUnJfeCyx5WJFvb4y5NreztIT/view?usp=sharing\";s:4:\"link\";N;s:7:\"page_id\";i:39;s:12:\"published_at\";s:19:\"2026-02-18 10:00:56\";}s:11:\"\0*\0original\";a:6:{s:2:\"id\";i:21;s:5:\"title\";s:21:\"Admission Test - 2026\";s:4:\"file\";s:82:\"https://drive.google.com/file/d/1Dxphsa4yUnJfeCyx5WJFvb4y5NreztIT/view?usp=sharing\";s:4:\"link\";N;s:7:\"page_id\";i:39;s:12:\"published_at\";s:19:\"2026-02-18 10:00:56\";}s:10:\"\0*\0changes\";a:0:{}s:11:\"\0*\0previous\";a:0:{}s:8:\"\0*\0casts\";a:2:{s:12:\"published_at\";s:8:\"datetime\";s:10:\"expires_at\";s:8:\"datetime\";}s:17:\"\0*\0classCastCache\";a:0:{}s:21:\"\0*\0attributeCastCache\";a:0:{}s:13:\"\0*\0dateFormat\";N;s:10:\"\0*\0appends\";a:0:{}s:19:\"\0*\0dispatchesEvents\";a:0:{}s:14:\"\0*\0observables\";a:0:{}s:12:\"\0*\0relations\";a:1:{s:4:\"page\";O:15:\"App\\Models\\Page\":33:{s:13:\"\0*\0connection\";s:5:\"mysql\";s:8:\"\0*\0table\";s:5:\"pages\";s:13:\"\0*\0primaryKey\";s:2:\"id\";s:10:\"\0*\0keyType\";s:3:\"int\";s:12:\"incrementing\";b:1;s:7:\"\0*\0with\";a:0:{}s:12:\"\0*\0withCount\";a:0:{}s:19:\"preventsLazyLoading\";b:0;s:10:\"\0*\0perPage\";i:15;s:6:\"exists\";b:1;s:18:\"wasRecentlyCreated\";b:0;s:28:\"\0*\0escapeWhenCastingToString\";b:0;s:13:\"\0*\0attributes\";a:2:{s:2:\"id\";i:39;s:4:\"slug\";s:26:\"admission-test-2026-notice\";}s:11:\"\0*\0original\";a:2:{s:2:\"id\";i:39;s:4:\"slug\";s:26:\"admission-test-2026-notice\";}s:10:\"\0*\0changes\";a:0:{}s:11:\"\0*\0previous\";a:0:{}s:8:\"\0*\0casts\";a:3:{s:12:\"is_published\";s:7:\"boolean\";s:12:\"published_at\";s:8:\"datetime\";s:7:\"buttons\";s:5:\"array\";}s:17:\"\0*\0classCastCache\";a:0:{}s:21:\"\0*\0attributeCastCache\";a:0:{}s:13:\"\0*\0dateFormat\";N;s:10:\"\0*\0appends\";a:0:{}s:19:\"\0*\0dispatchesEvents\";a:0:{}s:14:\"\0*\0observables\";a:0:{}s:12:\"\0*\0relations\";a:0:{}s:10:\"\0*\0touches\";a:0:{}s:27:\"\0*\0relationAutoloadCallback\";N;s:26:\"\0*\0relationAutoloadContext\";N;s:10:\"timestamps\";b:1;s:13:\"usesUniqueIds\";b:0;s:9:\"\0*\0hidden\";a:0:{}s:10:\"\0*\0visible\";a:0:{}s:11:\"\0*\0fillable\";a:12:{i:0;s:5:\"title\";i:1;s:4:\"slug\";i:2;s:9:\"image_url\";i:3;s:7:\"content\";i:4;s:12:\"html_content\";i:5;s:7:\"buttons\";i:6;s:14:\"bottom_content\";i:7;s:10:\"meta_title\";i:8;s:16:\"meta_description\";i:9;s:12:\"is_published\";i:10;s:7:\"menu_id\";i:11;s:12:\"published_at\";}s:10:\"\0*\0guarded\";a:1:{i:0;s:1:\"*\";}}}s:10:\"\0*\0touches\";a:0:{}s:27:\"\0*\0relationAutoloadCallback\";N;s:26:\"\0*\0relationAutoloadContext\";N;s:10:\"timestamps\";b:1;s:13:\"usesUniqueIds\";b:0;s:9:\"\0*\0hidden\";a:0:{}s:10:\"\0*\0visible\";a:0:{}s:11:\"\0*\0fillable\";a:7:{i:0;s:5:\"title\";i:1;s:7:\"content\";i:2;s:4:\"file\";i:3;s:4:\"link\";i:4;s:7:\"page_id\";i:5;s:12:\"published_at\";i:6;s:10:\"expires_at\";}s:10:\"\0*\0guarded\";a:1:{i:0;s:1:\"*\";}}i:2;O:17:\"App\\Models\\Notice\":33:{s:13:\"\0*\0connection\";s:5:\"mysql\";s:8:\"\0*\0table\";s:7:\"notices\";s:13:\"\0*\0primaryKey\";s:2:\"id\";s:10:\"\0*\0keyType\";s:3:\"int\";s:12:\"incrementing\";b:1;s:7:\"\0*\0with\";a:0:{}s:12:\"\0*\0withCount\";a:0:{}s:19:\"preventsLazyLoading\";b:0;s:10:\"\0*\0perPage\";i:15;s:6:\"exists\";b:1;s:18:\"wasRecentlyCreated\";b:0;s:28:\"\0*\0escapeWhenCastingToString\";b:0;s:13:\"\0*\0attributes\";a:6:{s:2:\"id\";i:23;s:5:\"title\";s:31:\"Final Recruitment Result - 2026\";s:4:\"file\";s:82:\"https://drive.google.com/file/d/19ESTK63Sn-XM5Yvs0BQZYi3RX5qAs_ly/view?usp=sharing\";s:4:\"link\";N;s:7:\"page_id\";i:41;s:12:\"published_at\";s:19:\"2026-02-10 10:04:23\";}s:11:\"\0*\0original\";a:6:{s:2:\"id\";i:23;s:5:\"title\";s:31:\"Final Recruitment Result - 2026\";s:4:\"file\";s:82:\"https://drive.google.com/file/d/19ESTK63Sn-XM5Yvs0BQZYi3RX5qAs_ly/view?usp=sharing\";s:4:\"link\";N;s:7:\"page_id\";i:41;s:12:\"published_at\";s:19:\"2026-02-10 10:04:23\";}s:10:\"\0*\0changes\";a:0:{}s:11:\"\0*\0previous\";a:0:{}s:8:\"\0*\0casts\";a:2:{s:12:\"published_at\";s:8:\"datetime\";s:10:\"expires_at\";s:8:\"datetime\";}s:17:\"\0*\0classCastCache\";a:0:{}s:21:\"\0*\0attributeCastCache\";a:0:{}s:13:\"\0*\0dateFormat\";N;s:10:\"\0*\0appends\";a:0:{}s:19:\"\0*\0dispatchesEvents\";a:0:{}s:14:\"\0*\0observables\";a:0:{}s:12:\"\0*\0relations\";a:1:{s:4:\"page\";O:15:\"App\\Models\\Page\":33:{s:13:\"\0*\0connection\";s:5:\"mysql\";s:8:\"\0*\0table\";s:5:\"pages\";s:13:\"\0*\0primaryKey\";s:2:\"id\";s:10:\"\0*\0keyType\";s:3:\"int\";s:12:\"incrementing\";b:1;s:7:\"\0*\0with\";a:0:{}s:12:\"\0*\0withCount\";a:0:{}s:19:\"preventsLazyLoading\";b:0;s:10:\"\0*\0perPage\";i:15;s:6:\"exists\";b:1;s:18:\"wasRecentlyCreated\";b:0;s:28:\"\0*\0escapeWhenCastingToString\";b:0;s:13:\"\0*\0attributes\";a:2:{s:2:\"id\";i:41;s:4:\"slug\";s:36:\"final-recruitment-result-2026-notice\";}s:11:\"\0*\0original\";a:2:{s:2:\"id\";i:41;s:4:\"slug\";s:36:\"final-recruitment-result-2026-notice\";}s:10:\"\0*\0changes\";a:0:{}s:11:\"\0*\0previous\";a:0:{}s:8:\"\0*\0casts\";a:3:{s:12:\"is_published\";s:7:\"boolean\";s:12:\"published_at\";s:8:\"datetime\";s:7:\"buttons\";s:5:\"array\";}s:17:\"\0*\0classCastCache\";a:0:{}s:21:\"\0*\0attributeCastCache\";a:0:{}s:13:\"\0*\0dateFormat\";N;s:10:\"\0*\0appends\";a:0:{}s:19:\"\0*\0dispatchesEvents\";a:0:{}s:14:\"\0*\0observables\";a:0:{}s:12:\"\0*\0relations\";a:0:{}s:10:\"\0*\0touches\";a:0:{}s:27:\"\0*\0relationAutoloadCallback\";N;s:26:\"\0*\0relationAutoloadContext\";N;s:10:\"timestamps\";b:1;s:13:\"usesUniqueIds\";b:0;s:9:\"\0*\0hidden\";a:0:{}s:10:\"\0*\0visible\";a:0:{}s:11:\"\0*\0fillable\";a:12:{i:0;s:5:\"title\";i:1;s:4:\"slug\";i:2;s:9:\"image_url\";i:3;s:7:\"content\";i:4;s:12:\"html_content\";i:5;s:7:\"buttons\";i:6;s:14:\"bottom_content\";i:7;s:10:\"meta_title\";i:8;s:16:\"meta_description\";i:9;s:12:\"is_published\";i:10;s:7:\"menu_id\";i:11;s:12:\"published_at\";}s:10:\"\0*\0guarded\";a:1:{i:0;s:1:\"*\";}}}s:10:\"\0*\0touches\";a:0:{}s:27:\"\0*\0relationAutoloadCallback\";N;s:26:\"\0*\0relationAutoloadContext\";N;s:10:\"timestamps\";b:1;s:13:\"usesUniqueIds\";b:0;s:9:\"\0*\0hidden\";a:0:{}s:10:\"\0*\0visible\";a:0:{}s:11:\"\0*\0fillable\";a:7:{i:0;s:5:\"title\";i:1;s:7:\"content\";i:2;s:4:\"file\";i:3;s:4:\"link\";i:4;s:7:\"page_id\";i:5;s:12:\"published_at\";i:6;s:10:\"expires_at\";}s:10:\"\0*\0guarded\";a:1:{i:0;s:1:\"*\";}}i:3;O:17:\"App\\Models\\Notice\":33:{s:13:\"\0*\0connection\";s:5:\"mysql\";s:8:\"\0*\0table\";s:7:\"notices\";s:13:\"\0*\0primaryKey\";s:2:\"id\";s:10:\"\0*\0keyType\";s:3:\"int\";s:12:\"incrementing\";b:1;s:7:\"\0*\0with\";a:0:{}s:12:\"\0*\0withCount\";a:0:{}s:19:\"preventsLazyLoading\";b:0;s:10:\"\0*\0perPage\";i:15;s:6:\"exists\";b:1;s:18:\"wasRecentlyCreated\";b:0;s:28:\"\0*\0escapeWhenCastingToString\";b:0;s:13:\"\0*\0attributes\";a:6:{s:2:\"id\";i:24;s:5:\"title\";s:35:\"KG - X Seat Plan has been Published\";s:4:\"file\";s:82:\"https://drive.google.com/file/d/1mIyanZ6mFdHxrL7ExTj2vigzTf1XNwby/view?usp=sharing\";s:4:\"link\";N;s:7:\"page_id\";i:42;s:12:\"published_at\";s:19:\"2026-01-29 10:06:00\";}s:11:\"\0*\0original\";a:6:{s:2:\"id\";i:24;s:5:\"title\";s:35:\"KG - X Seat Plan has been Published\";s:4:\"file\";s:82:\"https://drive.google.com/file/d/1mIyanZ6mFdHxrL7ExTj2vigzTf1XNwby/view?usp=sharing\";s:4:\"link\";N;s:7:\"page_id\";i:42;s:12:\"published_at\";s:19:\"2026-01-29 10:06:00\";}s:10:\"\0*\0changes\";a:0:{}s:11:\"\0*\0previous\";a:0:{}s:8:\"\0*\0casts\";a:2:{s:12:\"published_at\";s:8:\"datetime\";s:10:\"expires_at\";s:8:\"datetime\";}s:17:\"\0*\0classCastCache\";a:0:{}s:21:\"\0*\0attributeCastCache\";a:0:{}s:13:\"\0*\0dateFormat\";N;s:10:\"\0*\0appends\";a:0:{}s:19:\"\0*\0dispatchesEvents\";a:0:{}s:14:\"\0*\0observables\";a:0:{}s:12:\"\0*\0relations\";a:1:{s:4:\"page\";O:15:\"App\\Models\\Page\":33:{s:13:\"\0*\0connection\";s:5:\"mysql\";s:8:\"\0*\0table\";s:5:\"pages\";s:13:\"\0*\0primaryKey\";s:2:\"id\";s:10:\"\0*\0keyType\";s:3:\"int\";s:12:\"incrementing\";b:1;s:7:\"\0*\0with\";a:0:{}s:12:\"\0*\0withCount\";a:0:{}s:19:\"preventsLazyLoading\";b:0;s:10:\"\0*\0perPage\";i:15;s:6:\"exists\";b:1;s:18:\"wasRecentlyCreated\";b:0;s:28:\"\0*\0escapeWhenCastingToString\";b:0;s:13:\"\0*\0attributes\";a:2:{s:2:\"id\";i:42;s:4:\"slug\";s:40:\"kg-x-seat-plan-has-been-published-notice\";}s:11:\"\0*\0original\";a:2:{s:2:\"id\";i:42;s:4:\"slug\";s:40:\"kg-x-seat-plan-has-been-published-notice\";}s:10:\"\0*\0changes\";a:0:{}s:11:\"\0*\0previous\";a:0:{}s:8:\"\0*\0casts\";a:3:{s:12:\"is_published\";s:7:\"boolean\";s:12:\"published_at\";s:8:\"datetime\";s:7:\"buttons\";s:5:\"array\";}s:17:\"\0*\0classCastCache\";a:0:{}s:21:\"\0*\0attributeCastCache\";a:0:{}s:13:\"\0*\0dateFormat\";N;s:10:\"\0*\0appends\";a:0:{}s:19:\"\0*\0dispatchesEvents\";a:0:{}s:14:\"\0*\0observables\";a:0:{}s:12:\"\0*\0relations\";a:0:{}s:10:\"\0*\0touches\";a:0:{}s:27:\"\0*\0relationAutoloadCallback\";N;s:26:\"\0*\0relationAutoloadContext\";N;s:10:\"timestamps\";b:1;s:13:\"usesUniqueIds\";b:0;s:9:\"\0*\0hidden\";a:0:{}s:10:\"\0*\0visible\";a:0:{}s:11:\"\0*\0fillable\";a:12:{i:0;s:5:\"title\";i:1;s:4:\"slug\";i:2;s:9:\"image_url\";i:3;s:7:\"content\";i:4;s:12:\"html_content\";i:5;s:7:\"buttons\";i:6;s:14:\"bottom_content\";i:7;s:10:\"meta_title\";i:8;s:16:\"meta_description\";i:9;s:12:\"is_published\";i:10;s:7:\"menu_id\";i:11;s:12:\"published_at\";}s:10:\"\0*\0guarded\";a:1:{i:0;s:1:\"*\";}}}s:10:\"\0*\0touches\";a:0:{}s:27:\"\0*\0relationAutoloadCallback\";N;s:26:\"\0*\0relationAutoloadContext\";N;s:10:\"timestamps\";b:1;s:13:\"usesUniqueIds\";b:0;s:9:\"\0*\0hidden\";a:0:{}s:10:\"\0*\0visible\";a:0:{}s:11:\"\0*\0fillable\";a:7:{i:0;s:5:\"title\";i:1;s:7:\"content\";i:2;s:4:\"file\";i:3;s:4:\"link\";i:4;s:7:\"page_id\";i:5;s:12:\"published_at\";i:6;s:10:\"expires_at\";}s:10:\"\0*\0guarded\";a:1:{i:0;s:1:\"*\";}}i:4;O:17:\"App\\Models\\Notice\":33:{s:13:\"\0*\0connection\";s:5:\"mysql\";s:8:\"\0*\0table\";s:7:\"notices\";s:13:\"\0*\0primaryKey\";s:2:\"id\";s:10:\"\0*\0keyType\";s:3:\"int\";s:12:\"incrementing\";b:1;s:7:\"\0*\0with\";a:0:{}s:12:\"\0*\0withCount\";a:0:{}s:19:\"preventsLazyLoading\";b:0;s:10:\"\0*\0perPage\";i:15;s:6:\"exists\";b:1;s:18:\"wasRecentlyCreated\";b:0;s:28:\"\0*\0escapeWhenCastingToString\";b:0;s:13:\"\0*\0attributes\";a:6:{s:2:\"id\";i:25;s:5:\"title\";s:29:\"Teachers Recruitment Circular\";s:4:\"file\";s:82:\"https://drive.google.com/file/d/1FrZe6fgiNmfxrFf8ccRdFhKUCiPNP-wS/view?usp=sharing\";s:4:\"link\";N;s:7:\"page_id\";i:43;s:12:\"published_at\";s:19:\"2026-01-19 10:11:13\";}s:11:\"\0*\0original\";a:6:{s:2:\"id\";i:25;s:5:\"title\";s:29:\"Teachers Recruitment Circular\";s:4:\"file\";s:82:\"https://drive.google.com/file/d/1FrZe6fgiNmfxrFf8ccRdFhKUCiPNP-wS/view?usp=sharing\";s:4:\"link\";N;s:7:\"page_id\";i:43;s:12:\"published_at\";s:19:\"2026-01-19 10:11:13\";}s:10:\"\0*\0changes\";a:0:{}s:11:\"\0*\0previous\";a:0:{}s:8:\"\0*\0casts\";a:2:{s:12:\"published_at\";s:8:\"datetime\";s:10:\"expires_at\";s:8:\"datetime\";}s:17:\"\0*\0classCastCache\";a:0:{}s:21:\"\0*\0attributeCastCache\";a:0:{}s:13:\"\0*\0dateFormat\";N;s:10:\"\0*\0appends\";a:0:{}s:19:\"\0*\0dispatchesEvents\";a:0:{}s:14:\"\0*\0observables\";a:0:{}s:12:\"\0*\0relations\";a:1:{s:4:\"page\";O:15:\"App\\Models\\Page\":33:{s:13:\"\0*\0connection\";s:5:\"mysql\";s:8:\"\0*\0table\";s:5:\"pages\";s:13:\"\0*\0primaryKey\";s:2:\"id\";s:10:\"\0*\0keyType\";s:3:\"int\";s:12:\"incrementing\";b:1;s:7:\"\0*\0with\";a:0:{}s:12:\"\0*\0withCount\";a:0:{}s:19:\"preventsLazyLoading\";b:0;s:10:\"\0*\0perPage\";i:15;s:6:\"exists\";b:1;s:18:\"wasRecentlyCreated\";b:0;s:28:\"\0*\0escapeWhenCastingToString\";b:0;s:13:\"\0*\0attributes\";a:2:{s:2:\"id\";i:43;s:4:\"slug\";s:36:\"teachers-recruitment-circular-notice\";}s:11:\"\0*\0original\";a:2:{s:2:\"id\";i:43;s:4:\"slug\";s:36:\"teachers-recruitment-circular-notice\";}s:10:\"\0*\0changes\";a:0:{}s:11:\"\0*\0previous\";a:0:{}s:8:\"\0*\0casts\";a:3:{s:12:\"is_published\";s:7:\"boolean\";s:12:\"published_at\";s:8:\"datetime\";s:7:\"buttons\";s:5:\"array\";}s:17:\"\0*\0classCastCache\";a:0:{}s:21:\"\0*\0attributeCastCache\";a:0:{}s:13:\"\0*\0dateFormat\";N;s:10:\"\0*\0appends\";a:0:{}s:19:\"\0*\0dispatchesEvents\";a:0:{}s:14:\"\0*\0observables\";a:0:{}s:12:\"\0*\0relations\";a:0:{}s:10:\"\0*\0touches\";a:0:{}s:27:\"\0*\0relationAutoloadCallback\";N;s:26:\"\0*\0relationAutoloadContext\";N;s:10:\"timestamps\";b:1;s:13:\"usesUniqueIds\";b:0;s:9:\"\0*\0hidden\";a:0:{}s:10:\"\0*\0visible\";a:0:{}s:11:\"\0*\0fillable\";a:12:{i:0;s:5:\"title\";i:1;s:4:\"slug\";i:2;s:9:\"image_url\";i:3;s:7:\"content\";i:4;s:12:\"html_content\";i:5;s:7:\"buttons\";i:6;s:14:\"bottom_content\";i:7;s:10:\"meta_title\";i:8;s:16:\"meta_description\";i:9;s:12:\"is_published\";i:10;s:7:\"menu_id\";i:11;s:12:\"published_at\";}s:10:\"\0*\0guarded\";a:1:{i:0;s:1:\"*\";}}}s:10:\"\0*\0touches\";a:0:{}s:27:\"\0*\0relationAutoloadCallback\";N;s:26:\"\0*\0relationAutoloadContext\";N;s:10:\"timestamps\";b:1;s:13:\"usesUniqueIds\";b:0;s:9:\"\0*\0hidden\";a:0:{}s:10:\"\0*\0visible\";a:0:{}s:11:\"\0*\0fillable\";a:7:{i:0;s:5:\"title\";i:1;s:7:\"content\";i:2;s:4:\"file\";i:3;s:4:\"link\";i:4;s:7:\"page_id\";i:5;s:12:\"published_at\";i:6;s:10:\"expires_at\";}s:10:\"\0*\0guarded\";a:1:{i:0;s:1:\"*\";}}}s:28:\"\0*\0escapeWhenCastingToString\";b:0;}', '1774664739');
INSERT INTO `cache` (`key`, `value`, `expiration`) VALUES ('laravel-cache-homepage.sliders', 'O:39:\"Illuminate\\Database\\Eloquent\\Collection\":2:{s:8:\"\0*\0items\";a:3:{i:0;O:17:\"App\\Models\\Slider\":33:{s:13:\"\0*\0connection\";s:5:\"mysql\";s:8:\"\0*\0table\";s:7:\"sliders\";s:13:\"\0*\0primaryKey\";s:2:\"id\";s:10:\"\0*\0keyType\";s:3:\"int\";s:12:\"incrementing\";b:1;s:7:\"\0*\0with\";a:0:{}s:12:\"\0*\0withCount\";a:0:{}s:19:\"preventsLazyLoading\";b:0;s:10:\"\0*\0perPage\";i:15;s:6:\"exists\";b:1;s:18:\"wasRecentlyCreated\";b:0;s:28:\"\0*\0escapeWhenCastingToString\";b:0;s:13:\"\0*\0attributes\";a:5:{s:2:\"id\";i:5;s:5:\"title\";s:12:\"Science Fair\";s:9:\"image_url\";s:82:\"https://drive.google.com/file/d/1sE946CA5ZTaF4Ojqflxbt4_zPn-W62mk/view?usp=sharing\";s:4:\"link\";N;s:5:\"order\";i:0;}s:11:\"\0*\0original\";a:5:{s:2:\"id\";i:5;s:5:\"title\";s:12:\"Science Fair\";s:9:\"image_url\";s:82:\"https://drive.google.com/file/d/1sE946CA5ZTaF4Ojqflxbt4_zPn-W62mk/view?usp=sharing\";s:4:\"link\";N;s:5:\"order\";i:0;}s:10:\"\0*\0changes\";a:0:{}s:11:\"\0*\0previous\";a:0:{}s:8:\"\0*\0casts\";a:2:{s:9:\"is_active\";s:7:\"boolean\";s:5:\"order\";s:7:\"integer\";}s:17:\"\0*\0classCastCache\";a:0:{}s:21:\"\0*\0attributeCastCache\";a:0:{}s:13:\"\0*\0dateFormat\";N;s:10:\"\0*\0appends\";a:0:{}s:19:\"\0*\0dispatchesEvents\";a:0:{}s:14:\"\0*\0observables\";a:0:{}s:12:\"\0*\0relations\";a:0:{}s:10:\"\0*\0touches\";a:0:{}s:27:\"\0*\0relationAutoloadCallback\";N;s:26:\"\0*\0relationAutoloadContext\";N;s:10:\"timestamps\";b:1;s:13:\"usesUniqueIds\";b:0;s:9:\"\0*\0hidden\";a:0:{}s:10:\"\0*\0visible\";a:0:{}s:11:\"\0*\0fillable\";a:7:{i:0;s:5:\"title\";i:1;s:9:\"image_url\";i:2;s:4:\"link\";i:3;s:5:\"order\";i:4;s:9:\"is_active\";i:5;s:14:\"image_position\";i:6;s:9:\"image_fit\";}s:10:\"\0*\0guarded\";a:1:{i:0;s:1:\"*\";}}i:1;O:17:\"App\\Models\\Slider\":33:{s:13:\"\0*\0connection\";s:5:\"mysql\";s:8:\"\0*\0table\";s:7:\"sliders\";s:13:\"\0*\0primaryKey\";s:2:\"id\";s:10:\"\0*\0keyType\";s:3:\"int\";s:12:\"incrementing\";b:1;s:7:\"\0*\0with\";a:0:{}s:12:\"\0*\0withCount\";a:0:{}s:19:\"preventsLazyLoading\";b:0;s:10:\"\0*\0perPage\";i:15;s:6:\"exists\";b:1;s:18:\"wasRecentlyCreated\";b:0;s:28:\"\0*\0escapeWhenCastingToString\";b:0;s:13:\"\0*\0attributes\";a:5:{s:2:\"id\";i:6;s:5:\"title\";s:14:\"Champion House\";s:9:\"image_url\";s:82:\"https://drive.google.com/file/d/1hFZVM943jlIX2zxetLTEYeSvhnOOUPsQ/view?usp=sharing\";s:4:\"link\";N;s:5:\"order\";i:0;}s:11:\"\0*\0original\";a:5:{s:2:\"id\";i:6;s:5:\"title\";s:14:\"Champion House\";s:9:\"image_url\";s:82:\"https://drive.google.com/file/d/1hFZVM943jlIX2zxetLTEYeSvhnOOUPsQ/view?usp=sharing\";s:4:\"link\";N;s:5:\"order\";i:0;}s:10:\"\0*\0changes\";a:0:{}s:11:\"\0*\0previous\";a:0:{}s:8:\"\0*\0casts\";a:2:{s:9:\"is_active\";s:7:\"boolean\";s:5:\"order\";s:7:\"integer\";}s:17:\"\0*\0classCastCache\";a:0:{}s:21:\"\0*\0attributeCastCache\";a:0:{}s:13:\"\0*\0dateFormat\";N;s:10:\"\0*\0appends\";a:0:{}s:19:\"\0*\0dispatchesEvents\";a:0:{}s:14:\"\0*\0observables\";a:0:{}s:12:\"\0*\0relations\";a:0:{}s:10:\"\0*\0touches\";a:0:{}s:27:\"\0*\0relationAutoloadCallback\";N;s:26:\"\0*\0relationAutoloadContext\";N;s:10:\"timestamps\";b:1;s:13:\"usesUniqueIds\";b:0;s:9:\"\0*\0hidden\";a:0:{}s:10:\"\0*\0visible\";a:0:{}s:11:\"\0*\0fillable\";a:7:{i:0;s:5:\"title\";i:1;s:9:\"image_url\";i:2;s:4:\"link\";i:3;s:5:\"order\";i:4;s:9:\"is_active\";i:5;s:14:\"image_position\";i:6;s:9:\"image_fit\";}s:10:\"\0*\0guarded\";a:1:{i:0;s:1:\"*\";}}i:2;O:17:\"App\\Models\\Slider\":33:{s:13:\"\0*\0connection\";s:5:\"mysql\";s:8:\"\0*\0table\";s:7:\"sliders\";s:13:\"\0*\0primaryKey\";s:2:\"id\";s:10:\"\0*\0keyType\";s:3:\"int\";s:12:\"incrementing\";b:1;s:7:\"\0*\0with\";a:0:{}s:12:\"\0*\0withCount\";a:0:{}s:19:\"preventsLazyLoading\";b:0;s:10:\"\0*\0perPage\";i:15;s:6:\"exists\";b:1;s:18:\"wasRecentlyCreated\";b:0;s:28:\"\0*\0escapeWhenCastingToString\";b:0;s:13:\"\0*\0attributes\";a:5:{s:2:\"id\";i:1;s:5:\"title\";s:14:\"College Campus\";s:9:\"image_url\";s:82:\"https://drive.google.com/file/d/1Zg2u57qunWNrkt5yAi03qYjGfZGFkqUe/view?usp=sharing\";s:4:\"link\";N;s:5:\"order\";i:1;}s:11:\"\0*\0original\";a:5:{s:2:\"id\";i:1;s:5:\"title\";s:14:\"College Campus\";s:9:\"image_url\";s:82:\"https://drive.google.com/file/d/1Zg2u57qunWNrkt5yAi03qYjGfZGFkqUe/view?usp=sharing\";s:4:\"link\";N;s:5:\"order\";i:1;}s:10:\"\0*\0changes\";a:0:{}s:11:\"\0*\0previous\";a:0:{}s:8:\"\0*\0casts\";a:2:{s:9:\"is_active\";s:7:\"boolean\";s:5:\"order\";s:7:\"integer\";}s:17:\"\0*\0classCastCache\";a:0:{}s:21:\"\0*\0attributeCastCache\";a:0:{}s:13:\"\0*\0dateFormat\";N;s:10:\"\0*\0appends\";a:0:{}s:19:\"\0*\0dispatchesEvents\";a:0:{}s:14:\"\0*\0observables\";a:0:{}s:12:\"\0*\0relations\";a:0:{}s:10:\"\0*\0touches\";a:0:{}s:27:\"\0*\0relationAutoloadCallback\";N;s:26:\"\0*\0relationAutoloadContext\";N;s:10:\"timestamps\";b:1;s:13:\"usesUniqueIds\";b:0;s:9:\"\0*\0hidden\";a:0:{}s:10:\"\0*\0visible\";a:0:{}s:11:\"\0*\0fillable\";a:7:{i:0;s:5:\"title\";i:1;s:9:\"image_url\";i:2;s:4:\"link\";i:3;s:5:\"order\";i:4;s:9:\"is_active\";i:5;s:14:\"image_position\";i:6;s:9:\"image_fit\";}s:10:\"\0*\0guarded\";a:1:{i:0;s:1:\"*\";}}}s:28:\"\0*\0escapeWhenCastingToString\";b:0;}', '1774666539');
INSERT INTO `cache` (`key`, `value`, `expiration`) VALUES ('laravel-cache-spatie.permission.cache', 'a:3:{s:5:\"alias\";a:4:{s:1:\"a\";s:2:\"id\";s:1:\"b\";s:4:\"name\";s:1:\"c\";s:10:\"guard_name\";s:1:\"r\";s:5:\"roles\";}s:11:\"permissions\";a:165:{i:0;a:4:{s:1:\"a\";i:1;s:1:\"b\";s:20:\"view_important::link\";s:1:\"c\";s:3:\"web\";s:1:\"r\";a:3:{i:0;i:1;i:1;i:2;i:2;i:3;}}i:1;a:4:{s:1:\"a\";i:2;s:1:\"b\";s:24:\"view_any_important::link\";s:1:\"c\";s:3:\"web\";s:1:\"r\";a:3:{i:0;i:1;i:1;i:2;i:2;i:3;}}i:2;a:4:{s:1:\"a\";i:3;s:1:\"b\";s:22:\"create_important::link\";s:1:\"c\";s:3:\"web\";s:1:\"r\";a:3:{i:0;i:1;i:1;i:2;i:2;i:3;}}i:3;a:4:{s:1:\"a\";i:4;s:1:\"b\";s:22:\"update_important::link\";s:1:\"c\";s:3:\"web\";s:1:\"r\";a:3:{i:0;i:1;i:1;i:2;i:2;i:3;}}i:4;a:4:{s:1:\"a\";i:5;s:1:\"b\";s:23:\"restore_important::link\";s:1:\"c\";s:3:\"web\";s:1:\"r\";a:3:{i:0;i:1;i:1;i:2;i:2;i:3;}}i:5;a:4:{s:1:\"a\";i:6;s:1:\"b\";s:27:\"restore_any_important::link\";s:1:\"c\";s:3:\"web\";s:1:\"r\";a:3:{i:0;i:1;i:1;i:2;i:2;i:3;}}i:6;a:4:{s:1:\"a\";i:7;s:1:\"b\";s:25:\"replicate_important::link\";s:1:\"c\";s:3:\"web\";s:1:\"r\";a:3:{i:0;i:1;i:1;i:2;i:2;i:3;}}i:7;a:4:{s:1:\"a\";i:8;s:1:\"b\";s:23:\"reorder_important::link\";s:1:\"c\";s:3:\"web\";s:1:\"r\";a:3:{i:0;i:1;i:1;i:2;i:2;i:3;}}i:8;a:4:{s:1:\"a\";i:9;s:1:\"b\";s:22:\"delete_important::link\";s:1:\"c\";s:3:\"web\";s:1:\"r\";a:3:{i:0;i:1;i:1;i:2;i:2;i:3;}}i:9;a:4:{s:1:\"a\";i:10;s:1:\"b\";s:26:\"delete_any_important::link\";s:1:\"c\";s:3:\"web\";s:1:\"r\";a:3:{i:0;i:1;i:1;i:2;i:2;i:3;}}i:10;a:4:{s:1:\"a\";i:11;s:1:\"b\";s:28:\"force_delete_important::link\";s:1:\"c\";s:3:\"web\";s:1:\"r\";a:3:{i:0;i:1;i:1;i:2;i:2;i:3;}}i:11;a:4:{s:1:\"a\";i:12;s:1:\"b\";s:32:\"force_delete_any_important::link\";s:1:\"c\";s:3:\"web\";s:1:\"r\";a:3:{i:0;i:1;i:1;i:2;i:2;i:3;}}i:12;a:4:{s:1:\"a\";i:13;s:1:\"b\";s:18:\"view_location::map\";s:1:\"c\";s:3:\"web\";s:1:\"r\";a:2:{i:0;i:1;i:1;i:2;}}i:13;a:4:{s:1:\"a\";i:14;s:1:\"b\";s:22:\"view_any_location::map\";s:1:\"c\";s:3:\"web\";s:1:\"r\";a:2:{i:0;i:1;i:1;i:2;}}i:14;a:4:{s:1:\"a\";i:15;s:1:\"b\";s:20:\"create_location::map\";s:1:\"c\";s:3:\"web\";s:1:\"r\";a:2:{i:0;i:1;i:1;i:2;}}i:15;a:4:{s:1:\"a\";i:16;s:1:\"b\";s:20:\"update_location::map\";s:1:\"c\";s:3:\"web\";s:1:\"r\";a:2:{i:0;i:1;i:1;i:2;}}i:16;a:4:{s:1:\"a\";i:17;s:1:\"b\";s:21:\"restore_location::map\";s:1:\"c\";s:3:\"web\";s:1:\"r\";a:2:{i:0;i:1;i:1;i:2;}}i:17;a:4:{s:1:\"a\";i:18;s:1:\"b\";s:25:\"restore_any_location::map\";s:1:\"c\";s:3:\"web\";s:1:\"r\";a:2:{i:0;i:1;i:1;i:2;}}i:18;a:4:{s:1:\"a\";i:19;s:1:\"b\";s:23:\"replicate_location::map\";s:1:\"c\";s:3:\"web\";s:1:\"r\";a:2:{i:0;i:1;i:1;i:2;}}i:19;a:4:{s:1:\"a\";i:20;s:1:\"b\";s:21:\"reorder_location::map\";s:1:\"c\";s:3:\"web\";s:1:\"r\";a:2:{i:0;i:1;i:1;i:2;}}i:20;a:4:{s:1:\"a\";i:21;s:1:\"b\";s:20:\"delete_location::map\";s:1:\"c\";s:3:\"web\";s:1:\"r\";a:2:{i:0;i:1;i:1;i:2;}}i:21;a:4:{s:1:\"a\";i:22;s:1:\"b\";s:24:\"delete_any_location::map\";s:1:\"c\";s:3:\"web\";s:1:\"r\";a:2:{i:0;i:1;i:1;i:2;}}i:22;a:4:{s:1:\"a\";i:23;s:1:\"b\";s:26:\"force_delete_location::map\";s:1:\"c\";s:3:\"web\";s:1:\"r\";a:2:{i:0;i:1;i:1;i:2;}}i:23;a:4:{s:1:\"a\";i:24;s:1:\"b\";s:30:\"force_delete_any_location::map\";s:1:\"c\";s:3:\"web\";s:1:\"r\";a:2:{i:0;i:1;i:1;i:2;}}i:24;a:4:{s:1:\"a\";i:25;s:1:\"b\";s:9:\"view_menu\";s:1:\"c\";s:3:\"web\";s:1:\"r\";a:3:{i:0;i:1;i:1;i:2;i:2;i:3;}}i:25;a:4:{s:1:\"a\";i:26;s:1:\"b\";s:13:\"view_any_menu\";s:1:\"c\";s:3:\"web\";s:1:\"r\";a:3:{i:0;i:1;i:1;i:2;i:2;i:3;}}i:26;a:4:{s:1:\"a\";i:27;s:1:\"b\";s:11:\"create_menu\";s:1:\"c\";s:3:\"web\";s:1:\"r\";a:3:{i:0;i:1;i:1;i:2;i:2;i:3;}}i:27;a:4:{s:1:\"a\";i:28;s:1:\"b\";s:11:\"update_menu\";s:1:\"c\";s:3:\"web\";s:1:\"r\";a:3:{i:0;i:1;i:1;i:2;i:2;i:3;}}i:28;a:4:{s:1:\"a\";i:29;s:1:\"b\";s:12:\"restore_menu\";s:1:\"c\";s:3:\"web\";s:1:\"r\";a:3:{i:0;i:1;i:1;i:2;i:2;i:3;}}i:29;a:4:{s:1:\"a\";i:30;s:1:\"b\";s:16:\"restore_any_menu\";s:1:\"c\";s:3:\"web\";s:1:\"r\";a:3:{i:0;i:1;i:1;i:2;i:2;i:3;}}i:30;a:4:{s:1:\"a\";i:31;s:1:\"b\";s:14:\"replicate_menu\";s:1:\"c\";s:3:\"web\";s:1:\"r\";a:3:{i:0;i:1;i:1;i:2;i:2;i:3;}}i:31;a:4:{s:1:\"a\";i:32;s:1:\"b\";s:12:\"reorder_menu\";s:1:\"c\";s:3:\"web\";s:1:\"r\";a:3:{i:0;i:1;i:1;i:2;i:2;i:3;}}i:32;a:4:{s:1:\"a\";i:33;s:1:\"b\";s:11:\"delete_menu\";s:1:\"c\";s:3:\"web\";s:1:\"r\";a:3:{i:0;i:1;i:1;i:2;i:2;i:3;}}i:33;a:4:{s:1:\"a\";i:34;s:1:\"b\";s:15:\"delete_any_menu\";s:1:\"c\";s:3:\"web\";s:1:\"r\";a:3:{i:0;i:1;i:1;i:2;i:2;i:3;}}i:34;a:4:{s:1:\"a\";i:35;s:1:\"b\";s:17:\"force_delete_menu\";s:1:\"c\";s:3:\"web\";s:1:\"r\";a:3:{i:0;i:1;i:1;i:2;i:2;i:3;}}i:35;a:4:{s:1:\"a\";i:36;s:1:\"b\";s:21:\"force_delete_any_menu\";s:1:\"c\";s:3:\"web\";s:1:\"r\";a:3:{i:0;i:1;i:1;i:2;i:2;i:3;}}i:36;a:4:{s:1:\"a\";i:37;s:1:\"b\";s:15:\"view_menu::card\";s:1:\"c\";s:3:\"web\";s:1:\"r\";a:3:{i:0;i:1;i:1;i:2;i:2;i:3;}}i:37;a:4:{s:1:\"a\";i:38;s:1:\"b\";s:19:\"view_any_menu::card\";s:1:\"c\";s:3:\"web\";s:1:\"r\";a:3:{i:0;i:1;i:1;i:2;i:2;i:3;}}i:38;a:4:{s:1:\"a\";i:39;s:1:\"b\";s:17:\"create_menu::card\";s:1:\"c\";s:3:\"web\";s:1:\"r\";a:3:{i:0;i:1;i:1;i:2;i:2;i:3;}}i:39;a:4:{s:1:\"a\";i:40;s:1:\"b\";s:17:\"update_menu::card\";s:1:\"c\";s:3:\"web\";s:1:\"r\";a:3:{i:0;i:1;i:1;i:2;i:2;i:3;}}i:40;a:4:{s:1:\"a\";i:41;s:1:\"b\";s:18:\"restore_menu::card\";s:1:\"c\";s:3:\"web\";s:1:\"r\";a:3:{i:0;i:1;i:1;i:2;i:2;i:3;}}i:41;a:4:{s:1:\"a\";i:42;s:1:\"b\";s:22:\"restore_any_menu::card\";s:1:\"c\";s:3:\"web\";s:1:\"r\";a:3:{i:0;i:1;i:1;i:2;i:2;i:3;}}i:42;a:4:{s:1:\"a\";i:43;s:1:\"b\";s:20:\"replicate_menu::card\";s:1:\"c\";s:3:\"web\";s:1:\"r\";a:3:{i:0;i:1;i:1;i:2;i:2;i:3;}}i:43;a:4:{s:1:\"a\";i:44;s:1:\"b\";s:18:\"reorder_menu::card\";s:1:\"c\";s:3:\"web\";s:1:\"r\";a:3:{i:0;i:1;i:1;i:2;i:2;i:3;}}i:44;a:4:{s:1:\"a\";i:45;s:1:\"b\";s:17:\"delete_menu::card\";s:1:\"c\";s:3:\"web\";s:1:\"r\";a:3:{i:0;i:1;i:1;i:2;i:2;i:3;}}i:45;a:4:{s:1:\"a\";i:46;s:1:\"b\";s:21:\"delete_any_menu::card\";s:1:\"c\";s:3:\"web\";s:1:\"r\";a:3:{i:0;i:1;i:1;i:2;i:2;i:3;}}i:46;a:4:{s:1:\"a\";i:47;s:1:\"b\";s:23:\"force_delete_menu::card\";s:1:\"c\";s:3:\"web\";s:1:\"r\";a:3:{i:0;i:1;i:1;i:2;i:2;i:3;}}i:47;a:4:{s:1:\"a\";i:48;s:1:\"b\";s:27:\"force_delete_any_menu::card\";s:1:\"c\";s:3:\"web\";s:1:\"r\";a:3:{i:0;i:1;i:1;i:2;i:2;i:3;}}i:48;a:4:{s:1:\"a\";i:49;s:1:\"b\";s:12:\"view_message\";s:1:\"c\";s:3:\"web\";s:1:\"r\";a:3:{i:0;i:1;i:1;i:2;i:2;i:3;}}i:49;a:4:{s:1:\"a\";i:50;s:1:\"b\";s:16:\"view_any_message\";s:1:\"c\";s:3:\"web\";s:1:\"r\";a:3:{i:0;i:1;i:1;i:2;i:2;i:3;}}i:50;a:4:{s:1:\"a\";i:51;s:1:\"b\";s:14:\"create_message\";s:1:\"c\";s:3:\"web\";s:1:\"r\";a:3:{i:0;i:1;i:1;i:2;i:2;i:3;}}i:51;a:4:{s:1:\"a\";i:52;s:1:\"b\";s:14:\"update_message\";s:1:\"c\";s:3:\"web\";s:1:\"r\";a:3:{i:0;i:1;i:1;i:2;i:2;i:3;}}i:52;a:4:{s:1:\"a\";i:53;s:1:\"b\";s:15:\"restore_message\";s:1:\"c\";s:3:\"web\";s:1:\"r\";a:3:{i:0;i:1;i:1;i:2;i:2;i:3;}}i:53;a:4:{s:1:\"a\";i:54;s:1:\"b\";s:19:\"restore_any_message\";s:1:\"c\";s:3:\"web\";s:1:\"r\";a:3:{i:0;i:1;i:1;i:2;i:2;i:3;}}i:54;a:4:{s:1:\"a\";i:55;s:1:\"b\";s:17:\"replicate_message\";s:1:\"c\";s:3:\"web\";s:1:\"r\";a:3:{i:0;i:1;i:1;i:2;i:2;i:3;}}i:55;a:4:{s:1:\"a\";i:56;s:1:\"b\";s:15:\"reorder_message\";s:1:\"c\";s:3:\"web\";s:1:\"r\";a:3:{i:0;i:1;i:1;i:2;i:2;i:3;}}i:56;a:4:{s:1:\"a\";i:57;s:1:\"b\";s:14:\"delete_message\";s:1:\"c\";s:3:\"web\";s:1:\"r\";a:3:{i:0;i:1;i:1;i:2;i:2;i:3;}}i:57;a:4:{s:1:\"a\";i:58;s:1:\"b\";s:18:\"delete_any_message\";s:1:\"c\";s:3:\"web\";s:1:\"r\";a:3:{i:0;i:1;i:1;i:2;i:2;i:3;}}i:58;a:4:{s:1:\"a\";i:59;s:1:\"b\";s:20:\"force_delete_message\";s:1:\"c\";s:3:\"web\";s:1:\"r\";a:3:{i:0;i:1;i:1;i:2;i:2;i:3;}}i:59;a:4:{s:1:\"a\";i:60;s:1:\"b\";s:24:\"force_delete_any_message\";s:1:\"c\";s:3:\"web\";s:1:\"r\";a:3:{i:0;i:1;i:1;i:2;i:2;i:3;}}i:60;a:4:{s:1:\"a\";i:61;s:1:\"b\";s:16:\"view_news::event\";s:1:\"c\";s:3:\"web\";s:1:\"r\";a:3:{i:0;i:1;i:1;i:2;i:2;i:3;}}i:61;a:4:{s:1:\"a\";i:62;s:1:\"b\";s:20:\"view_any_news::event\";s:1:\"c\";s:3:\"web\";s:1:\"r\";a:3:{i:0;i:1;i:1;i:2;i:2;i:3;}}i:62;a:4:{s:1:\"a\";i:63;s:1:\"b\";s:18:\"create_news::event\";s:1:\"c\";s:3:\"web\";s:1:\"r\";a:3:{i:0;i:1;i:1;i:2;i:2;i:3;}}i:63;a:4:{s:1:\"a\";i:64;s:1:\"b\";s:18:\"update_news::event\";s:1:\"c\";s:3:\"web\";s:1:\"r\";a:3:{i:0;i:1;i:1;i:2;i:2;i:3;}}i:64;a:4:{s:1:\"a\";i:65;s:1:\"b\";s:19:\"restore_news::event\";s:1:\"c\";s:3:\"web\";s:1:\"r\";a:3:{i:0;i:1;i:1;i:2;i:2;i:3;}}i:65;a:4:{s:1:\"a\";i:66;s:1:\"b\";s:23:\"restore_any_news::event\";s:1:\"c\";s:3:\"web\";s:1:\"r\";a:3:{i:0;i:1;i:1;i:2;i:2;i:3;}}i:66;a:4:{s:1:\"a\";i:67;s:1:\"b\";s:21:\"replicate_news::event\";s:1:\"c\";s:3:\"web\";s:1:\"r\";a:3:{i:0;i:1;i:1;i:2;i:2;i:3;}}i:67;a:4:{s:1:\"a\";i:68;s:1:\"b\";s:19:\"reorder_news::event\";s:1:\"c\";s:3:\"web\";s:1:\"r\";a:3:{i:0;i:1;i:1;i:2;i:2;i:3;}}i:68;a:4:{s:1:\"a\";i:69;s:1:\"b\";s:18:\"delete_news::event\";s:1:\"c\";s:3:\"web\";s:1:\"r\";a:3:{i:0;i:1;i:1;i:2;i:2;i:3;}}i:69;a:4:{s:1:\"a\";i:70;s:1:\"b\";s:22:\"delete_any_news::event\";s:1:\"c\";s:3:\"web\";s:1:\"r\";a:3:{i:0;i:1;i:1;i:2;i:2;i:3;}}i:70;a:4:{s:1:\"a\";i:71;s:1:\"b\";s:24:\"force_delete_news::event\";s:1:\"c\";s:3:\"web\";s:1:\"r\";a:3:{i:0;i:1;i:1;i:2;i:2;i:3;}}i:71;a:4:{s:1:\"a\";i:72;s:1:\"b\";s:28:\"force_delete_any_news::event\";s:1:\"c\";s:3:\"web\";s:1:\"r\";a:3:{i:0;i:1;i:1;i:2;i:2;i:3;}}i:72;a:4:{s:1:\"a\";i:73;s:1:\"b\";s:11:\"view_notice\";s:1:\"c\";s:3:\"web\";s:1:\"r\";a:3:{i:0;i:1;i:1;i:2;i:2;i:3;}}i:73;a:4:{s:1:\"a\";i:74;s:1:\"b\";s:15:\"view_any_notice\";s:1:\"c\";s:3:\"web\";s:1:\"r\";a:3:{i:0;i:1;i:1;i:2;i:2;i:3;}}i:74;a:4:{s:1:\"a\";i:75;s:1:\"b\";s:13:\"create_notice\";s:1:\"c\";s:3:\"web\";s:1:\"r\";a:3:{i:0;i:1;i:1;i:2;i:2;i:3;}}i:75;a:4:{s:1:\"a\";i:76;s:1:\"b\";s:13:\"update_notice\";s:1:\"c\";s:3:\"web\";s:1:\"r\";a:3:{i:0;i:1;i:1;i:2;i:2;i:3;}}i:76;a:4:{s:1:\"a\";i:77;s:1:\"b\";s:14:\"restore_notice\";s:1:\"c\";s:3:\"web\";s:1:\"r\";a:3:{i:0;i:1;i:1;i:2;i:2;i:3;}}i:77;a:4:{s:1:\"a\";i:78;s:1:\"b\";s:18:\"restore_any_notice\";s:1:\"c\";s:3:\"web\";s:1:\"r\";a:3:{i:0;i:1;i:1;i:2;i:2;i:3;}}i:78;a:4:{s:1:\"a\";i:79;s:1:\"b\";s:16:\"replicate_notice\";s:1:\"c\";s:3:\"web\";s:1:\"r\";a:3:{i:0;i:1;i:1;i:2;i:2;i:3;}}i:79;a:4:{s:1:\"a\";i:80;s:1:\"b\";s:14:\"reorder_notice\";s:1:\"c\";s:3:\"web\";s:1:\"r\";a:3:{i:0;i:1;i:1;i:2;i:2;i:3;}}i:80;a:4:{s:1:\"a\";i:81;s:1:\"b\";s:13:\"delete_notice\";s:1:\"c\";s:3:\"web\";s:1:\"r\";a:3:{i:0;i:1;i:1;i:2;i:2;i:3;}}i:81;a:4:{s:1:\"a\";i:82;s:1:\"b\";s:17:\"delete_any_notice\";s:1:\"c\";s:3:\"web\";s:1:\"r\";a:3:{i:0;i:1;i:1;i:2;i:2;i:3;}}i:82;a:4:{s:1:\"a\";i:83;s:1:\"b\";s:19:\"force_delete_notice\";s:1:\"c\";s:3:\"web\";s:1:\"r\";a:3:{i:0;i:1;i:1;i:2;i:2;i:3;}}i:83;a:4:{s:1:\"a\";i:84;s:1:\"b\";s:23:\"force_delete_any_notice\";s:1:\"c\";s:3:\"web\";s:1:\"r\";a:3:{i:0;i:1;i:1;i:2;i:2;i:3;}}i:84;a:4:{s:1:\"a\";i:85;s:1:\"b\";s:9:\"view_page\";s:1:\"c\";s:3:\"web\";s:1:\"r\";a:3:{i:0;i:1;i:1;i:2;i:2;i:3;}}i:85;a:4:{s:1:\"a\";i:86;s:1:\"b\";s:13:\"view_any_page\";s:1:\"c\";s:3:\"web\";s:1:\"r\";a:3:{i:0;i:1;i:1;i:2;i:2;i:3;}}i:86;a:4:{s:1:\"a\";i:87;s:1:\"b\";s:11:\"create_page\";s:1:\"c\";s:3:\"web\";s:1:\"r\";a:3:{i:0;i:1;i:1;i:2;i:2;i:3;}}i:87;a:4:{s:1:\"a\";i:88;s:1:\"b\";s:11:\"update_page\";s:1:\"c\";s:3:\"web\";s:1:\"r\";a:3:{i:0;i:1;i:1;i:2;i:2;i:3;}}i:88;a:4:{s:1:\"a\";i:89;s:1:\"b\";s:12:\"restore_page\";s:1:\"c\";s:3:\"web\";s:1:\"r\";a:3:{i:0;i:1;i:1;i:2;i:2;i:3;}}i:89;a:4:{s:1:\"a\";i:90;s:1:\"b\";s:16:\"restore_any_page\";s:1:\"c\";s:3:\"web\";s:1:\"r\";a:3:{i:0;i:1;i:1;i:2;i:2;i:3;}}i:90;a:4:{s:1:\"a\";i:91;s:1:\"b\";s:14:\"replicate_page\";s:1:\"c\";s:3:\"web\";s:1:\"r\";a:3:{i:0;i:1;i:1;i:2;i:2;i:3;}}i:91;a:4:{s:1:\"a\";i:92;s:1:\"b\";s:12:\"reorder_page\";s:1:\"c\";s:3:\"web\";s:1:\"r\";a:3:{i:0;i:1;i:1;i:2;i:2;i:3;}}i:92;a:4:{s:1:\"a\";i:93;s:1:\"b\";s:11:\"delete_page\";s:1:\"c\";s:3:\"web\";s:1:\"r\";a:3:{i:0;i:1;i:1;i:2;i:2;i:3;}}i:93;a:4:{s:1:\"a\";i:94;s:1:\"b\";s:15:\"delete_any_page\";s:1:\"c\";s:3:\"web\";s:1:\"r\";a:3:{i:0;i:1;i:1;i:2;i:2;i:3;}}i:94;a:4:{s:1:\"a\";i:95;s:1:\"b\";s:17:\"force_delete_page\";s:1:\"c\";s:3:\"web\";s:1:\"r\";a:3:{i:0;i:1;i:1;i:2;i:2;i:3;}}i:95;a:4:{s:1:\"a\";i:96;s:1:\"b\";s:21:\"force_delete_any_page\";s:1:\"c\";s:3:\"web\";s:1:\"r\";a:3:{i:0;i:1;i:1;i:2;i:2;i:3;}}i:96;a:4:{s:1:\"a\";i:97;s:1:\"b\";s:20:\"view_sidebar::widget\";s:1:\"c\";s:3:\"web\";s:1:\"r\";a:3:{i:0;i:1;i:1;i:2;i:2;i:3;}}i:97;a:4:{s:1:\"a\";i:98;s:1:\"b\";s:24:\"view_any_sidebar::widget\";s:1:\"c\";s:3:\"web\";s:1:\"r\";a:3:{i:0;i:1;i:1;i:2;i:2;i:3;}}i:98;a:4:{s:1:\"a\";i:99;s:1:\"b\";s:22:\"create_sidebar::widget\";s:1:\"c\";s:3:\"web\";s:1:\"r\";a:3:{i:0;i:1;i:1;i:2;i:2;i:3;}}i:99;a:4:{s:1:\"a\";i:100;s:1:\"b\";s:22:\"update_sidebar::widget\";s:1:\"c\";s:3:\"web\";s:1:\"r\";a:3:{i:0;i:1;i:1;i:2;i:2;i:3;}}i:100;a:4:{s:1:\"a\";i:101;s:1:\"b\";s:23:\"restore_sidebar::widget\";s:1:\"c\";s:3:\"web\";s:1:\"r\";a:3:{i:0;i:1;i:1;i:2;i:2;i:3;}}i:101;a:4:{s:1:\"a\";i:102;s:1:\"b\";s:27:\"restore_any_sidebar::widget\";s:1:\"c\";s:3:\"web\";s:1:\"r\";a:3:{i:0;i:1;i:1;i:2;i:2;i:3;}}i:102;a:4:{s:1:\"a\";i:103;s:1:\"b\";s:25:\"replicate_sidebar::widget\";s:1:\"c\";s:3:\"web\";s:1:\"r\";a:3:{i:0;i:1;i:1;i:2;i:2;i:3;}}i:103;a:4:{s:1:\"a\";i:104;s:1:\"b\";s:23:\"reorder_sidebar::widget\";s:1:\"c\";s:3:\"web\";s:1:\"r\";a:3:{i:0;i:1;i:1;i:2;i:2;i:3;}}i:104;a:4:{s:1:\"a\";i:105;s:1:\"b\";s:22:\"delete_sidebar::widget\";s:1:\"c\";s:3:\"web\";s:1:\"r\";a:3:{i:0;i:1;i:1;i:2;i:2;i:3;}}i:105;a:4:{s:1:\"a\";i:106;s:1:\"b\";s:26:\"delete_any_sidebar::widget\";s:1:\"c\";s:3:\"web\";s:1:\"r\";a:3:{i:0;i:1;i:1;i:2;i:2;i:3;}}i:106;a:4:{s:1:\"a\";i:107;s:1:\"b\";s:28:\"force_delete_sidebar::widget\";s:1:\"c\";s:3:\"web\";s:1:\"r\";a:3:{i:0;i:1;i:1;i:2;i:2;i:3;}}i:107;a:4:{s:1:\"a\";i:108;s:1:\"b\";s:32:\"force_delete_any_sidebar::widget\";s:1:\"c\";s:3:\"web\";s:1:\"r\";a:3:{i:0;i:1;i:1;i:2;i:2;i:3;}}i:108;a:4:{s:1:\"a\";i:109;s:1:\"b\";s:11:\"view_slider\";s:1:\"c\";s:3:\"web\";s:1:\"r\";a:3:{i:0;i:1;i:1;i:2;i:2;i:3;}}i:109;a:4:{s:1:\"a\";i:110;s:1:\"b\";s:15:\"view_any_slider\";s:1:\"c\";s:3:\"web\";s:1:\"r\";a:3:{i:0;i:1;i:1;i:2;i:2;i:3;}}i:110;a:4:{s:1:\"a\";i:111;s:1:\"b\";s:13:\"create_slider\";s:1:\"c\";s:3:\"web\";s:1:\"r\";a:3:{i:0;i:1;i:1;i:2;i:2;i:3;}}i:111;a:4:{s:1:\"a\";i:112;s:1:\"b\";s:13:\"update_slider\";s:1:\"c\";s:3:\"web\";s:1:\"r\";a:3:{i:0;i:1;i:1;i:2;i:2;i:3;}}i:112;a:4:{s:1:\"a\";i:113;s:1:\"b\";s:14:\"restore_slider\";s:1:\"c\";s:3:\"web\";s:1:\"r\";a:3:{i:0;i:1;i:1;i:2;i:2;i:3;}}i:113;a:4:{s:1:\"a\";i:114;s:1:\"b\";s:18:\"restore_any_slider\";s:1:\"c\";s:3:\"web\";s:1:\"r\";a:3:{i:0;i:1;i:1;i:2;i:2;i:3;}}i:114;a:4:{s:1:\"a\";i:115;s:1:\"b\";s:16:\"replicate_slider\";s:1:\"c\";s:3:\"web\";s:1:\"r\";a:3:{i:0;i:1;i:1;i:2;i:2;i:3;}}i:115;a:4:{s:1:\"a\";i:116;s:1:\"b\";s:14:\"reorder_slider\";s:1:\"c\";s:3:\"web\";s:1:\"r\";a:3:{i:0;i:1;i:1;i:2;i:2;i:3;}}i:116;a:4:{s:1:\"a\";i:117;s:1:\"b\";s:13:\"delete_slider\";s:1:\"c\";s:3:\"web\";s:1:\"r\";a:3:{i:0;i:1;i:1;i:2;i:2;i:3;}}i:117;a:4:{s:1:\"a\";i:118;s:1:\"b\";s:17:\"delete_any_slider\";s:1:\"c\";s:3:\"web\";s:1:\"r\";a:3:{i:0;i:1;i:1;i:2;i:2;i:3;}}i:118;a:4:{s:1:\"a\";i:119;s:1:\"b\";s:19:\"force_delete_slider\";s:1:\"c\";s:3:\"web\";s:1:\"r\";a:3:{i:0;i:1;i:1;i:2;i:2;i:3;}}i:119;a:4:{s:1:\"a\";i:120;s:1:\"b\";s:23:\"force_delete_any_slider\";s:1:\"c\";s:3:\"web\";s:1:\"r\";a:3:{i:0;i:1;i:1;i:2;i:2;i:3;}}i:120;a:4:{s:1:\"a\";i:121;s:1:\"b\";s:9:\"view_user\";s:1:\"c\";s:3:\"web\";s:1:\"r\";a:2:{i:0;i:1;i:1;i:2;}}i:121;a:4:{s:1:\"a\";i:122;s:1:\"b\";s:13:\"view_any_user\";s:1:\"c\";s:3:\"web\";s:1:\"r\";a:2:{i:0;i:1;i:1;i:2;}}i:122;a:4:{s:1:\"a\";i:123;s:1:\"b\";s:11:\"create_user\";s:1:\"c\";s:3:\"web\";s:1:\"r\";a:2:{i:0;i:1;i:1;i:2;}}i:123;a:4:{s:1:\"a\";i:124;s:1:\"b\";s:11:\"update_user\";s:1:\"c\";s:3:\"web\";s:1:\"r\";a:2:{i:0;i:1;i:1;i:2;}}i:124;a:4:{s:1:\"a\";i:125;s:1:\"b\";s:12:\"restore_user\";s:1:\"c\";s:3:\"web\";s:1:\"r\";a:2:{i:0;i:1;i:1;i:2;}}i:125;a:4:{s:1:\"a\";i:126;s:1:\"b\";s:16:\"restore_any_user\";s:1:\"c\";s:3:\"web\";s:1:\"r\";a:2:{i:0;i:1;i:1;i:2;}}i:126;a:4:{s:1:\"a\";i:127;s:1:\"b\";s:14:\"replicate_user\";s:1:\"c\";s:3:\"web\";s:1:\"r\";a:2:{i:0;i:1;i:1;i:2;}}i:127;a:4:{s:1:\"a\";i:128;s:1:\"b\";s:12:\"reorder_user\";s:1:\"c\";s:3:\"web\";s:1:\"r\";a:2:{i:0;i:1;i:1;i:2;}}i:128;a:4:{s:1:\"a\";i:129;s:1:\"b\";s:11:\"delete_user\";s:1:\"c\";s:3:\"web\";s:1:\"r\";a:2:{i:0;i:1;i:1;i:2;}}i:129;a:4:{s:1:\"a\";i:130;s:1:\"b\";s:15:\"delete_any_user\";s:1:\"c\";s:3:\"web\";s:1:\"r\";a:2:{i:0;i:1;i:1;i:2;}}i:130;a:4:{s:1:\"a\";i:131;s:1:\"b\";s:17:\"force_delete_user\";s:1:\"c\";s:3:\"web\";s:1:\"r\";a:2:{i:0;i:1;i:1;i:2;}}i:131;a:4:{s:1:\"a\";i:132;s:1:\"b\";s:21:\"force_delete_any_user\";s:1:\"c\";s:3:\"web\";s:1:\"r\";a:2:{i:0;i:1;i:1;i:2;}}i:132;a:4:{s:1:\"a\";i:133;s:1:\"b\";s:21:\"view_welcome::section\";s:1:\"c\";s:3:\"web\";s:1:\"r\";a:3:{i:0;i:1;i:1;i:2;i:2;i:3;}}i:133;a:4:{s:1:\"a\";i:134;s:1:\"b\";s:25:\"view_any_welcome::section\";s:1:\"c\";s:3:\"web\";s:1:\"r\";a:3:{i:0;i:1;i:1;i:2;i:2;i:3;}}i:134;a:4:{s:1:\"a\";i:135;s:1:\"b\";s:23:\"create_welcome::section\";s:1:\"c\";s:3:\"web\";s:1:\"r\";a:3:{i:0;i:1;i:1;i:2;i:2;i:3;}}i:135;a:4:{s:1:\"a\";i:136;s:1:\"b\";s:23:\"update_welcome::section\";s:1:\"c\";s:3:\"web\";s:1:\"r\";a:3:{i:0;i:1;i:1;i:2;i:2;i:3;}}i:136;a:4:{s:1:\"a\";i:137;s:1:\"b\";s:24:\"restore_welcome::section\";s:1:\"c\";s:3:\"web\";s:1:\"r\";a:3:{i:0;i:1;i:1;i:2;i:2;i:3;}}i:137;a:4:{s:1:\"a\";i:138;s:1:\"b\";s:28:\"restore_any_welcome::section\";s:1:\"c\";s:3:\"web\";s:1:\"r\";a:3:{i:0;i:1;i:1;i:2;i:2;i:3;}}i:138;a:4:{s:1:\"a\";i:139;s:1:\"b\";s:26:\"replicate_welcome::section\";s:1:\"c\";s:3:\"web\";s:1:\"r\";a:3:{i:0;i:1;i:1;i:2;i:2;i:3;}}i:139;a:4:{s:1:\"a\";i:140;s:1:\"b\";s:24:\"reorder_welcome::section\";s:1:\"c\";s:3:\"web\";s:1:\"r\";a:3:{i:0;i:1;i:1;i:2;i:2;i:3;}}i:140;a:4:{s:1:\"a\";i:141;s:1:\"b\";s:23:\"delete_welcome::section\";s:1:\"c\";s:3:\"web\";s:1:\"r\";a:3:{i:0;i:1;i:1;i:2;i:2;i:3;}}i:141;a:4:{s:1:\"a\";i:142;s:1:\"b\";s:27:\"delete_any_welcome::section\";s:1:\"c\";s:3:\"web\";s:1:\"r\";a:3:{i:0;i:1;i:1;i:2;i:2;i:3;}}i:142;a:4:{s:1:\"a\";i:143;s:1:\"b\";s:29:\"force_delete_welcome::section\";s:1:\"c\";s:3:\"web\";s:1:\"r\";a:3:{i:0;i:1;i:1;i:2;i:2;i:3;}}i:143;a:4:{s:1:\"a\";i:144;s:1:\"b\";s:33:\"force_delete_any_welcome::section\";s:1:\"c\";s:3:\"web\";s:1:\"r\";a:3:{i:0;i:1;i:1;i:2;i:2;i:3;}}i:144;a:4:{s:1:\"a\";i:145;s:1:\"b\";s:17:\"page_ManageFooter\";s:1:\"c\";s:3:\"web\";s:1:\"r\";a:2:{i:0;i:1;i:1;i:2;}}i:145;a:4:{s:1:\"a\";i:146;s:1:\"b\";s:17:\"page_ManageHeader\";s:1:\"c\";s:3:\"web\";s:1:\"r\";a:2:{i:0;i:1;i:1;i:2;}}i:146;a:4:{s:1:\"a\";i:147;s:1:\"b\";s:24:\"page_ManageSidebarDesign\";s:1:\"c\";s:3:\"web\";s:1:\"r\";a:2:{i:0;i:1;i:1;i:2;}}i:147;a:4:{s:1:\"a\";i:148;s:1:\"b\";s:9:\"view_role\";s:1:\"c\";s:3:\"web\";s:1:\"r\";a:1:{i:0;i:1;}}i:148;a:4:{s:1:\"a\";i:149;s:1:\"b\";s:13:\"view_any_role\";s:1:\"c\";s:3:\"web\";s:1:\"r\";a:1:{i:0;i:1;}}i:149;a:4:{s:1:\"a\";i:150;s:1:\"b\";s:11:\"create_role\";s:1:\"c\";s:3:\"web\";s:1:\"r\";a:1:{i:0;i:1;}}i:150;a:4:{s:1:\"a\";i:151;s:1:\"b\";s:11:\"update_role\";s:1:\"c\";s:3:\"web\";s:1:\"r\";a:1:{i:0;i:1;}}i:151;a:4:{s:1:\"a\";i:152;s:1:\"b\";s:11:\"delete_role\";s:1:\"c\";s:3:\"web\";s:1:\"r\";a:1:{i:0;i:1;}}i:152;a:4:{s:1:\"a\";i:153;s:1:\"b\";s:15:\"delete_any_role\";s:1:\"c\";s:3:\"web\";s:1:\"r\";a:1:{i:0;i:1;}}i:153;a:4:{s:1:\"a\";i:154;s:1:\"b\";s:12:\"view_setting\";s:1:\"c\";s:3:\"web\";s:1:\"r\";a:1:{i:0;i:1;}}i:154;a:4:{s:1:\"a\";i:155;s:1:\"b\";s:16:\"view_any_setting\";s:1:\"c\";s:3:\"web\";s:1:\"r\";a:1:{i:0;i:1;}}i:155;a:4:{s:1:\"a\";i:156;s:1:\"b\";s:14:\"create_setting\";s:1:\"c\";s:3:\"web\";s:1:\"r\";a:1:{i:0;i:1;}}i:156;a:4:{s:1:\"a\";i:157;s:1:\"b\";s:14:\"update_setting\";s:1:\"c\";s:3:\"web\";s:1:\"r\";a:1:{i:0;i:1;}}i:157;a:4:{s:1:\"a\";i:158;s:1:\"b\";s:15:\"restore_setting\";s:1:\"c\";s:3:\"web\";s:1:\"r\";a:1:{i:0;i:1;}}i:158;a:4:{s:1:\"a\";i:159;s:1:\"b\";s:19:\"restore_any_setting\";s:1:\"c\";s:3:\"web\";s:1:\"r\";a:1:{i:0;i:1;}}i:159;a:4:{s:1:\"a\";i:160;s:1:\"b\";s:17:\"replicate_setting\";s:1:\"c\";s:3:\"web\";s:1:\"r\";a:1:{i:0;i:1;}}i:160;a:4:{s:1:\"a\";i:161;s:1:\"b\";s:15:\"reorder_setting\";s:1:\"c\";s:3:\"web\";s:1:\"r\";a:1:{i:0;i:1;}}i:161;a:4:{s:1:\"a\";i:162;s:1:\"b\";s:14:\"delete_setting\";s:1:\"c\";s:3:\"web\";s:1:\"r\";a:1:{i:0;i:1;}}i:162;a:4:{s:1:\"a\";i:163;s:1:\"b\";s:18:\"delete_any_setting\";s:1:\"c\";s:3:\"web\";s:1:\"r\";a:1:{i:0;i:1;}}i:163;a:4:{s:1:\"a\";i:164;s:1:\"b\";s:20:\"force_delete_setting\";s:1:\"c\";s:3:\"web\";s:1:\"r\";a:1:{i:0;i:1;}}i:164;a:4:{s:1:\"a\";i:165;s:1:\"b\";s:24:\"force_delete_any_setting\";s:1:\"c\";s:3:\"web\";s:1:\"r\";a:1:{i:0;i:1;}}}s:5:\"roles\";a:3:{i:0;a:3:{s:1:\"a\";i:1;s:1:\"b\";s:11:\"super_admin\";s:1:\"c\";s:3:\"web\";}i:1;a:3:{s:1:\"a\";i:2;s:1:\"b\";s:5:\"admin\";s:1:\"c\";s:3:\"web\";}i:2;a:3:{s:1:\"a\";i:3;s:1:\"b\";s:10:\"panel_user\";s:1:\"c\";s:3:\"web\";}}}', '1774626542');
INSERT INTO `cache` (`key`, `value`, `expiration`) VALUES ('laravel-cache-stats.notices_count', 'i:5;', '1774540616');
INSERT INTO `cache` (`key`, `value`, `expiration`) VALUES ('laravel-cache-stats.pages_count', 'i:26;', '1774540616');
INSERT INTO `cache` (`key`, `value`, `expiration`) VALUES ('laravel-cache-stats.sliders_count', 'i:3;', '1774540616');
INSERT INTO `cache` (`key`, `value`, `expiration`) VALUES ('laravel-cache-stats.users_count', 'i:7;', '1774540616');


CREATE TABLE `cache_locks` (
  `key` varchar(255) COLLATE utf8mb4_unicode_ci NOT NULL,
  `owner` varchar(255) COLLATE utf8mb4_unicode_ci NOT NULL,
  `expiration` int NOT NULL,
  PRIMARY KEY (`key`)
) ENGINE=InnoDB DEFAULT CHARSET=utf8mb4 COLLATE=utf8mb4_unicode_ci;



CREATE TABLE `failed_jobs` (
  `id` bigint unsigned NOT NULL AUTO_INCREMENT,
  `uuid` varchar(255) COLLATE utf8mb4_unicode_ci NOT NULL,
  `connection` text COLLATE utf8mb4_unicode_ci NOT NULL,
  `queue` text COLLATE utf8mb4_unicode_ci NOT NULL,
  `payload` longtext COLLATE utf8mb4_unicode_ci NOT NULL,
  `exception` longtext COLLATE utf8mb4_unicode_ci NOT NULL,
  `failed_at` timestamp NOT NULL DEFAULT CURRENT_TIMESTAMP,
  PRIMARY KEY (`id`),
  UNIQUE KEY `failed_jobs_uuid_unique` (`uuid`)
) ENGINE=InnoDB DEFAULT CHARSET=utf8mb4 COLLATE=utf8mb4_unicode_ci;



CREATE TABLE `footer_settings` (
  `id` bigint unsigned NOT NULL AUTO_INCREMENT,
  `logo_url` text COLLATE utf8mb4_unicode_ci,
  `school_name` varchar(255) COLLATE utf8mb4_unicode_ci NOT NULL DEFAULT 'Barishal Cantonment Public School & College',
  `contact_title` varchar(255) COLLATE utf8mb4_unicode_ci NOT NULL DEFAULT 'CONTACT',
  `contact_phones` text COLLATE utf8mb4_unicode_ci,
  `contact_email` varchar(255) COLLATE utf8mb4_unicode_ci DEFAULT NULL,
  `contact_address` text COLLATE utf8mb4_unicode_ci,
  `featured_links_title` varchar(255) COLLATE utf8mb4_unicode_ci NOT NULL DEFAULT 'FEATURED LINKS',
  `featured_links` text COLLATE utf8mb4_unicode_ci,
  `facebook_title` varchar(255) COLLATE utf8mb4_unicode_ci NOT NULL DEFAULT 'OUR FACEBOOK PAGE',
  `facebook_embed_url` text COLLATE utf8mb4_unicode_ci,
  `facebook_url` varchar(255) COLLATE utf8mb4_unicode_ci DEFAULT NULL,
  `twitter_url` varchar(255) COLLATE utf8mb4_unicode_ci DEFAULT NULL,
  `copyright_text` varchar(255) COLLATE utf8mb4_unicode_ci NOT NULL DEFAULT 'Copyright ©2024 BCPSC | Developed By Trust Innovation Ltd.',
  `privacy_policy_url` varchar(255) COLLATE utf8mb4_unicode_ci DEFAULT NULL,
  `created_at` timestamp NULL DEFAULT NULL,
  `updated_at` timestamp NULL DEFAULT NULL,
  PRIMARY KEY (`id`)
) ENGINE=InnoDB AUTO_INCREMENT=2 DEFAULT CHARSET=utf8mb4 COLLATE=utf8mb4_unicode_ci;

INSERT INTO `footer_settings` (`id`, `logo_url`, `school_name`, `contact_title`, `contact_phones`, `contact_email`, `contact_address`, `featured_links_title`, `featured_links`, `facebook_title`, `facebook_embed_url`, `facebook_url`, `twitter_url`, `copyright_text`, `privacy_policy_url`, `created_at`, `updated_at`) VALUES ('1', 'https://drive.google.com/file/d/1LpcYwD9mhMZcL-v1BM52V_dipYeqBpP6/view?usp=sharing', 'Dhaka Cantonment Girls\' Public School and College', 'CONTACT', '[{\"label\":\"Admin\",\"number\":\" 01769017725\"},{\"label\":\"Tuition Fee\",\"number\":\"01876862530\"},{\"label\":\"Transport\",\"number\":\"01769051740\"}]', 'dcgpsc2005@gmail.com', 'Signal Gate, Dhaka Cantonment\nDhaka-1206, Bangladesh.\nPhone (8am - 8pm)', 'Featured Links', '[{\"title\":\"Education Board\",\"url\":\"https:\\/\\/www.dhakaeducationboard.gov.bd\\/site\\/\"}]', 'Facebook Page', 'https://www.facebook.com/dcgpsc/', 'https://www.facebook.com/dcgpsc/', NULL, 'Copyright ©2026 dcgpsc| Developed By Trust Innovation Ltd..', NULL, '2025-11-22 20:27:15', '2026-03-16 10:17:49');


CREATE TABLE `governing_body_members` (
  `id` bigint unsigned NOT NULL AUTO_INCREMENT,
  `name` varchar(255) COLLATE utf8mb4_unicode_ci NOT NULL,
  `designation` varchar(255) COLLATE utf8mb4_unicode_ci DEFAULT NULL,
  `description` text COLLATE utf8mb4_unicode_ci,
  `photo_url` text COLLATE utf8mb4_unicode_ci,
  `order` int NOT NULL DEFAULT '0',
  `is_active` tinyint(1) NOT NULL DEFAULT '1',
  `created_at` timestamp NULL DEFAULT NULL,
  `updated_at` timestamp NULL DEFAULT NULL,
  `role_id` bigint unsigned DEFAULT NULL,
  PRIMARY KEY (`id`),
  KEY `governing_body_members_role_id_foreign` (`role_id`),
  CONSTRAINT `governing_body_members_role_id_foreign` FOREIGN KEY (`role_id`) REFERENCES `governing_body_roles` (`id`) ON DELETE SET NULL
) ENGINE=InnoDB AUTO_INCREMENT=18 DEFAULT CHARSET=utf8mb4 COLLATE=utf8mb4_unicode_ci;

INSERT INTO `governing_body_members` (`id`, `name`, `designation`, `description`, `photo_url`, `order`, `is_active`, `created_at`, `updated_at`, `role_id`) VALUES ('1', 'Brig Gen Kazi Mustafizur Rahman', 'SPP, ndc, psc', NULL, 'https://drive.google.com/thumbnail?id=1t3hzSL0QTEa3mNzGwa5-enEqwhXw6L8w&sz=w1920', '1', '1', '2026-03-10 10:17:29', '2026-03-23 15:00:45', '6');
INSERT INTO `governing_body_members` (`id`, `name`, `designation`, `description`, `photo_url`, `order`, `is_active`, `created_at`, `updated_at`, `role_id`) VALUES ('7', 'Col Md Mamun Azad Salehin', 'afwc, psc', NULL, 'https://drive.google.com/file/d/1hWnJoIPEfjXMTx73VsSh2Bp6cKoA6p86/view?usp=sharing', '2', '1', '2026-03-23 15:09:44', '2026-03-23 15:09:44', '9');
INSERT INTO `governing_body_members` (`id`, `name`, `designation`, `description`, `photo_url`, `order`, `is_active`, `created_at`, `updated_at`, `role_id`) VALUES ('8', 'Lt Col Farhana Pervin Khan', 'AEC', NULL, 'https://drive.google.com/file/d/11LW4nuLhstPc1wwunQ7EJArMRCxM34rI/view?usp=sharing', '3', '1', '2026-03-23 15:10:51', '2026-03-23 15:10:51', '8');
INSERT INTO `governing_body_members` (`id`, `name`, `designation`, `description`, `photo_url`, `order`, `is_active`, `created_at`, `updated_at`, `role_id`) VALUES ('9', 'Lt Col Md Ferdous Hasan', 'psc', 'Engrs GE (Army) North, Dhaka', 'https://drive.google.com/file/d/1nE1sJp-wIpbhw5cIeROd5y5dns_EWusD/view?usp=sharing', '4', '1', '2026-03-23 15:12:23', '2026-03-23 15:12:23', '10');
INSERT INTO `governing_body_members` (`id`, `name`, `designation`, `description`, `photo_url`, `order`, `is_active`, `created_at`, `updated_at`, `role_id`) VALUES ('10', 'Maj A.N.M. Saif Uddin', 'AEC', ' GSO-2 (Edn), AHQ GS Br, Edn Dte', 'https://drive.google.com/file/d/1bjYQByzBoRPQTSzs8pMnOS3aW2lp2mOq/view?usp=sharing', '5', '1', '2026-03-23 15:13:46', '2026-03-23 15:13:46', '8');
INSERT INTO `governing_body_members` (`id`, `name`, `designation`, `description`, `photo_url`, `order`, `is_active`, `created_at`, `updated_at`, `role_id`) VALUES ('11', 'Md. Kamruzzaman', NULL, NULL, 'https://drive.google.com/file/d/1qsWFbmsog1xIOrHmI2zeUY627hqfGyt7/view?usp=sharing', '6', '1', '2026-03-23 15:15:39', '2026-03-23 15:15:39', '15');
INSERT INTO `governing_body_members` (`id`, `name`, `designation`, `description`, `photo_url`, `order`, `is_active`, `created_at`, `updated_at`, `role_id`) VALUES ('12', 'Sarker Md. Gias Uddin', NULL, NULL, 'https://drive.google.com/file/d/1QnMqCpmhNQ8D6HWh12nTNVIkgvd93IiI/view?usp=sharing', '7', '1', '2026-03-23 15:16:50', '2026-03-23 15:16:50', '11');
INSERT INTO `governing_body_members` (`id`, `name`, `designation`, `description`, `photo_url`, `order`, `is_active`, `created_at`, `updated_at`, `role_id`) VALUES ('13', 'Mohammad Belal Uddin', NULL, NULL, 'https://drive.google.com/file/d/1L3tdHPc8DPo05ptBUvwTu-I0dH5rwHM-/view?usp=sharing', '8', '1', '2026-03-23 15:17:41', '2026-03-23 15:17:41', '12');
INSERT INTO `governing_body_members` (`id`, `name`, `designation`, `description`, `photo_url`, `order`, `is_active`, `created_at`, `updated_at`, `role_id`) VALUES ('14', 'Sumbul Zohra', NULL, NULL, 'https://drive.google.com/file/d/1Y11zs7z8jGpBgiQxLsSsLQ-LHsGxGQhC/view?usp=sharing', '9', '1', '2026-03-23 15:18:24', '2026-03-23 15:18:24', '12');
INSERT INTO `governing_body_members` (`id`, `name`, `designation`, `description`, `photo_url`, `order`, `is_active`, `created_at`, `updated_at`, `role_id`) VALUES ('15', 'Bidyut Cakrabarti', NULL, NULL, 'https://drive.google.com/file/d/1UeKmVrVCt8kL78ZjsBNiMK6U7xH5DSyw/view?usp=sharing', '10', '1', '2026-03-23 15:19:22', '2026-03-23 15:19:22', '13');
INSERT INTO `governing_body_members` (`id`, `name`, `designation`, `description`, `photo_url`, `order`, `is_active`, `created_at`, `updated_at`, `role_id`) VALUES ('16', 'Major Md. Ehsanul Haque', 'AMC', NULL, 'https://drive.google.com/file/d/1Hx5b6Jqb1B-ZiDXcrLBvt1HqA_BahPBG/view?usp=sharing', '11', '1', '2026-03-23 15:20:19', '2026-03-23 15:20:19', '13');
INSERT INTO `governing_body_members` (`id`, `name`, `designation`, `description`, `photo_url`, `order`, `is_active`, `created_at`, `updated_at`, `role_id`) VALUES ('17', 'Nadia Begum', NULL, NULL, 'https://drive.google.com/file/d/1z_V7AwpniZBXBBIDHCXoJ25H52dn8cbq/view?usp=sharing', '12', '1', '2026-03-23 15:21:04', '2026-03-23 15:21:04', '13');


CREATE TABLE `governing_body_roles` (
  `id` bigint unsigned NOT NULL AUTO_INCREMENT,
  `name` varchar(255) COLLATE utf8mb4_unicode_ci NOT NULL,
  `name_font_size` varchar(255) COLLATE utf8mb4_unicode_ci NOT NULL DEFAULT '1.2rem',
  `name_color` varchar(255) COLLATE utf8mb4_unicode_ci NOT NULL DEFAULT '#2c3e50',
  `designation_font_size` varchar(255) COLLATE utf8mb4_unicode_ci NOT NULL DEFAULT '1rem',
  `designation_color` varchar(255) COLLATE utf8mb4_unicode_ci NOT NULL DEFAULT '#3498db',
  `badge_bg_color` varchar(255) COLLATE utf8mb4_unicode_ci NOT NULL DEFAULT '#27ae60',
  `badge_text_color` varchar(255) COLLATE utf8mb4_unicode_ci NOT NULL DEFAULT '#ffffff',
  `order` int NOT NULL DEFAULT '0',
  `is_active` tinyint(1) NOT NULL DEFAULT '1',
  `created_at` timestamp NULL DEFAULT NULL,
  `updated_at` timestamp NULL DEFAULT NULL,
  PRIMARY KEY (`id`)
) ENGINE=InnoDB AUTO_INCREMENT=16 DEFAULT CHARSET=utf8mb4 COLLATE=utf8mb4_unicode_ci;

INSERT INTO `governing_body_roles` (`id`, `name`, `name_font_size`, `name_color`, `designation_font_size`, `designation_color`, `badge_bg_color`, `badge_text_color`, `order`, `is_active`, `created_at`, `updated_at`) VALUES ('5', 'Chief Patron', '16px', '#2c3e50', '1rem', '#015400', '#27ae60', '#ffffff', '0', '1', '2026-03-10 11:52:39', '2026-03-10 12:01:55');
INSERT INTO `governing_body_roles` (`id`, `name`, `name_font_size`, `name_color`, `designation_font_size`, `designation_color`, `badge_bg_color`, `badge_text_color`, `order`, `is_active`, `created_at`, `updated_at`) VALUES ('6', 'Chairman', '20px', '#2c3e50', '1rem', '#3498db', '#2980b9', '#ffffff', '0', '1', '2026-03-10 11:52:39', '2026-03-10 11:52:39');
INSERT INTO `governing_body_roles` (`id`, `name`, `name_font_size`, `name_color`, `designation_font_size`, `designation_color`, `badge_bg_color`, `badge_text_color`, `order`, `is_active`, `created_at`, `updated_at`) VALUES ('7', 'Secretary', '1.2rem', '#2c3e50', '1rem', '#3498db', '#8e44ad', '#ffffff', '0', '1', '2026-03-10 11:52:39', '2026-03-10 11:52:39');
INSERT INTO `governing_body_roles` (`id`, `name`, `name_font_size`, `name_color`, `designation_font_size`, `designation_color`, `badge_bg_color`, `badge_text_color`, `order`, `is_active`, `created_at`, `updated_at`) VALUES ('8', 'Member', '1.2rem', '#2c3e50', '1rem', '#3498db', '#27ae60', '#ffffff', '0', '1', '2026-03-10 11:52:39', '2026-03-10 11:52:39');
INSERT INTO `governing_body_roles` (`id`, `name`, `name_font_size`, `name_color`, `designation_font_size`, `designation_color`, `badge_bg_color`, `badge_text_color`, `order`, `is_active`, `created_at`, `updated_at`) VALUES ('9', 'Principal & Member Secretary', '20px', '#2c3e50', '16px', '#3498db', '#27ae60', '#ffffff', '0', '1', '2026-03-23 15:01:44', '2026-03-23 15:01:44');
INSERT INTO `governing_body_roles` (`id`, `name`, `name_font_size`, `name_color`, `designation_font_size`, `designation_color`, `badge_bg_color`, `badge_text_color`, `order`, `is_active`, `created_at`, `updated_at`) VALUES ('10', 'Member Representative', '20px', '#2c3e50', '16px', '#3498db', '#27ae60', '#ffffff', '0', '1', '2026-03-23 15:01:51', '2026-03-23 15:01:51');
INSERT INTO `governing_body_roles` (`id`, `name`, `name_font_size`, `name_color`, `designation_font_size`, `designation_color`, `badge_bg_color`, `badge_text_color`, `order`, `is_active`, `created_at`, `updated_at`) VALUES ('11', 'Teacher Representative, College', '20px', '#2c3e50', '16px', '#3498db', '#27ae60', '#ffffff', '0', '1', '2026-03-23 15:02:03', '2026-03-23 15:02:03');
INSERT INTO `governing_body_roles` (`id`, `name`, `name_font_size`, `name_color`, `designation_font_size`, `designation_color`, `badge_bg_color`, `badge_text_color`, `order`, `is_active`, `created_at`, `updated_at`) VALUES ('12', 'Teacher Representative, School', '20px', '#2c3e50', '16px', '#3498db', '#27ae60', '#ffffff', '0', '1', '2026-03-23 15:02:14', '2026-03-23 15:02:14');
INSERT INTO `governing_body_roles` (`id`, `name`, `name_font_size`, `name_color`, `designation_font_size`, `designation_color`, `badge_bg_color`, `badge_text_color`, `order`, `is_active`, `created_at`, `updated_at`) VALUES ('13', 'Guardian Representative, College', '20px', '#2c3e50', '16px', '#3498db', '#27ae60', '#ffffff', '0', '1', '2026-03-23 15:02:20', '2026-03-23 15:02:20');
INSERT INTO `governing_body_roles` (`id`, `name`, `name_font_size`, `name_color`, `designation_font_size`, `designation_color`, `badge_bg_color`, `badge_text_color`, `order`, `is_active`, `created_at`, `updated_at`) VALUES ('14', 'Guardian Representative, School', '20px', '#2c3e50', '16px', '#3498db', '#27ae60', '#ffffff', '0', '1', '2026-03-23 15:02:36', '2026-03-23 15:02:36');
INSERT INTO `governing_body_roles` (`id`, `name`, `name_font_size`, `name_color`, `designation_font_size`, `designation_color`, `badge_bg_color`, `badge_text_color`, `order`, `is_active`, `created_at`, `updated_at`) VALUES ('15', 'Vice Principal', '20px', '#2c3e50', '16px', '#3498db', '#27ae60', '#ffffff', '0', '1', '2026-03-23 15:14:41', '2026-03-23 15:14:41');


CREATE TABLE `header_settings` (
  `id` bigint unsigned NOT NULL AUTO_INCREMENT,
  `email` varchar(255) COLLATE utf8mb4_unicode_ci DEFAULT NULL,
  `phones` longtext CHARACTER SET utf8mb4 COLLATE utf8mb4_bin,
  `facebook_url` varchar(255) COLLATE utf8mb4_unicode_ci DEFAULT NULL,
  `youtube_url` varchar(255) COLLATE utf8mb4_unicode_ci DEFAULT NULL,
  `twitter_url` varchar(255) COLLATE utf8mb4_unicode_ci DEFAULT NULL,
  `instagram_url` varchar(255) COLLATE utf8mb4_unicode_ci DEFAULT NULL,
  `linkedin_url` varchar(255) COLLATE utf8mb4_unicode_ci DEFAULT NULL,
  `show_login_link` tinyint(1) NOT NULL DEFAULT '1',
  `logo_url` text COLLATE utf8mb4_unicode_ci,
  `favicon_url` text COLLATE utf8mb4_unicode_ci,
  `site_name` varchar(255) COLLATE utf8mb4_unicode_ci NOT NULL DEFAULT 'BARISHAL CANTONMENT PUBLIC SCHOOL & COLLEGE',
  `is_shop_enabled` tinyint(1) NOT NULL DEFAULT '1',
  `site_name_font_size` varchar(255) COLLATE utf8mb4_unicode_ci DEFAULT '1.5rem',
  `site_name_bangla` varchar(255) COLLATE utf8mb4_unicode_ci NOT NULL DEFAULT 'বরিশাল ক্যান্টনমেন্ট পাবলিক স্কুল ও কলেজ',
  `eiin` varchar(255) COLLATE utf8mb4_unicode_ci NOT NULL DEFAULT 'Barishal Cantonment, EIIN:136998',
  `action_buttons` longtext CHARACTER SET utf8mb4 COLLATE utf8mb4_bin,
  `show_notice_ticker` tinyint(1) DEFAULT '1',
  `notice_ticker_limit` int DEFAULT '10',
  `ticker_position` varchar(255) COLLATE utf8mb4_unicode_ci NOT NULL DEFAULT 'below_slider',
  `created_at` timestamp NULL DEFAULT NULL,
  `updated_at` timestamp NULL DEFAULT NULL,
  PRIMARY KEY (`id`),
  CONSTRAINT `header_settings_chk_1` CHECK (json_valid(`phones`)),
  CONSTRAINT `header_settings_chk_2` CHECK (json_valid(`action_buttons`))
) ENGINE=InnoDB AUTO_INCREMENT=2 DEFAULT CHARSET=utf8mb4 COLLATE=utf8mb4_unicode_ci;

INSERT INTO `header_settings` (`id`, `email`, `phones`, `facebook_url`, `youtube_url`, `twitter_url`, `instagram_url`, `linkedin_url`, `show_login_link`, `logo_url`, `favicon_url`, `site_name`, `is_shop_enabled`, `site_name_font_size`, `site_name_bangla`, `eiin`, `action_buttons`, `show_notice_ticker`, `notice_ticker_limit`, `ticker_position`, `created_at`, `updated_at`) VALUES ('1', 'dcgpsc2005@gmail.com', '[{\"number\":\"01769017725\"}]', NULL, NULL, NULL, NULL, NULL, '1', 'https://drive.google.com/file/d/1LpcYwD9mhMZcL-v1BM52V_dipYeqBpP6/view?usp=sharing', 'https://drive.google.com/file/d/1LpcYwD9mhMZcL-v1BM52V_dipYeqBpP6/view?usp=sharing', 'Dhaka Cantonment Girls\' Public School and College', '1', '22px', 'ঢাকা ক্যান্টনমেন্ট গার্লস পাবলিক স্কুল এন্ড কলেজ', 'School Code : 1160 | College Code : 1114 | EIIN : 132090', '[{\"url\":\"online-admission\",\"label\":\"Admission\",\"order\":\"2\",\"bg_color\":\"#f20000\",\"text_color\":\"#ffffff\"},{\"url\":\"https:\\/\\/admission.trusteduerp.xyz\\/job\\/apply?insId=1012\",\"label\":\"E-Recruement \",\"order\":\"1\",\"bg_color\":\"#00918d\",\"text_color\":\"#ffffff\"},{\"url\":\"https:\\/\\/s3.trusteduerp.xyz\\/st\\/login?insId=1012\",\"label\":\"Student Login\",\"order\":\"3\",\"bg_color\":\"#00a5d1\",\"text_color\":\"#ffffff\"}]', '1', '3', 'above_slider', '2025-11-22 20:34:32', '2026-03-26 10:29:10');


CREATE TABLE `important_links` (
  `id` bigint unsigned NOT NULL AUTO_INCREMENT,
  `title` varchar(255) COLLATE utf8mb4_unicode_ci NOT NULL,
  `url` varchar(255) COLLATE utf8mb4_unicode_ci NOT NULL,
  `order` int NOT NULL DEFAULT '0',
  `is_active` tinyint(1) NOT NULL DEFAULT '1',
  `created_at` timestamp NULL DEFAULT NULL,
  `updated_at` timestamp NULL DEFAULT NULL,
  `menu_id` bigint unsigned DEFAULT NULL,
  PRIMARY KEY (`id`),
  KEY `important_links_menu_id_foreign` (`menu_id`),
  CONSTRAINT `important_links_menu_id_foreign` FOREIGN KEY (`menu_id`) REFERENCES `menus` (`id`) ON DELETE SET NULL
) ENGINE=InnoDB AUTO_INCREMENT=16 DEFAULT CHARSET=utf8mb4 COLLATE=utf8mb4_unicode_ci;

INSERT INTO `important_links` (`id`, `title`, `url`, `order`, `is_active`, `created_at`, `updated_at`, `menu_id`) VALUES ('10', 'Governing Body', '/governing-body', '0', '1', '2026-03-14 15:27:50', '2026-03-14 15:27:50', '44');
INSERT INTO `important_links` (`id`, `title`, `url`, `order`, `is_active`, `created_at`, `updated_at`, `menu_id`) VALUES ('12', 'Message of the Chairman', '/message/brig-gen-kazi-mustafizur-rahman', '1', '1', '2026-03-23 15:44:33', '2026-03-23 15:44:33', '41');
INSERT INTO `important_links` (`id`, `title`, `url`, `order`, `is_active`, `created_at`, `updated_at`, `menu_id`) VALUES ('13', 'Message of Principal', '/message/col-md-mamun-azad-salehin', '2', '1', '2026-03-23 15:44:45', '2026-03-23 15:44:45', '42');
INSERT INTO `important_links` (`id`, `title`, `url`, `order`, `is_active`, `created_at`, `updated_at`, `menu_id`) VALUES ('14', 'History', '/history', '4', '1', '2026-03-23 15:44:57', '2026-03-23 15:44:57', '38');
INSERT INTO `important_links` (`id`, `title`, `url`, `order`, `is_active`, `created_at`, `updated_at`, `menu_id`) VALUES ('15', 'Mission & Vision', '/mission-vision', '5', '1', '2026-03-23 15:45:35', '2026-03-23 15:45:35', '65');


CREATE TABLE `job_batches` (
  `id` varchar(255) COLLATE utf8mb4_unicode_ci NOT NULL,
  `name` varchar(255) COLLATE utf8mb4_unicode_ci NOT NULL,
  `total_jobs` int NOT NULL,
  `pending_jobs` int NOT NULL,
  `failed_jobs` int NOT NULL,
  `failed_job_ids` longtext COLLATE utf8mb4_unicode_ci NOT NULL,
  `options` mediumtext COLLATE utf8mb4_unicode_ci,
  `cancelled_at` int DEFAULT NULL,
  `created_at` int NOT NULL,
  `finished_at` int DEFAULT NULL,
  PRIMARY KEY (`id`)
) ENGINE=InnoDB DEFAULT CHARSET=utf8mb4 COLLATE=utf8mb4_unicode_ci;



CREATE TABLE `jobs` (
  `id` bigint unsigned NOT NULL AUTO_INCREMENT,
  `queue` varchar(255) COLLATE utf8mb4_unicode_ci NOT NULL,
  `payload` longtext COLLATE utf8mb4_unicode_ci NOT NULL,
  `attempts` tinyint unsigned NOT NULL,
  `reserved_at` int unsigned DEFAULT NULL,
  `available_at` int unsigned NOT NULL,
  `created_at` int unsigned NOT NULL,
  PRIMARY KEY (`id`),
  KEY `jobs_queue_index` (`queue`)
) ENGINE=InnoDB DEFAULT CHARSET=utf8mb4 COLLATE=utf8mb4_unicode_ci;



CREATE TABLE `location_maps` (
  `id` bigint unsigned NOT NULL AUTO_INCREMENT,
  `title` varchar(255) COLLATE utf8mb4_unicode_ci NOT NULL DEFAULT 'Our Location',
  `embed_code` text COLLATE utf8mb4_unicode_ci,
  `address` varchar(255) COLLATE utf8mb4_unicode_ci DEFAULT NULL,
  `phone` varchar(255) COLLATE utf8mb4_unicode_ci DEFAULT NULL,
  `email` varchar(255) COLLATE utf8mb4_unicode_ci DEFAULT NULL,
  `is_active` tinyint(1) NOT NULL DEFAULT '1',
  `order` int NOT NULL DEFAULT '0',
  `created_at` timestamp NULL DEFAULT NULL,
  `updated_at` timestamp NULL DEFAULT NULL,
  PRIMARY KEY (`id`)
) ENGINE=InnoDB AUTO_INCREMENT=2 DEFAULT CHARSET=utf8mb4 COLLATE=utf8mb4_unicode_ci;

INSERT INTO `location_maps` (`id`, `title`, `embed_code`, `address`, `phone`, `email`, `is_active`, `order`, `created_at`, `updated_at`) VALUES ('1', 'Our Location', '<iframe src=\"https://www.google.com/maps/embed?pb=!1m18!1m12!1m3!1d3649.970349337053!2d90.39465411013288!3d23.819653386026452!2m3!1f0!2f0!3f0!3m2!1i1024!2i768!4f13.1!3m3!1m2!1s0x3755c6e660af53b7%3A0x1ffc06334426208c!2sDhaka%20Cantonment%20Girls&#39;%20Public%20School%20%26%20College!5e0!3m2!1sen!2sbd!4v1773502495145!5m2!1sen!2sbd\" width=\"600\" height=\"450\" style=\"border:0;\" allowfullscreen=\"\" loading=\"lazy\" referrerpolicy=\"no-referrer-when-downgrade\"></iframe>', 'menu', '01913162085', 'shimulvisa@gmail.com', '1', '0', '2026-01-01 01:45:51', '2026-03-14 15:35:43');


CREATE TABLE `menu_card_items` (
  `id` bigint unsigned NOT NULL AUTO_INCREMENT,
  `menu_card_id` bigint unsigned NOT NULL,
  `title` varchar(255) COLLATE utf8mb4_unicode_ci NOT NULL,
  `url` varchar(255) COLLATE utf8mb4_unicode_ci DEFAULT NULL,
  `page_id` bigint unsigned DEFAULT NULL,
  `order` int NOT NULL DEFAULT '0',
  `is_active` tinyint(1) NOT NULL DEFAULT '1',
  `created_at` timestamp NULL DEFAULT NULL,
  `updated_at` timestamp NULL DEFAULT NULL,
  PRIMARY KEY (`id`),
  KEY `menu_card_items_menu_card_id_foreign` (`menu_card_id`),
  KEY `menu_card_items_page_id_foreign` (`page_id`),
  CONSTRAINT `menu_card_items_menu_card_id_foreign` FOREIGN KEY (`menu_card_id`) REFERENCES `menu_cards` (`id`) ON DELETE CASCADE,
  CONSTRAINT `menu_card_items_page_id_foreign` FOREIGN KEY (`page_id`) REFERENCES `pages` (`id`) ON DELETE SET NULL
) ENGINE=InnoDB AUTO_INCREMENT=9 DEFAULT CHARSET=utf8mb4 COLLATE=utf8mb4_unicode_ci;

INSERT INTO `menu_card_items` (`id`, `menu_card_id`, `title`, `url`, `page_id`, `order`, `is_active`, `created_at`, `updated_at`) VALUES ('1', '1', 'History', NULL, '21', '1', '1', '2025-11-22 19:47:46', '2026-03-26 09:28:46');
INSERT INTO `menu_card_items` (`id`, `menu_card_id`, `title`, `url`, `page_id`, `order`, `is_active`, `created_at`, `updated_at`) VALUES ('2', '1', 'Governing Body', NULL, '23', '2', '1', '2025-11-22 19:48:51', '2026-03-26 09:28:46');
INSERT INTO `menu_card_items` (`id`, `menu_card_id`, `title`, `url`, `page_id`, `order`, `is_active`, `created_at`, `updated_at`) VALUES ('3', '1', 'Mission & Vision', NULL, '44', '3', '1', '2025-12-14 22:50:30', '2026-03-26 09:28:46');
INSERT INTO `menu_card_items` (`id`, `menu_card_id`, `title`, `url`, `page_id`, `order`, `is_active`, `created_at`, `updated_at`) VALUES ('4', '1', 'At a Glance', NULL, '20', '4', '1', '2025-12-14 22:52:06', '2026-03-26 09:28:46');
INSERT INTO `menu_card_items` (`id`, `menu_card_id`, `title`, `url`, `page_id`, `order`, `is_active`, `created_at`, `updated_at`) VALUES ('5', '2', 'Academic Calendar', NULL, NULL, '1', '1', '2025-12-14 22:55:15', '2026-03-26 09:31:17');
INSERT INTO `menu_card_items` (`id`, `menu_card_id`, `title`, `url`, `page_id`, `order`, `is_active`, `created_at`, `updated_at`) VALUES ('6', '2', 'Syllabus', NULL, NULL, '2', '1', '2025-12-14 22:55:15', '2026-03-26 09:30:37');
INSERT INTO `menu_card_items` (`id`, `menu_card_id`, `title`, `url`, `page_id`, `order`, `is_active`, `created_at`, `updated_at`) VALUES ('7', '2', 'Class Routine', NULL, NULL, '3', '1', '2025-12-14 22:55:15', '2026-03-26 09:30:37');
INSERT INTO `menu_card_items` (`id`, `menu_card_id`, `title`, `url`, `page_id`, `order`, `is_active`, `created_at`, `updated_at`) VALUES ('8', '2', 'Bus Schedule', NULL, NULL, '4', '1', '2025-12-14 22:55:15', '2026-03-26 09:30:37');


CREATE TABLE `menu_card_settings` (
  `id` bigint unsigned NOT NULL AUTO_INCREMENT,
  `created_at` timestamp NULL DEFAULT NULL,
  `updated_at` timestamp NULL DEFAULT NULL,
  PRIMARY KEY (`id`)
) ENGINE=InnoDB DEFAULT CHARSET=utf8mb4 COLLATE=utf8mb4_unicode_ci;



CREATE TABLE `menu_cards` (
  `id` bigint unsigned NOT NULL AUTO_INCREMENT,
  `title` varchar(255) COLLATE utf8mb4_unicode_ci NOT NULL,
  `icon_url` text COLLATE utf8mb4_unicode_ci,
  `bg_color` varchar(255) COLLATE utf8mb4_unicode_ci NOT NULL DEFAULT '#0a4d3c',
  `template` varchar(255) COLLATE utf8mb4_unicode_ci NOT NULL DEFAULT 'template_1',
  `order` int NOT NULL DEFAULT '0',
  `is_active` tinyint(1) NOT NULL DEFAULT '1',
  `created_at` timestamp NULL DEFAULT NULL,
  `updated_at` timestamp NULL DEFAULT NULL,
  PRIMARY KEY (`id`)
) ENGINE=InnoDB AUTO_INCREMENT=7 DEFAULT CHARSET=utf8mb4 COLLATE=utf8mb4_unicode_ci;

INSERT INTO `menu_cards` (`id`, `title`, `icon_url`, `bg_color`, `template`, `order`, `is_active`, `created_at`, `updated_at`) VALUES ('1', 'About', 'https://bacpsc.edu.bd/wp-content/uploads/2024/10/pngwing.com-6-qjw6xoa2zmq0bmfiy0y114xrtalnymruj74dk6aj1k.png', '#0a4d3c', 'template_1', '1', '1', '2025-11-22 19:47:46', '2025-12-14 19:45:10');
INSERT INTO `menu_cards` (`id`, `title`, `icon_url`, `bg_color`, `template`, `order`, `is_active`, `created_at`, `updated_at`) VALUES ('2', 'Academic Info', 'https://bacpsc.edu.bd/wp-content/uploads/2024/10/school-icon-png-14040-pzdxpp8il32glqq3zma2c8b3htb2falm60ey31hv54.png', '#0a4d3c', 'template_1', '2', '1', '2025-12-09 21:29:59', '2025-12-14 22:46:31');
INSERT INTO `menu_cards` (`id`, `title`, `icon_url`, `bg_color`, `template`, `order`, `is_active`, `created_at`, `updated_at`) VALUES ('3', 'Student Corner', 'https://bacpsc.edu.bd/wp-content/uploads/2024/10/school-icon-png-14053-pzdxpq6crx3qxcoqu4oowq2k376fmzpci52fkbggyw.png', '#0a4d3c', 'template_1', '3', '1', '2025-12-14 22:44:50', '2025-12-14 22:47:12');
INSERT INTO `menu_cards` (`id`, `title`, `icon_url`, `bg_color`, `template`, `order`, `is_active`, `created_at`, `updated_at`) VALUES ('4', 'Administration', 'https://bacpsc.edu.bd/wp-content/uploads/2024/10/pngwing.com-2-300x300-1.png', '#0a4d3c', 'template_1', '4', '1', '2025-12-14 22:45:05', '2025-12-14 22:47:41');
INSERT INTO `menu_cards` (`id`, `title`, `icon_url`, `bg_color`, `template`, `order`, `is_active`, `created_at`, `updated_at`) VALUES ('5', 'Download', 'https://bacpsc.edu.bd/wp-content/uploads/2024/10/pngwing.com-1-q1mcc20kb9pnbp6i2e0av4bmi1g44gltvkxcl1p0q0.png', '#0a4d3c', 'template_1', '5', '1', '2025-12-14 22:45:16', '2025-12-14 22:48:15');
INSERT INTO `menu_cards` (`id`, `title`, `icon_url`, `bg_color`, `template`, `order`, `is_active`, `created_at`, `updated_at`) VALUES ('6', 'Miscellaneous', 'https://bacpsc.edu.bd/wp-content/uploads/2024/10/5231713-pzdy71dcn2suqtjir42cbut5xnusebfdvtlcqrsgdk.png', '#0a4d3c', 'template_1', '6', '1', '2025-12-14 22:45:52', '2025-12-14 22:48:36');


CREATE TABLE `menus` (
  `id` bigint unsigned NOT NULL AUTO_INCREMENT,
  `title` varchar(255) COLLATE utf8mb4_unicode_ci NOT NULL,
  `url` varchar(255) COLLATE utf8mb4_unicode_ci DEFAULT NULL,
  `page_id` bigint unsigned DEFAULT NULL,
  `parent_id` bigint unsigned DEFAULT NULL,
  `order` int NOT NULL DEFAULT '0',
  `is_active` tinyint(1) NOT NULL DEFAULT '1',
  `is_highlighted` tinyint(1) NOT NULL DEFAULT '0',
  `highlight_color` varchar(255) COLLATE utf8mb4_unicode_ci DEFAULT NULL,
  `created_at` timestamp NULL DEFAULT NULL,
  `updated_at` timestamp NULL DEFAULT NULL,
  PRIMARY KEY (`id`),
  KEY `menus_parent_id_foreign` (`parent_id`),
  KEY `menus_page_id_foreign` (`page_id`),
  CONSTRAINT `menus_page_id_foreign` FOREIGN KEY (`page_id`) REFERENCES `pages` (`id`) ON DELETE SET NULL,
  CONSTRAINT `menus_parent_id_foreign` FOREIGN KEY (`parent_id`) REFERENCES `menus` (`id`) ON DELETE CASCADE
) ENGINE=InnoDB AUTO_INCREMENT=69 DEFAULT CHARSET=utf8mb4 COLLATE=utf8mb4_unicode_ci;

INSERT INTO `menus` (`id`, `title`, `url`, `page_id`, `parent_id`, `order`, `is_active`, `is_highlighted`, `highlight_color`, `created_at`, `updated_at`) VALUES ('1', 'Home', '/', NULL, NULL, '1', '1', '0', NULL, '2025-11-22 12:44:21', '2025-11-22 12:44:21');
INSERT INTO `menus` (`id`, `title`, `url`, `page_id`, `parent_id`, `order`, `is_active`, `is_highlighted`, `highlight_color`, `created_at`, `updated_at`) VALUES ('2', 'About', NULL, '44', NULL, '2', '1', '0', NULL, '2025-11-22 12:44:21', '2026-03-23 15:23:48');
INSERT INTO `menus` (`id`, `title`, `url`, `page_id`, `parent_id`, `order`, `is_active`, `is_highlighted`, `highlight_color`, `created_at`, `updated_at`) VALUES ('3', 'Academic', NULL, '25', NULL, '3', '1', '0', NULL, '2025-11-22 12:44:21', '2025-12-29 20:37:57');
INSERT INTO `menus` (`id`, `title`, `url`, `page_id`, `parent_id`, `order`, `is_active`, `is_highlighted`, `highlight_color`, `created_at`, `updated_at`) VALUES ('4', 'Administration', NULL, '23', NULL, '2', '1', '0', NULL, '2025-11-22 12:44:21', '2025-12-29 20:15:37');
INSERT INTO `menus` (`id`, `title`, `url`, `page_id`, `parent_id`, `order`, `is_active`, `is_highlighted`, `highlight_color`, `created_at`, `updated_at`) VALUES ('5', 'Notice', 'http://barishal.test/notices', NULL, NULL, '10', '1', '0', NULL, '2025-11-22 12:44:21', '2025-12-09 20:39:16');
INSERT INTO `menus` (`id`, `title`, `url`, `page_id`, `parent_id`, `order`, `is_active`, `is_highlighted`, `highlight_color`, `created_at`, `updated_at`) VALUES ('6', 'Admission', NULL, '27', NULL, '6', '1', '0', NULL, '2025-11-22 12:44:21', '2025-12-29 20:57:05');
INSERT INTO `menus` (`id`, `title`, `url`, `page_id`, `parent_id`, `order`, `is_active`, `is_highlighted`, `highlight_color`, `created_at`, `updated_at`) VALUES ('8', 'Co-Curriculam', NULL, '37', NULL, '8', '0', '0', NULL, '2025-11-22 12:44:21', '2026-03-26 10:27:19');
INSERT INTO `menus` (`id`, `title`, `url`, `page_id`, `parent_id`, `order`, `is_active`, `is_highlighted`, `highlight_color`, `created_at`, `updated_at`) VALUES ('9', 'Facilities', NULL, '32', NULL, '9', '1', '0', NULL, '2025-11-22 12:44:21', '2025-12-29 23:27:19');
INSERT INTO `menus` (`id`, `title`, `url`, `page_id`, `parent_id`, `order`, `is_active`, `is_highlighted`, `highlight_color`, `created_at`, `updated_at`) VALUES ('11', 'Login', '/admin', NULL, NULL, '11', '0', '0', NULL, '2025-11-22 12:44:21', '2026-03-14 16:00:26');
INSERT INTO `menus` (`id`, `title`, `url`, `page_id`, `parent_id`, `order`, `is_active`, `is_highlighted`, `highlight_color`, `created_at`, `updated_at`) VALUES ('33', 'Link BG', NULL, '12', NULL, '10', '0', '1', '#ff0000', '2025-12-17 12:33:24', '2025-12-29 17:54:33');
INSERT INTO `menus` (`id`, `title`, `url`, `page_id`, `parent_id`, `order`, `is_active`, `is_highlighted`, `highlight_color`, `created_at`, `updated_at`) VALUES ('34', 'Gallery', '#', NULL, NULL, '10', '1', '0', NULL, '2025-12-17 13:19:27', '2025-12-17 13:20:26');
INSERT INTO `menus` (`id`, `title`, `url`, `page_id`, `parent_id`, `order`, `is_active`, `is_highlighted`, `highlight_color`, `created_at`, `updated_at`) VALUES ('35', 'Photo Gallery', '/gallery', NULL, '34', '1', '1', '0', NULL, '2025-12-17 13:21:20', '2025-12-29 22:57:17');
INSERT INTO `menus` (`id`, `title`, `url`, `page_id`, `parent_id`, `order`, `is_active`, `is_highlighted`, `highlight_color`, `created_at`, `updated_at`) VALUES ('36', 'Video Gallery', 'http://barishal.test/video-gallery', NULL, '34', '2', '1', '0', NULL, '2025-12-17 13:22:47', '2025-12-17 13:22:47');
INSERT INTO `menus` (`id`, `title`, `url`, `page_id`, `parent_id`, `order`, `is_active`, `is_highlighted`, `highlight_color`, `created_at`, `updated_at`) VALUES ('37', 'At a Glance', NULL, '20', '2', '1', '1', '0', NULL, '2025-12-29 17:58:44', '2025-12-29 17:58:44');
INSERT INTO `menus` (`id`, `title`, `url`, `page_id`, `parent_id`, `order`, `is_active`, `is_highlighted`, `highlight_color`, `created_at`, `updated_at`) VALUES ('38', 'History', NULL, '21', '2', '2', '1', '0', NULL, '2025-12-29 18:00:45', '2025-12-29 18:00:45');
INSERT INTO `menus` (`id`, `title`, `url`, `page_id`, `parent_id`, `order`, `is_active`, `is_highlighted`, `highlight_color`, `created_at`, `updated_at`) VALUES ('39', 'Why study DCGPSC', NULL, '22', '2', '3', '1', '0', NULL, '2025-12-29 18:02:37', '2026-03-26 11:30:37');
INSERT INTO `menus` (`id`, `title`, `url`, `page_id`, `parent_id`, `order`, `is_active`, `is_highlighted`, `highlight_color`, `created_at`, `updated_at`) VALUES ('40', 'Message of Chief Patron', 'https://demo.mosconicuplive.com/message/chief-patron-massage', NULL, '4', '1', '0', '0', NULL, '2025-12-29 18:04:58', '2026-03-16 10:35:07');
INSERT INTO `menus` (`id`, `title`, `url`, `page_id`, `parent_id`, `order`, `is_active`, `is_highlighted`, `highlight_color`, `created_at`, `updated_at`) VALUES ('41', 'Message of the Chairman', '/message/brig-gen-kazi-mustafizur-rahman', NULL, '4', '2', '1', '0', NULL, '2025-12-29 18:08:17', '2026-03-16 10:34:32');
INSERT INTO `menus` (`id`, `title`, `url`, `page_id`, `parent_id`, `order`, `is_active`, `is_highlighted`, `highlight_color`, `created_at`, `updated_at`) VALUES ('42', 'Message of Principal', '/message/col-md-mamun-azad-salehin', NULL, '4', '3', '1', '0', NULL, '2025-12-29 18:08:57', '2026-03-16 10:36:07');
INSERT INTO `menus` (`id`, `title`, `url`, `page_id`, `parent_id`, `order`, `is_active`, `is_highlighted`, `highlight_color`, `created_at`, `updated_at`) VALUES ('43', 'Teacher & Staff', 'https://s3.trusteduerp.xyz/op/teacher?insId=1012', NULL, '4', '3', '1', '0', NULL, '2025-12-29 18:11:13', '2026-03-16 10:37:23');
INSERT INTO `menus` (`id`, `title`, `url`, `page_id`, `parent_id`, `order`, `is_active`, `is_highlighted`, `highlight_color`, `created_at`, `updated_at`) VALUES ('44', 'Governing Body', NULL, '23', '4', '0', '1', '0', NULL, '2025-12-29 19:24:52', '2025-12-29 19:24:52');
INSERT INTO `menus` (`id`, `title`, `url`, `page_id`, `parent_id`, `order`, `is_active`, `is_highlighted`, `highlight_color`, `created_at`, `updated_at`) VALUES ('45', 'Syllabus', NULL, '24', '3', '0', '1', '0', NULL, '2025-12-29 20:34:38', '2025-12-29 20:34:38');
INSERT INTO `menus` (`id`, `title`, `url`, `page_id`, `parent_id`, `order`, `is_active`, `is_highlighted`, `highlight_color`, `created_at`, `updated_at`) VALUES ('46', 'Class Routine', '#', NULL, '3', '2', '1', '0', NULL, '2025-12-29 20:35:28', '2025-12-29 20:35:28');
INSERT INTO `menus` (`id`, `title`, `url`, `page_id`, `parent_id`, `order`, `is_active`, `is_highlighted`, `highlight_color`, `created_at`, `updated_at`) VALUES ('47', 'Academic calendar', NULL, '25', '3', '3', '0', '0', NULL, '2025-12-29 20:38:53', '2026-03-26 10:32:53');
INSERT INTO `menus` (`id`, `title`, `url`, `page_id`, `parent_id`, `order`, `is_active`, `is_highlighted`, `highlight_color`, `created_at`, `updated_at`) VALUES ('48', 'Admission Circular', NULL, NULL, '6', '1', '1', '0', NULL, '2025-12-29 20:54:07', '2025-12-29 20:55:55');
INSERT INTO `menus` (`id`, `title`, `url`, `page_id`, `parent_id`, `order`, `is_active`, `is_highlighted`, `highlight_color`, `created_at`, `updated_at`) VALUES ('49', 'Prospectus', NULL, '27', '6', '2', '1', '0', NULL, '2025-12-29 20:57:26', '2025-12-29 20:57:26');
INSERT INTO `menus` (`id`, `title`, `url`, `page_id`, `parent_id`, `order`, `is_active`, `is_highlighted`, `highlight_color`, `created_at`, `updated_at`) VALUES ('50', 'Online Admission', 'https://admission.trusteduerp.xyz/op/admission?insId=-100', NULL, '6', '1', '1', '0', NULL, '2025-12-29 20:58:20', '2026-03-26 10:34:18');
INSERT INTO `menus` (`id`, `title`, `url`, `page_id`, `parent_id`, `order`, `is_active`, `is_highlighted`, `highlight_color`, `created_at`, `updated_at`) VALUES ('51', 'Library', 'https://s3.trusteduerp.xyz/st/login?insId=1012', NULL, NULL, '10', '1', '0', NULL, '2025-12-29 22:40:30', '2026-03-26 11:28:18');
INSERT INTO `menus` (`id`, `title`, `url`, `page_id`, `parent_id`, `order`, `is_active`, `is_highlighted`, `highlight_color`, `created_at`, `updated_at`) VALUES ('52', 'School Library', 'https://s3.trusteduerp.xyz/op/library?insId=1018', NULL, '51', '1', '1', '0', NULL, '2025-12-29 22:42:05', '2025-12-29 22:42:05');
INSERT INTO `menus` (`id`, `title`, `url`, `page_id`, `parent_id`, `order`, `is_active`, `is_highlighted`, `highlight_color`, `created_at`, `updated_at`) VALUES ('53', 'Online Fee', 'https://s3.trusteduerp.xyz/st/login?insId=1012', NULL, NULL, '9', '1', '1', '#dc3545', '2025-12-29 22:43:20', '2026-03-26 10:28:31');
INSERT INTO `menus` (`id`, `title`, `url`, `page_id`, `parent_id`, `order`, `is_active`, `is_highlighted`, `highlight_color`, `created_at`, `updated_at`) VALUES ('55', 'Multimedia Class Room', NULL, '28', '9', '1', '1', '0', NULL, '2025-12-29 23:27:40', '2025-12-29 23:27:40');
INSERT INTO `menus` (`id`, `title`, `url`, `page_id`, `parent_id`, `order`, `is_active`, `is_highlighted`, `highlight_color`, `created_at`, `updated_at`) VALUES ('56', 'Indoor Game', NULL, '29', '9', '2', '0', '0', NULL, '2025-12-29 23:27:53', '2026-03-26 10:26:15');
INSERT INTO `menus` (`id`, `title`, `url`, `page_id`, `parent_id`, `order`, `is_active`, `is_highlighted`, `highlight_color`, `created_at`, `updated_at`) VALUES ('57', 'Outdoor Games', NULL, '30', '9', '3', '0', '0', NULL, '2025-12-29 23:28:08', '2026-03-26 10:26:47');
INSERT INTO `menus` (`id`, `title`, `url`, `page_id`, `parent_id`, `order`, `is_active`, `is_highlighted`, `highlight_color`, `created_at`, `updated_at`) VALUES ('58', 'Library', NULL, '31', '9', '4', '1', '0', NULL, '2025-12-29 23:28:23', '2025-12-29 23:28:23');
INSERT INTO `menus` (`id`, `title`, `url`, `page_id`, `parent_id`, `order`, `is_active`, `is_highlighted`, `highlight_color`, `created_at`, `updated_at`) VALUES ('59', 'Lab', NULL, '32', '9', '5', '1', '0', NULL, '2025-12-29 23:28:39', '2026-03-26 10:23:28');
INSERT INTO `menus` (`id`, `title`, `url`, `page_id`, `parent_id`, `order`, `is_active`, `is_highlighted`, `highlight_color`, `created_at`, `updated_at`) VALUES ('60', 'Language Club', NULL, '33', '8', '1', '1', '0', NULL, '2025-12-29 23:31:53', '2025-12-29 23:31:53');
INSERT INTO `menus` (`id`, `title`, `url`, `page_id`, `parent_id`, `order`, `is_active`, `is_highlighted`, `highlight_color`, `created_at`, `updated_at`) VALUES ('61', 'Debate Club', NULL, '34', '8', '2', '1', '0', NULL, '2025-12-29 23:54:40', '2025-12-29 23:54:40');
INSERT INTO `menus` (`id`, `title`, `url`, `page_id`, `parent_id`, `order`, `is_active`, `is_highlighted`, `highlight_color`, `created_at`, `updated_at`) VALUES ('62', 'GK and Current Affairs', NULL, '35', '8', '3', '1', '0', NULL, '2025-12-29 23:56:20', '2025-12-29 23:56:20');
INSERT INTO `menus` (`id`, `title`, `url`, `page_id`, `parent_id`, `order`, `is_active`, `is_highlighted`, `highlight_color`, `created_at`, `updated_at`) VALUES ('63', 'Quranic Club', NULL, '36', '8', '4', '1', '0', NULL, '2025-12-30 00:03:19', '2025-12-30 00:03:19');
INSERT INTO `menus` (`id`, `title`, `url`, `page_id`, `parent_id`, `order`, `is_active`, `is_highlighted`, `highlight_color`, `created_at`, `updated_at`) VALUES ('64', 'Calligraphy and arts and crafts Society', NULL, '37', '8', '5', '1', '0', NULL, '2025-12-30 00:03:33', '2025-12-30 00:03:33');
INSERT INTO `menus` (`id`, `title`, `url`, `page_id`, `parent_id`, `order`, `is_active`, `is_highlighted`, `highlight_color`, `created_at`, `updated_at`) VALUES ('65', 'Mission & Vision', NULL, '44', '2', '4', '1', '0', NULL, '2026-03-23 15:26:00', '2026-03-23 15:26:00');
INSERT INTO `menus` (`id`, `title`, `url`, `page_id`, `parent_id`, `order`, `is_active`, `is_highlighted`, `highlight_color`, `created_at`, `updated_at`) VALUES ('66', 'LOGIN', '#', NULL, NULL, '15', '1', '0', NULL, '2026-03-26 10:30:38', '2026-03-26 10:30:38');
INSERT INTO `menus` (`id`, `title`, `url`, `page_id`, `parent_id`, `order`, `is_active`, `is_highlighted`, `highlight_color`, `created_at`, `updated_at`) VALUES ('67', 'Software Login', 'https://s3.trusteduerp.xyz', NULL, '66', '1', '1', '0', NULL, '2026-03-26 10:31:17', '2026-03-26 10:31:17');
INSERT INTO `menus` (`id`, `title`, `url`, `page_id`, `parent_id`, `order`, `is_active`, `is_highlighted`, `highlight_color`, `created_at`, `updated_at`) VALUES ('68', 'Teacher Login', 'https://s3.trusteduerp.xyz', NULL, '66', '2', '1', '0', NULL, '2026-03-26 10:31:43', '2026-03-26 10:31:43');


CREATE TABLE `messages` (
  `id` bigint unsigned NOT NULL AUTO_INCREMENT,
  `type` varchar(255) COLLATE utf8mb4_unicode_ci DEFAULT NULL,
  `name` varchar(255) COLLATE utf8mb4_unicode_ci NOT NULL,
  `title` varchar(255) COLLATE utf8mb4_unicode_ci DEFAULT NULL,
  `slug` varchar(255) COLLATE utf8mb4_unicode_ci DEFAULT NULL,
  `designation` varchar(255) COLLATE utf8mb4_unicode_ci NOT NULL,
  `image_url` text COLLATE utf8mb4_unicode_ci,
  `image` varchar(255) COLLATE utf8mb4_unicode_ci DEFAULT NULL,
  `message` text COLLATE utf8mb4_unicode_ci,
  `link` varchar(255) COLLATE utf8mb4_unicode_ci DEFAULT NULL,
  `style` longtext CHARACTER SET utf8mb4 COLLATE utf8mb4_bin,
  `order` int NOT NULL DEFAULT '0',
  `is_active` tinyint(1) NOT NULL DEFAULT '1',
  `created_at` timestamp NULL DEFAULT NULL,
  `updated_at` timestamp NULL DEFAULT NULL,
  PRIMARY KEY (`id`),
  UNIQUE KEY `messages_slug_unique` (`slug`)
) ENGINE=InnoDB AUTO_INCREMENT=7 DEFAULT CHARSET=utf8mb4 COLLATE=utf8mb4_unicode_ci;

INSERT INTO `messages` (`id`, `type`, `name`, `title`, `slug`, `designation`, `image_url`, `image`, `message`, `link`, `style`, `order`, `is_active`, `created_at`, `updated_at`) VALUES ('5', 'Chairman', 'Brig Gen Kazi Mustafizur Rahman', 'Message of the Chairman', 'brig-gen-kazi-mustafizur-rahman', 'SPP, ndc, psc', 'https://drive.google.com/file/d/1t3hzSL0QTEa3mNzGwa5-enEqwhXw6L8w/view?usp=sharing', NULL, 'Of being felt the necessity of inserting this message in our web page, I, as the new chairman, governing body of the institution, would say, this institution values the mankind first, respects the genuineness and made the students learn to face the hurdles and to become successful in life. I know the brilliant faculty members who are dedicated to their professionalism and commitment to be a part of the vibrant team of this Alma Mater.\n\nThis institution has a passionate focus on a values-based education that instills honesty, integrity, strong core of tenacity, self-respect, self-belief, compassion and mutual respect into all the students. Those treasures will embellish their capability to contribute beyond the institution into the wider community.\n\nTo attain this noble vision this institution maintain inclusive learning-teaching environment through intensive and effective care exerted to every individual student. Ostensibly, the academic results in recent years reflect its concerted endeavour to materialize her prodigious vision.\n\nThis institution is determined with its unprejudiced, altruistic, inexorable and voluntary approach to improve the professional competence and the development of women in and through our education programs. May Allah continue to bless us and our sacred vision and objective come into reality adorned in our heart and soul.', NULL, NULL, '1', '1', '2026-03-13 15:42:51', '2026-03-16 06:16:07');
INSERT INTO `messages` (`id`, `type`, `name`, `title`, `slug`, `designation`, `image_url`, `image`, `message`, `link`, `style`, `order`, `is_active`, `created_at`, `updated_at`) VALUES ('6', 'Principal', 'Col Md Mamun Azad Salehin', 'Message of the Principal', 'col-md-mamun-azad-salehin', 'afwc, psc', 'https://drive.google.com/file/d/1n2TqEQgQCNmO4cmH68jcLRT0wMYb99lV/view?usp=sharing', NULL, 'Dhaka Cantonment Girls’ School and College with its rich legacy of nurturing young minds, stands as a beacon of enlightenment and progress in our community. Education is the key to empowerment and transformation. We are committed to leading our institution towards greater heights of excellence and innovation.\n\nIn today\'s fast-paced world, it is imperative that we equip our students with the necessary tools and skills to thrive in the digital age. Through the integration of technology into our teaching and learning processes, we aim to enhance the educational experience and empower our students to become lifelong learners.\n\nFurthermore, our commitment to promoting gender equality and empowerment remains unwavering. With a student body comprising bright young girls from Nursery to Class 12, we are dedicated to fostering an environment where each student can reach her full potential and emerge as a confident, enlightened individual.\n\nAt the heart of our mission lies the goal of nurturing not just academically successful individuals, but also compassionate, socially responsible citizens. We strive to instill in our students the values of tolerance, respect, and inclusivity, thus shaping them into modern, secular citizens who are capable of contributing positively to society.\n\nAs we embark on this journey together, I invite all stakeholders – students, parents, teachers, and staff members – to join hands in realizing our collective vision for the school. Let us work together to create a learning environment that is dynamic, inclusive, and conducive to the holistic development of every student. Together, let us spread the light of knowledge and empowerment, and pave the way for a brighter future for our girls.', NULL, NULL, '2', '1', '2026-03-13 15:45:43', '2026-03-16 09:59:02');


CREATE TABLE `migrations` (
  `id` int unsigned NOT NULL AUTO_INCREMENT,
  `migration` varchar(255) COLLATE utf8mb4_unicode_ci NOT NULL,
  `batch` int NOT NULL,
  PRIMARY KEY (`id`)
) ENGINE=InnoDB AUTO_INCREMENT=85 DEFAULT CHARSET=utf8mb4 COLLATE=utf8mb4_unicode_ci;

INSERT INTO `migrations` (`id`, `migration`, `batch`) VALUES ('1', '0001_01_01_000000_create_users_table', '1');
INSERT INTO `migrations` (`id`, `migration`, `batch`) VALUES ('2', '0001_01_01_000001_create_cache_table', '1');
INSERT INTO `migrations` (`id`, `migration`, `batch`) VALUES ('3', '0001_01_01_000002_create_jobs_table', '1');
INSERT INTO `migrations` (`id`, `migration`, `batch`) VALUES ('4', '2025_11_22_043613_create_sliders_table', '1');
INSERT INTO `migrations` (`id`, `migration`, `batch`) VALUES ('5', '2025_11_22_043615_create_notices_table', '1');
INSERT INTO `migrations` (`id`, `migration`, `batch`) VALUES ('6', '2025_11_22_043616_create_messages_table', '1');
INSERT INTO `migrations` (`id`, `migration`, `batch`) VALUES ('7', '2025_11_22_044141_create_settings_table', '1');
INSERT INTO `migrations` (`id`, `migration`, `batch`) VALUES ('8', '2025_11_22_064221_create_menus_table', '2');
INSERT INTO `migrations` (`id`, `migration`, `batch`) VALUES ('9', '2025_11_22_050000_add_image_fields_to_sliders_table', '3');
INSERT INTO `migrations` (`id`, `migration`, `batch`) VALUES ('10', '2025_11_22_060000_update_messages_and_create_sidebar_widgets', '4');
INSERT INTO `migrations` (`id`, `migration`, `batch`) VALUES ('11', '2025_11_22_070000_make_message_nullable_in_messages_table', '5');
INSERT INTO `migrations` (`id`, `migration`, `batch`) VALUES ('12', '2025_11_22_080000_add_style_to_messages_table', '6');
INSERT INTO `migrations` (`id`, `migration`, `batch`) VALUES ('13', '2025_11_22_090000_create_important_links_table', '7');
INSERT INTO `migrations` (`id`, `migration`, `batch`) VALUES ('14', '2025_11_22_100000_add_link_to_notices_table', '8');
INSERT INTO `migrations` (`id`, `migration`, `batch`) VALUES ('15', '2025_11_22_110000_create_pages_table', '9');
INSERT INTO `migrations` (`id`, `migration`, `batch`) VALUES ('16', '2025_11_22_110001_add_page_id_to_menus_table', '9');
INSERT INTO `migrations` (`id`, `migration`, `batch`) VALUES ('17', '2025_11_22_120000_add_page_id_to_notices_table', '10');
INSERT INTO `migrations` (`id`, `migration`, `batch`) VALUES ('18', '2025_11_22_130000_add_expires_at_to_notices_table', '11');
INSERT INTO `migrations` (`id`, `migration`, `batch`) VALUES ('19', '2025_11_22_140000_create_welcome_sections_table', '12');
INSERT INTO `migrations` (`id`, `migration`, `batch`) VALUES ('20', '2025_11_22_150000_create_menu_cards_table', '13');
INSERT INTO `migrations` (`id`, `migration`, `batch`) VALUES ('21', '2025_11_22_160000_create_news_events_table', '14');
INSERT INTO `migrations` (`id`, `migration`, `batch`) VALUES ('22', '2025_11_22_170000_create_location_maps_table', '15');
INSERT INTO `migrations` (`id`, `migration`, `batch`) VALUES ('23', '2025_11_22_180000_create_footer_settings_table', '16');
INSERT INTO `migrations` (`id`, `migration`, `batch`) VALUES ('24', '2025_11_22_190000_create_header_settings_table', '17');
INSERT INTO `migrations` (`id`, `migration`, `batch`) VALUES ('25', '2025_11_22_145402_add_image_fit_to_sliders_table', '18');
INSERT INTO `migrations` (`id`, `migration`, `batch`) VALUES ('26', '2025_11_22_150542_add_favicon_url_to_header_settings_table', '19');
INSERT INTO `migrations` (`id`, `migration`, `batch`) VALUES ('27', '2025_11_22_153019_create_permission_tables', '20');
INSERT INTO `migrations` (`id`, `migration`, `batch`) VALUES ('28', '2025_11_22_173758_create_theme_settings_table', '21');
INSERT INTO `migrations` (`id`, `migration`, `batch`) VALUES ('29', '2025_11_22_175204_add_additional_colors_to_theme_settings_table', '22');
INSERT INTO `migrations` (`id`, `migration`, `batch`) VALUES ('30', '2025_11_22_183705_add_body_bg_color_to_theme_settings_table', '23');
INSERT INTO `migrations` (`id`, `migration`, `batch`) VALUES ('31', '2025_11_22_200000_add_favicon_url_to_header_settings_table', '24');
INSERT INTO `migrations` (`id`, `migration`, `batch`) VALUES ('32', '2025_12_09_063825_enhance_header_settings_table', '24');
INSERT INTO `migrations` (`id`, `migration`, `batch`) VALUES ('34', '2025_12_09_084404_add_ticker_colors_to_theme_settings_table', '25');
INSERT INTO `migrations` (`id`, `migration`, `batch`) VALUES ('35', '2025_12_09_090249_add_slug_to_messages_table', '26');
INSERT INTO `migrations` (`id`, `migration`, `batch`) VALUES ('36', '2025_12_09_105701_add_html_content_to_pages_table', '27');
INSERT INTO `migrations` (`id`, `migration`, `batch`) VALUES ('37', '2025_12_09_112500_drop_json_constraint_from_pages_table', '28');
INSERT INTO `migrations` (`id`, `migration`, `batch`) VALUES ('38', '2025_12_09_140000_ensure_notice_menu_exists', '29');
INSERT INTO `migrations` (`id`, `migration`, `batch`) VALUES ('39', '2025_12_09_153113_create_photo_galleries_table', '30');
INSERT INTO `migrations` (`id`, `migration`, `batch`) VALUES ('40', '2025_12_14_135322_add_template_to_menu_cards_table', '31');
INSERT INTO `migrations` (`id`, `migration`, `batch`) VALUES ('41', '2025_12_14_135925_create_menu_card_settings_table', '32');
INSERT INTO `migrations` (`id`, `migration`, `batch`) VALUES ('42', '2025_12_14_144941_create_achievements_table', '32');
INSERT INTO `migrations` (`id`, `migration`, `batch`) VALUES ('43', '2025_12_14_152222_add_additional_images_to_news_events_and_achievements_tables', '33');
INSERT INTO `migrations` (`id`, `migration`, `batch`) VALUES ('44', '2025_12_14_171525_add_performance_indexes_to_tables', '34');
INSERT INTO `migrations` (`id`, `migration`, `batch`) VALUES ('45', '2025_12_16_093752_add_homepage_template_to_theme_settings_table', '35');
INSERT INTO `migrations` (`id`, `migration`, `batch`) VALUES ('46', '2025_12_17_062954_add_highlight_fields_to_menus_table', '36');
INSERT INTO `migrations` (`id`, `migration`, `batch`) VALUES ('47', '2025_12_17_064707_add_buttons_to_pages_table', '37');
INSERT INTO `migrations` (`id`, `migration`, `batch`) VALUES ('48', '2025_12_17_065330_add_bottom_content_to_pages_table', '38');
INSERT INTO `migrations` (`id`, `migration`, `batch`) VALUES ('49', '2025_12_17_070504_create_video_galleries_table', '39');
INSERT INTO `migrations` (`id`, `migration`, `batch`) VALUES ('50', '2025_12_17_073347_add_created_by_to_video_galleries_table', '40');
INSERT INTO `migrations` (`id`, `migration`, `batch`) VALUES ('51', '2025_12_17_075124_add_google_drive_folder_link_to_photo_galleries_table', '41');
INSERT INTO `migrations` (`id`, `migration`, `batch`) VALUES ('52', '2025_12_17_080025_add_thumbnail_image_id_to_photo_galleries_table', '42');
INSERT INTO `migrations` (`id`, `migration`, `batch`) VALUES ('53', '2025_12_17_083133_add_manual_thumbnail_to_photo_galleries_table', '43');
INSERT INTO `migrations` (`id`, `migration`, `batch`) VALUES ('54', '2025_12_18_122837_add_message_card_fields_to_theme_settings_table', '44');
INSERT INTO `migrations` (`id`, `migration`, `batch`) VALUES ('55', '2025_12_18_150132_add_card_color_fields_to_theme_settings_table', '45');
INSERT INTO `migrations` (`id`, `migration`, `batch`) VALUES ('56', '2025_12_18_150916_add_card_name_text_color_to_theme_settings_table', '46');
INSERT INTO `migrations` (`id`, `migration`, `batch`) VALUES ('57', '2025_12_18_151417_add_card_designation_text_color_to_theme_settings_table', '47');
INSERT INTO `migrations` (`id`, `migration`, `batch`) VALUES ('58', '2025_12_18_152622_add_card_image_border_color_to_theme_settings_table', '48');
INSERT INTO `migrations` (`id`, `migration`, `batch`) VALUES ('59', '2025_12_18_152758_add_card_image_border_color_to_theme_settings_table', '48');
INSERT INTO `migrations` (`id`, `migration`, `batch`) VALUES ('60', '2025_12_20_141942_add_sidebar_title_to_theme_settings_table', '49');
INSERT INTO `migrations` (`id`, `migration`, `batch`) VALUES ('61', '2025_12_20_144537_add_section_titles_to_theme_settings_table', '50');
INSERT INTO `migrations` (`id`, `migration`, `batch`) VALUES ('62', '2025_12_20_145924_add_google_drive_folder_to_achievements_table', '51');
INSERT INTO `migrations` (`id`, `migration`, `batch`) VALUES ('63', '2025_12_24_151333_add_google_drive_bg_image_to_theme_settings_table', '52');
INSERT INTO `migrations` (`id`, `migration`, `batch`) VALUES ('64', '2025_12_28_052939_create_popups_table', '53');
INSERT INTO `migrations` (`id`, `migration`, `batch`) VALUES ('65', '2025_12_28_054702_add_button_colors_to_popups_table', '54');
INSERT INTO `migrations` (`id`, `migration`, `batch`) VALUES ('66', '2025_12_28_094718_remove_image_column_from_sliders_table', '55');
INSERT INTO `migrations` (`id`, `migration`, `batch`) VALUES ('67', '2025_12_28_105507_add_contact_address_to_footer_settings_table', '56');
INSERT INTO `migrations` (`id`, `migration`, `batch`) VALUES ('68', '2025_12_18_153814_create_location_maps_table', '57');
INSERT INTO `migrations` (`id`, `migration`, `batch`) VALUES ('69', '2025_12_20_082028_add_sidebar_title_to_theme_settings_table', '57');
INSERT INTO `migrations` (`id`, `migration`, `batch`) VALUES ('70', '2025_12_30_174500_add_notice_ticker_settings_to_header_settings_table', '58');
INSERT INTO `migrations` (`id`, `migration`, `batch`) VALUES ('71', '2025_12_31_071502_create_theme_showcases_table', '58');
INSERT INTO `migrations` (`id`, `migration`, `batch`) VALUES ('72', '2025_12_31_080955_add_theme_key_to_theme_showcases_table', '59');
INSERT INTO `migrations` (`id`, `migration`, `batch`) VALUES ('73', '2026_01_01_224500_add_site_name_font_size_to_header_settings_table', '60');
INSERT INTO `migrations` (`id`, `migration`, `batch`) VALUES ('74', '2026_01_04_125209_add_title_to_messages_table', '61');
INSERT INTO `migrations` (`id`, `migration`, `batch`) VALUES ('75', '2026_01_04_130222_make_type_nullable_in_messages_table', '62');
INSERT INTO `migrations` (`id`, `migration`, `batch`) VALUES ('76', '2026_03_10_080000_add_ticker_position_to_header_settings_table', '63');
INSERT INTO `migrations` (`id`, `migration`, `batch`) VALUES ('77', '2026_03_10_100000_create_governing_body_members_table', '64');
INSERT INTO `migrations` (`id`, `migration`, `batch`) VALUES ('78', '2026_03_10_110000_create_governing_body_roles_table', '65');
INSERT INTO `migrations` (`id`, `migration`, `batch`) VALUES ('79', '2026_03_10_112416_drop_role_column_from_governing_body_members', '66');
INSERT INTO `migrations` (`id`, `migration`, `batch`) VALUES ('80', '2026_03_11_033000_create_products_table', '67');
INSERT INTO `migrations` (`id`, `migration`, `batch`) VALUES ('81', '2026_03_11_033004_create_orders_table', '67');
INSERT INTO `migrations` (`id`, `migration`, `batch`) VALUES ('82', '2026_03_11_033005_add_is_shop_enabled_to_header_settings_table', '67');
INSERT INTO `migrations` (`id`, `migration`, `batch`) VALUES ('83', '2026_03_14_210000_add_menu_id_to_important_links_table', '68');
INSERT INTO `migrations` (`id`, `migration`, `batch`) VALUES ('84', '2026_03_23_215400_add_image_url_to_pages_table', '69');


CREATE TABLE `model_has_permissions` (
  `permission_id` bigint unsigned NOT NULL,
  `model_type` varchar(255) COLLATE utf8mb4_unicode_ci NOT NULL,
  `model_id` bigint unsigned NOT NULL,
  PRIMARY KEY (`permission_id`,`model_id`,`model_type`),
  KEY `model_has_permissions_model_id_model_type_index` (`model_id`,`model_type`),
  CONSTRAINT `model_has_permissions_permission_id_foreign` FOREIGN KEY (`permission_id`) REFERENCES `permissions` (`id`) ON DELETE CASCADE
) ENGINE=InnoDB DEFAULT CHARSET=utf8mb4 COLLATE=utf8mb4_unicode_ci;



CREATE TABLE `model_has_roles` (
  `role_id` bigint unsigned NOT NULL,
  `model_type` varchar(255) COLLATE utf8mb4_unicode_ci NOT NULL,
  `model_id` bigint unsigned NOT NULL,
  PRIMARY KEY (`role_id`,`model_id`,`model_type`),
  KEY `model_has_roles_model_id_model_type_index` (`model_id`,`model_type`),
  CONSTRAINT `model_has_roles_role_id_foreign` FOREIGN KEY (`role_id`) REFERENCES `roles` (`id`) ON DELETE CASCADE
) ENGINE=InnoDB DEFAULT CHARSET=utf8mb4 COLLATE=utf8mb4_unicode_ci;

INSERT INTO `model_has_roles` (`role_id`, `model_type`, `model_id`) VALUES ('1', 'App\\Models\\User', '1');
INSERT INTO `model_has_roles` (`role_id`, `model_type`, `model_id`) VALUES ('1', 'App\\Models\\User', '3');
INSERT INTO `model_has_roles` (`role_id`, `model_type`, `model_id`) VALUES ('3', 'App\\Models\\User', '4');
INSERT INTO `model_has_roles` (`role_id`, `model_type`, `model_id`) VALUES ('1', 'App\\Models\\User', '6');
INSERT INTO `model_has_roles` (`role_id`, `model_type`, `model_id`) VALUES ('3', 'App\\Models\\User', '7');
INSERT INTO `model_has_roles` (`role_id`, `model_type`, `model_id`) VALUES ('3', 'App\\Models\\User', '8');


CREATE TABLE `news_events` (
  `id` bigint unsigned NOT NULL AUTO_INCREMENT,
  `title` varchar(255) COLLATE utf8mb4_unicode_ci NOT NULL,
  `slug` varchar(255) COLLATE utf8mb4_unicode_ci NOT NULL,
  `excerpt` text COLLATE utf8mb4_unicode_ci,
  `content` longtext COLLATE utf8mb4_unicode_ci NOT NULL,
  `image_url` text COLLATE utf8mb4_unicode_ci,
  `additional_images` longtext CHARACTER SET utf8mb4 COLLATE utf8mb4_bin,
  `author` varchar(255) COLLATE utf8mb4_unicode_ci NOT NULL DEFAULT 'barisal-admin',
  `is_active` tinyint(1) NOT NULL DEFAULT '1',
  `published_at` timestamp NULL DEFAULT NULL,
  `created_at` timestamp NULL DEFAULT NULL,
  `updated_at` timestamp NULL DEFAULT NULL,
  PRIMARY KEY (`id`),
  UNIQUE KEY `news_events_slug_unique` (`slug`),
  KEY `news_active_published_idx` (`is_active`,`published_at`),
  KEY `news_slug_idx` (`slug`),
  CONSTRAINT `news_events_chk_1` CHECK (json_valid(`additional_images`))
) ENGINE=InnoDB AUTO_INCREMENT=8 DEFAULT CHARSET=utf8mb4 COLLATE=utf8mb4_unicode_ci;

INSERT INTO `news_events` (`id`, `title`, `slug`, `excerpt`, `content`, `image_url`, `additional_images`, `author`, `is_active`, `published_at`, `created_at`, `updated_at`) VALUES ('5', 'Annual Sport - 2026', 'annual-sport-2026', NULL, '<p>The biggest event of the year, The Interhouse Annual Sport - 2026, took place in a festive mood. The campus took a colorful look for that event, so as the students. There were gaming events for the students, the parents, and the guests, Parade, PT, Taekwondo, Dress as You Like, and a colorful display. Major General Md Sajedur Rahman , ndu, psc, Military Secretary, Bangladesh Army, was present as the chief guest while Fatema Zohura was the special guest. The special guest distributed prizes among the winners, and the chief guest awarded the group champions and the winner houses.&nbsp;</p><p>The program ended with the attenuation of the flags.</p>', 'https://drive.google.com/file/d/1JRu5I8v4w1HLvh--h4NFUCihIZaBdczK/view?usp=sharing', NULL, 'barisal-admin', '1', '2026-01-22 05:26:42', '2026-03-25 05:28:39', '2026-03-25 05:44:19');
INSERT INTO `news_events` (`id`, `title`, `slug`, `excerpt`, `content`, `image_url`, `additional_images`, `author`, `is_active`, `published_at`, `created_at`, `updated_at`) VALUES ('6', 'Celebrating the Outstanding HSC Results with our Student', 'celebrating-the-outstanding-hsc-results-with-our-student', NULL, '<p>Congratulations to all HSC achievers! Your hard work, patience, and dedication have paid off. Wishing you all the best for your next chapter!</p>', 'https://drive.google.com/file/d/1kBIoENKw_wXL2JVA1OEWs7tOY_j1K1HQ/view?usp=sharing', NULL, 'barisal-admin', '1', '2025-10-10 05:28:38', '2026-03-25 05:31:11', '2026-03-25 05:44:59');
INSERT INTO `news_events` (`id`, `title`, `slug`, `excerpt`, `content`, `image_url`, `additional_images`, `author`, `is_active`, `published_at`, `created_at`, `updated_at`) VALUES ('7', 'Celebrating the Outstanding SSC Results with our Student', 'celebrating-the-outstanding-ssc-results-with-our-student', NULL, '<p>A proud moment for our school.</p><p>Celebrating the outstanding SSC results with our students, teachers and honourable Principal sir.</p><p>Congratulations to all students!</p>', 'https://drive.google.com/file/d/1oDl4njObYgi75w6L3zgGsSG_ukulT4yX/view?usp=sharing', NULL, 'barisal-admin', '1', '2025-07-10 05:31:10', '2026-03-25 05:32:38', '2026-03-25 05:45:24');


CREATE TABLE `notices` (
  `id` bigint unsigned NOT NULL AUTO_INCREMENT,
  `title` varchar(255) COLLATE utf8mb4_unicode_ci NOT NULL,
  `content` text COLLATE utf8mb4_unicode_ci,
  `file` varchar(255) COLLATE utf8mb4_unicode_ci DEFAULT NULL,
  `link` varchar(255) COLLATE utf8mb4_unicode_ci DEFAULT NULL,
  `page_id` bigint unsigned DEFAULT NULL,
  `published_at` timestamp NOT NULL DEFAULT CURRENT_TIMESTAMP,
  `expires_at` timestamp NULL DEFAULT NULL,
  `created_at` timestamp NULL DEFAULT NULL,
  `updated_at` timestamp NULL DEFAULT NULL,
  PRIMARY KEY (`id`),
  KEY `notices_page_id_foreign` (`page_id`),
  KEY `notices_published_idx` (`published_at`),
  KEY `notices_page_idx` (`page_id`),
  CONSTRAINT `notices_page_id_foreign` FOREIGN KEY (`page_id`) REFERENCES `pages` (`id`) ON DELETE SET NULL
) ENGINE=InnoDB AUTO_INCREMENT=26 DEFAULT CHARSET=utf8mb4 COLLATE=utf8mb4_unicode_ci;

INSERT INTO `notices` (`id`, `title`, `content`, `file`, `link`, `page_id`, `published_at`, `expires_at`, `created_at`, `updated_at`) VALUES ('21', 'Admission Test - 2026', NULL, 'https://drive.google.com/file/d/1Dxphsa4yUnJfeCyx5WJFvb4y5NreztIT/view?usp=sharing', NULL, '39', '2026-02-18 10:00:56', NULL, '2026-03-16 10:02:11', '2026-03-16 10:03:01');
INSERT INTO `notices` (`id`, `title`, `content`, `file`, `link`, `page_id`, `published_at`, `expires_at`, `created_at`, `updated_at`) VALUES ('22', 'Teachers Recruitment Circular - 2026', NULL, 'https://drive.google.com/file/d/1iysaHwZA1Kl43OiTssGFcMkWIpHzLLo4/view?usp=sharing', NULL, '40', '2026-02-18 10:03:21', NULL, '2026-03-16 10:04:23', '2026-03-16 10:04:23');
INSERT INTO `notices` (`id`, `title`, `content`, `file`, `link`, `page_id`, `published_at`, `expires_at`, `created_at`, `updated_at`) VALUES ('23', 'Final Recruitment Result - 2026', NULL, 'https://drive.google.com/file/d/19ESTK63Sn-XM5Yvs0BQZYi3RX5qAs_ly/view?usp=sharing', NULL, '41', '2026-02-10 10:04:23', NULL, '2026-03-16 10:06:00', '2026-03-16 10:06:00');
INSERT INTO `notices` (`id`, `title`, `content`, `file`, `link`, `page_id`, `published_at`, `expires_at`, `created_at`, `updated_at`) VALUES ('24', 'KG - X Seat Plan has been Published', NULL, 'https://drive.google.com/file/d/1mIyanZ6mFdHxrL7ExTj2vigzTf1XNwby/view?usp=sharing', NULL, '42', '2026-01-29 10:06:00', NULL, '2026-03-16 10:11:13', '2026-03-16 10:11:13');
INSERT INTO `notices` (`id`, `title`, `content`, `file`, `link`, `page_id`, `published_at`, `expires_at`, `created_at`, `updated_at`) VALUES ('25', 'Teachers Recruitment Circular', NULL, 'https://drive.google.com/file/d/1FrZe6fgiNmfxrFf8ccRdFhKUCiPNP-wS/view?usp=sharing', NULL, '43', '2026-01-19 10:11:13', NULL, '2026-03-16 10:13:06', '2026-03-16 10:13:06');


CREATE TABLE `orders` (
  `id` bigint unsigned NOT NULL AUTO_INCREMENT,
  `user_id` bigint unsigned DEFAULT NULL,
  `product_id` bigint unsigned NOT NULL,
  `customer_name` varchar(255) COLLATE utf8mb4_unicode_ci DEFAULT NULL,
  `customer_email` varchar(255) COLLATE utf8mb4_unicode_ci DEFAULT NULL,
  `customer_phone` varchar(255) COLLATE utf8mb4_unicode_ci DEFAULT NULL,
  `amount` decimal(10,2) NOT NULL,
  `payment_method` varchar(255) COLLATE utf8mb4_unicode_ci NOT NULL,
  `payment_status` varchar(255) COLLATE utf8mb4_unicode_ci NOT NULL DEFAULT 'pending',
  `transaction_id` varchar(255) COLLATE utf8mb4_unicode_ci DEFAULT NULL,
  `status` varchar(255) COLLATE utf8mb4_unicode_ci NOT NULL DEFAULT 'pending',
  `order_notes` text COLLATE utf8mb4_unicode_ci,
  `created_at` timestamp NULL DEFAULT NULL,
  `updated_at` timestamp NULL DEFAULT NULL,
  PRIMARY KEY (`id`),
  KEY `orders_user_id_foreign` (`user_id`),
  KEY `orders_product_id_foreign` (`product_id`),
  CONSTRAINT `orders_product_id_foreign` FOREIGN KEY (`product_id`) REFERENCES `products` (`id`) ON DELETE CASCADE,
  CONSTRAINT `orders_user_id_foreign` FOREIGN KEY (`user_id`) REFERENCES `users` (`id`) ON DELETE SET NULL
) ENGINE=InnoDB AUTO_INCREMENT=2 DEFAULT CHARSET=utf8mb4 COLLATE=utf8mb4_unicode_ci;

INSERT INTO `orders` (`id`, `user_id`, `product_id`, `customer_name`, `customer_email`, `customer_phone`, `amount`, `payment_method`, `payment_status`, `transaction_id`, `status`, `order_notes`, `created_at`, `updated_at`) VALUES ('1', NULL, '1', 'shimul', 'shimul.amarschool@gmail.com', '01913162085', '1999.00', 'manual', 'paid', NULL, 'completed', NULL, '2026-03-12 14:59:25', '2026-03-12 15:00:10');


CREATE TABLE `pages` (
  `id` bigint unsigned NOT NULL AUTO_INCREMENT,
  `title` varchar(255) COLLATE utf8mb4_unicode_ci NOT NULL,
  `slug` varchar(255) COLLATE utf8mb4_unicode_ci NOT NULL,
  `image_url` varchar(255) COLLATE utf8mb4_unicode_ci DEFAULT NULL,
  `content` longtext COLLATE utf8mb4_unicode_ci,
  `html_content` longtext COLLATE utf8mb4_unicode_ci,
  `buttons` longtext CHARACTER SET utf8mb4 COLLATE utf8mb4_bin,
  `bottom_content` text COLLATE utf8mb4_unicode_ci,
  `meta_title` varchar(255) COLLATE utf8mb4_unicode_ci DEFAULT NULL,
  `meta_description` text COLLATE utf8mb4_unicode_ci,
  `is_published` tinyint(1) NOT NULL DEFAULT '0',
  `menu_id` bigint unsigned DEFAULT NULL,
  `published_at` timestamp NULL DEFAULT NULL,
  `created_at` timestamp NULL DEFAULT NULL,
  `updated_at` timestamp NULL DEFAULT NULL,
  PRIMARY KEY (`id`),
  UNIQUE KEY `pages_slug_unique` (`slug`),
  KEY `pages_menu_id_foreign` (`menu_id`),
  KEY `pages_published_idx` (`is_published`,`published_at`),
  CONSTRAINT `pages_menu_id_foreign` FOREIGN KEY (`menu_id`) REFERENCES `menus` (`id`) ON DELETE SET NULL,
  CONSTRAINT `pages_chk_1` CHECK (json_valid(`buttons`))
) ENGINE=InnoDB AUTO_INCREMENT=45 DEFAULT CHARSET=utf8mb4 COLLATE=utf8mb4_unicode_ci;

INSERT INTO `pages` (`id`, `title`, `slug`, `image_url`, `content`, `html_content`, `buttons`, `bottom_content`, `meta_title`, `meta_description`, `is_published`, `menu_id`, `published_at`, `created_at`, `updated_at`) VALUES ('3', 'Parent Teacher Meeting', 'parent-teacher-meeting-notice-3', NULL, '[{\"data\": {\"level\": \"h2\", \"content\": \"Parent Teacher Meeting\", \"alignment\": \"center\"}, \"type\": \"heading\"}, {\"data\": {\"content\": \"<p>Notice content will be added here.</p>\"}, \"type\": \"paragraph\"}]', NULL, NULL, NULL, NULL, NULL, '1', NULL, '2025-11-18 10:42:45', '2025-11-22 17:32:35', '2025-11-22 17:32:35');
INSERT INTO `pages` (`id`, `title`, `slug`, `image_url`, `content`, `html_content`, `buttons`, `bottom_content`, `meta_title`, `meta_description`, `is_published`, `menu_id`, `published_at`, `created_at`, `updated_at`) VALUES ('12', 'Button', 'button', NULL, '\n\n\nনিচের বাট ক্লিক করুন', 'নিচের বাট ক্লিক করুননিচের বাট ক্লিক করুননিচের বাট ক্লিক করুননিচের বাট ক্লিক করুন', '[{\"url\": \"https://facebook.com\", \"icon\": \"fa-link\", \"text\": \"Online Admission \", \"color\": \"danger\", \"open_new_tab\": false}]', 'নিচের বাট ক্লিক করুননিচের বাট ক্লিক করুননিচের বাট ক্লিক করুননিচের বাট ক্লিক করুন', NULL, NULL, '1', '33', '2025-12-17 12:41:55', '2025-12-17 12:44:28', '2025-12-17 12:57:11');
INSERT INTO `pages` (`id`, `title`, `slug`, `image_url`, `content`, `html_content`, `buttons`, `bottom_content`, `meta_title`, `meta_description`, `is_published`, `menu_id`, `published_at`, `created_at`, `updated_at`) VALUES ('20', 'At a Glance', 'at-a-glance', NULL, 'Dhaka Cantt Girls’ Public School & College is one of the most reputed colleges in Dhaka City. The College, full of scenic beauty and free from din and bustle of the city, launched it journey in the middle of 2005. Lt Col Zahid Hossain (retired as Brig Gen) was appointed as the founder principal.\n\nApart from sufficient classrooms, the college has four science laboratories and a modern library. The library of this institute is fully air conditioned having more than 5000 volumes and internet facilities. The computer lab of this institution is enriched with modern amenities having 30 computers. The institution has its own clubs for running extracurricular activities. There are four different houses in which the students are categorized for academic and extracurricular activities. It has showed its best with in the short span of time.\n\nPresently Brig Gen Md Abdur Razzak, SUP, ndc, psc is the Chairman of the Governing Body and Col Md Mamun Azad Salehin, afwc, psc is the Principal of the institution. Currently Principal, Vice Principal, 36 Teachers in College section, 80 Teachers in School section, 29 Office Staff, 60 MLSS are working here. The classes are being conducted from Nursery to class XII in Bangla Version and Nursery to class IX in English Version.', NULL, '[]', NULL, NULL, NULL, '1', NULL, '2025-12-29 17:56:03', '2025-12-29 17:58:17', '2026-03-16 10:38:36');
INSERT INTO `pages` (`id`, `title`, `slug`, `image_url`, `content`, `html_content`, `buttons`, `bottom_content`, `meta_title`, `meta_description`, `is_published`, `menu_id`, `published_at`, `created_at`, `updated_at`) VALUES ('21', 'History', 'history', NULL, 'Dhaka Cantonment Girls\' Public School and College started its journey in August 2005 intending to create dynamic womenfolk for future Bangladesh. Lt Col Md Zahid Hossain, AEC (Retd as Brig Gen) was postes as first Principal. Initial works were started under the supervision of the AHQ Education Directorate. Brig Gen Md. Golam Hossain the then Comd, Army Sig Bde was nominated as the first Chairman of the Governing Body of the institution by the then Chief of Army Staff\n\n\nThe first admission test was arranged in Dec 2005. Classes were started from 1 January 2006 with 17 Sections from class II to VII. The School was formally inaugurated by Chief of Army Staff Gen Moin U Ahmed, NDC, PSC on 02 March 2006.', NULL, '[]', NULL, NULL, NULL, '1', NULL, '2025-12-29 17:58:17', '2025-12-29 18:00:31', '2026-03-16 10:38:59');
INSERT INTO `pages` (`id`, `title`, `slug`, `image_url`, `content`, `html_content`, `buttons`, `bottom_content`, `meta_title`, `meta_description`, `is_published`, `menu_id`, `published_at`, `created_at`, `updated_at`) VALUES ('22', 'Why study DCGPSC', 'Why study DCGPSC', NULL, 'Dhaka Cantt Girls’ Public School & College in an emerging institute having all facilities for students, and the teachers of the institute are very experienced and knowledgeable. \n\nAcademic Facilities \n\nThe Institute has its own campus sufficient class rooms, the institution is enriched with a modern library,four labs, two play grounds and a small children’s park.  The School is surrounded by lakes from three sides that make the environment solitary. \n\nExcellent Result \n\nEvery year the institute shows extra ordinary result in different public exams. A number of students achieve position in the board each year. Many of the students get admitted in the public Universities and other institutions every year for higher studies. \n\nStrong cultural Identity\n\nWithin the short span of time, the institution earned a reputation for its cultural activities. Students of this institute take part in debate competitions arranged by the government of Bangladesh and Army Headquarters and achieve different awards every year. Apart from this, the students of this college win prizes in essay competitions arranged nationally from time to time. \n\nLeader in Games & Sports\n\nEvery year many Students Participate in different tournament including athletics, handball, cricket etc. Our team became champion in Inter College Girls’ Cricket, Handball and Athletics Tournament several times. \n\nVeteran Teaching Staffs \n\nWe have 92 experienced and qualified teachers who create a congenial atmospleve  in the class to make the students efficient and morally developed.', NULL, '[]', NULL, NULL, NULL, '1', NULL, '2025-12-29 18:00:31', '2025-12-29 18:02:15', '2026-03-26 11:29:27');
INSERT INTO `pages` (`id`, `title`, `slug`, `image_url`, `content`, `html_content`, `buttons`, `bottom_content`, `meta_title`, `meta_description`, `is_published`, `menu_id`, `published_at`, `created_at`, `updated_at`) VALUES ('23', 'Governing Body', 'governing-body', NULL, '.', '<!DOCTYPE html>\n<html lang=\"en\">\n<head>\n    <meta charset=\"UTF-8\">\n    <meta name=\"viewport\" content=\"width=device-width, initial-scale=1.0\">\n    <title>Governing Body - RCESC</title>\n    <style>\n        .gb-container {\n            max-width: 1100px;\n            margin: 0 auto;\n            padding: 20px;\n            font-family: \'Arial\', sans-serif;\n            text-align: center;\n        }\n\n        .gb-title {\n            color: #1a5c2e;\n            font-size: 32px;\n            margin-bottom: 40px;\n            border-bottom: 2px solid #1a5c2e;\n            display: inline-block;\n            padding-bottom: 10px;\n        }\n\n        /* Top Single Card */\n        .chief-section {\n            display: flex;\n            justify-content: center;\n            margin-bottom: 40px;\n        }\n\n        /* Grid for 3 columns */\n        .members-grid {\n            display: grid;\n            grid-template-columns: repeat(3, 1fr); /* এক লাইনে ৩টি */\n            gap: 25px;\n        }\n\n        .member-card {\n            background: #fff;\n            border: 1px solid #ddd;\n            border-top: 5px solid #1a5c2e;\n            border-radius: 8px;\n            padding: 20px;\n            box-shadow: 0 4px 10px rgba(0,0,0,0.05);\n            display: flex;\n            flex-direction: column;\n            align-items: center;\n        }\n\n        .chief-card {\n            width: 350px; /* Chief Patron একটু বড় */\n            border-top-color: #d4af37; /* Gold border */\n        }\n\n        .member-photo {\n            width: 140px;\n            height: 160px;\n            background-color: #f0f0f0;\n            margin-bottom: 15px;\n            border-radius: 5px;\n            object-fit: cover;\n            border: 1px solid #eee;\n        }\n\n        .m-name {\n            font-size: 16px;\n            font-weight: bold;\n            color: #333;\n            margin-bottom: 8px;\n            line-height: 1.3;\n        }\n\n        .m-desig {\n            font-size: 14px;\n            color: #666;\n            margin-bottom: 12px;\n            min-height: 40px; /* এলাইনমেন্ট ঠিক রাখার জন্য */\n        }\n\n        .m-role {\n            background: #1a5c2e;\n            color: #fff;\n            font-size: 12px;\n            padding: 5px 15px;\n            border-radius: 20px;\n            text-transform: uppercase;\n        }\n\n        /* Mobile Responsive */\n        @media (max-width: 900px) {\n            .members-grid { grid-template-columns: repeat(2, 1fr); }\n        }\n        @media (max-width: 600px) {\n            .members-grid { grid-template-columns: 1fr; }\n            .chief-card { width: 100%; }\n        }\n    </style>\n</head>\n<body>\n\n<div class=\"gb-container\">\n    <h1 class=\"gb-title\">GOVERNING BODY</h1>\n\n    <div class=\"chief-section\">\n        <div class=\"member-card chief-card\">\n            <img src=\"https://drive.google.com/thumbnail?id=1c1S0LftMeWrKugw7OMleUpNwIHX0Y7Gq&sz=w800\" alt=\"Chief Patron\" class=\"member-photo\">\n            <div class=\"m-name\">Maj Gen Mohammad Asadullah Minhazul Alam, ndu, psc, PhD</div>\n            <div class=\"m-desig\">GOC, 10 Inf Div & Area Commander, Cox\'s Bazar Area</div>\n            <div class=\"m-role\">Chief Patron</div>\n        </div>\n    </div>\n    <div class=\"members-grid\">\n        <div class=\"member-card\">\n            <img src=\"https://drive.google.com/thumbnail?id=1me1hfGslY5SCT-66zUWv4zHgZeJh89C0&sz=w800\"  alt=\"Chairman\" class=\"member-photo\">\n            <div class=\"m-name\">Brig Gen Md Khademul Bashar, PBGMS, psc</div>\n            <div class=\"m-desig\">Commander, 65 Infantry Brigade</div>\n            <div class=\"m-role\">Chairman</div>\n        </div>\n\n        <div class=\"member-card\">\n            <img src=\"https://drive.google.com/thumbnail?id=1rLSq0VGMdJ5N4AeIT0rRQMkKBPMt8Ig0&sz=w800\" alt=\"Member Secretary\" class=\"member-photo\">\n            <div class=\"m-name\">Lecturer H. M Syeedur Rahman</div>\n            <div class=\"m-desig\">Teachers Representative</div>\n            <div class=\"m-role\">Member</div>\n        </div>\n        <div class=\"member-card\">\n            <img src=\"https://drive.google.com/thumbnail?id=1kIBpAsS61YOuE30ywg3BXmdsR8lYGOiP&sz=w800\" alt=\"Member\" class=\"member-photo\">\n            <div class=\"m-name\">Sr. Teacher Tasnim Sauda Saki</div>\n            <div class=\"m-desig\">Teachers Representative</div>\n            <div class=\"m-role\">Member</div>\n        </div>\n        \n        <div class=\"member-card\">\n            <img src=\"https://drive.google.com/thumbnail?id=1WB4V-25Tg0Lx0MqC95NQ6HSBXJG9VP5M&sz=w800\" alt=\"Member\" class=\"member-photo\">\n            <div class=\"m-name\">Asst Teacher Mohammad Saifullah</div>\n            <div class=\"m-desig\">Teachers Representative</div>\n            <div class=\"m-role\">Member</div>\n        </div>\n\n<div class=\"member-card\">\n            <img src=\"https://drive.google.com/thumbnail?id=1rLSq0VGMdJ5N4AeIT0rRQMkKBPMt8Ig0&sz=w800\" alt=\"Member\" class=\"member-photo\">\n            <div class=\"m-name\">Lt Col M Iqbal Khalid, psc, ADST</div>\n            <div class=\"m-desig\">Guardian Representative</div>\n            <div class=\"m-role\">Member</div>\n        </div>\n\n<div class=\"member-card\">\n            <img src=\"https://drive.google.com/thumbnail?id=1rLSq0VGMdJ5N4AeIT0rRQMkKBPMt8Ig0&sz=w800\" alt=\"Member\" class=\"member-photo\">\n            <div class=\"m-name\">Lt Col Z M Mahmudul Islam, psc, Engrs</div>\n            <div class=\"m-desig\">Guardian Representative</div>\n            <div class=\"m-role\">Member</div>\n        </div>\n\n      <div class=\"member-card\">\n            <img src=\"https://drive.google.com/thumbnail?id=1rLSq0VGMdJ5N4AeIT0rRQMkKBPMt8Ig0&sz=w800\" alt=\"Member\" class=\"member-photo\">\n            <div class=\"m-name\">Asst Prof Shormin Siddiqa Lima</div>\n            <div class=\"m-desig\">Guardian Representative</div>\n            <div class=\"m-role\">Member</div>\n        </div>\n\n        <div class=\"member-card\">\n              <img src=\"https://drive.google.com/thumbnail?id=1rLSq0VGMdJ5N4AeIT0rRQMkKBPMt8Ig0&sz=w800\" alt=\"Member\" class=\"member-photo\">\n              <div class=\"m-name\">Lt Col Mahtab Khan, psc</div>\n              <div class=\"m-desig\">Co-opt Member</div>\n              <div class=\"m-role\">Member</div>\n        </div>\n\n       <div class=\"member-card\">\n              <img src=\"https://drive.google.com/thumbnail?id=1rLSq0VGMdJ5N4AeIT0rRQMkKBPMt8Ig0&sz=w800\" alt=\"Member\" class=\"member-photo\">\n              <div class=\"m-name\">Maj M Zahid Hassan Maroof, AEC</div>\n              <div class=\"m-desig\">Co-opt Member</div>\n              <div class=\"m-role\">Member</div>\n        </div>\n\n <div class=\"member-card\">\n              <img src=\"https://drive.google.com/thumbnail?id=12usXBZF8Qxib4L0xHjba32B3knfgNI8a&sz=w800\" alt=\"Member\" class=\"member-photo\">\n              <div class=\"m-name\">Maj Md Rashedul Kabir,Inf</div>\n              <div class=\"m-desig\">Co-opt Member</div>\n              <div class=\"m-role\">Member</div>\n        </div>\n\n <div class=\"member-card\">\n              <img src=\"https://drive.google.com/thumbnail?id=1QCP4gbU9jkxdMYPGSfqvhM7vd0TXHVXu&sz=w800\" alt=\"Member\" class=\"member-photo\">\n              <div class=\"m-name\">Lt Col Md Abdur Rahim, M Phil, AEC</div>\n              <div class=\"m-desig\">Principal & </div>\n              <div class=\"m-role\"> Member Secretary</div>\n        </div>\n    </div>\n</div>\n\n</body>\n</html>', '[]', NULL, NULL, NULL, '1', '44', '2025-12-29 18:15:36', '2025-12-29 18:16:13', '2025-12-29 19:24:52');
INSERT INTO `pages` (`id`, `title`, `slug`, `image_url`, `content`, `html_content`, `buttons`, `bottom_content`, `meta_title`, `meta_description`, `is_published`, `menu_id`, `published_at`, `created_at`, `updated_at`) VALUES ('24', 'Syllabus', 'syllabus', NULL, 'Syllabus -2018 :: Class XI-XII', NULL, '[{\"url\":\"https:\\/\\/drive.google.com\\/file\\/d\\/1wXMFtgdpYoMFnI6yASXfKGJUoYnfDgqZ\\/view?usp=sharing\",\"icon\":\"fa-file-pdf\",\"text\":\"Syllabus -2018 :: Class XI-XII\",\"color\":\"success\",\"open_new_tab\":true}]', NULL, NULL, NULL, '1', NULL, '2025-12-29 20:21:27', '2025-12-29 20:23:09', '2026-03-26 10:10:41');
INSERT INTO `pages` (`id`, `title`, `slug`, `image_url`, `content`, `html_content`, `buttons`, `bottom_content`, `meta_title`, `meta_description`, `is_published`, `menu_id`, `published_at`, `created_at`, `updated_at`) VALUES ('25', 'Academic calendar', 'academic-calendar', NULL, 'Academic calendar', NULL, '[{\"url\": \"https://demo.mosconicuplive.com/syllabus\", \"icon\": \"fa-info-circle\", \"text\": \"Academic Calendar 2025\", \"color\": \"success\", \"open_new_tab\": true}, {\"url\": \"https://demo.mosconicuplive.com/syllabus\", \"icon\": \"fa-info-circle\", \"text\": \"Academic Calendar 2024\", \"color\": \"success\", \"open_new_tab\": false}, {\"url\": \"https://demo.mosconicuplive.com/syllabus\", \"icon\": \"fa-info-circle\", \"text\": \"Academic Calendar 2023\", \"color\": \"success\", \"open_new_tab\": true}]', NULL, NULL, NULL, '0', '47', '2025-12-29 20:36:23', '2025-12-29 20:37:57', '2026-03-26 10:25:22');
INSERT INTO `pages` (`id`, `title`, `slug`, `image_url`, `content`, `html_content`, `buttons`, `bottom_content`, `meta_title`, `meta_description`, `is_published`, `menu_id`, `published_at`, `created_at`, `updated_at`) VALUES ('26', 'Admission Circular', 'admission-circular', NULL, 'Class XI Admission Notice session 2024-25', NULL, '[{\"text\":\"Class XI Admission Notice session 2024-25\",\"url\":\"https:\\/\\/drive.google.com\\/file\\/d\\/12Tgcks09SiAsct8a9jzOq8fb2jlWSu2e\\/view?usp=sharing\",\"color\":\"primary\",\"icon\":\"fa-file-pdf\",\"open_new_tab\":false}]', NULL, NULL, NULL, '1', NULL, '2025-12-29 20:40:51', '2025-12-29 20:41:32', '2026-03-26 10:46:36');
INSERT INTO `pages` (`id`, `title`, `slug`, `image_url`, `content`, `html_content`, `buttons`, `bottom_content`, `meta_title`, `meta_description`, `is_published`, `menu_id`, `published_at`, `created_at`, `updated_at`) VALUES ('27', 'Prospectus', 'prospectus', NULL, ' Prospectus (English Version) of DCGPSC', NULL, '[{\"text\":\" Prospectus (English Version) of DCGPSC\",\"url\":\"https:\\/\\/drive.google.com\\/file\\/d\\/107Na7LIsc5TmAYCeOl1iIAg-EsoZmilp\\/view?usp=sharing\",\"color\":\"primary\",\"icon\":\"fa-file-pdf\",\"open_new_tab\":true}]', NULL, NULL, NULL, '1', '49', '2025-12-29 20:56:05', '2025-12-29 20:57:05', '2026-03-26 10:42:08');
INSERT INTO `pages` (`id`, `title`, `slug`, `image_url`, `content`, `html_content`, `buttons`, `bottom_content`, `meta_title`, `meta_description`, `is_published`, `menu_id`, `published_at`, `created_at`, `updated_at`) VALUES ('28', 'Class Room', 'class-room', 'https://drive.google.com/file/d/1gJQpSK96iF7meb4VKTSuHh8d3tH3BiBV/view?usp=sharing', 'The Institution has 68 well decorated classrooms. The Classrooms Present a learner friendly environment. Besides, there are 52 multimedia classrooms in the institution. Here, teachers can take classes using multimedia projector and digital content.', NULL, '[]', NULL, NULL, NULL, '1', '55', '2025-12-29 23:16:36', '2025-12-29 23:20:45', '2026-03-26 10:19:38');
INSERT INTO `pages` (`id`, `title`, `slug`, `image_url`, `content`, `html_content`, `buttons`, `bottom_content`, `meta_title`, `meta_description`, `is_published`, `menu_id`, `published_at`, `created_at`, `updated_at`) VALUES ('29', 'Indoor Game', 'indoor-game', NULL, '<img src=\"https://drive.google.com/thumbnail?id=1FACC3BelDSHaQqLXPItbwA4kv70gHlwT&sz=w800\" alt=\"Admission\" class=\"circular-photo\">', NULL, '[]', NULL, NULL, NULL, '1', '56', '2025-12-29 23:20:44', '2025-12-29 23:22:59', '2025-12-29 23:27:53');
INSERT INTO `pages` (`id`, `title`, `slug`, `image_url`, `content`, `html_content`, `buttons`, `bottom_content`, `meta_title`, `meta_description`, `is_published`, `menu_id`, `published_at`, `created_at`, `updated_at`) VALUES ('30', 'Outdoor Games', 'outdoor-games', NULL, '<img src=\"https://drive.google.com/thumbnail?id=18dFRXFCUHH5k0ypmCTi2QWWJUm_aPI_j&sz=w800\" alt=\"Admission\" class=\"circular-photo\">', NULL, '[]', NULL, NULL, NULL, '1', '57', '2025-12-29 23:22:59', '2025-12-29 23:24:21', '2025-12-29 23:28:08');
INSERT INTO `pages` (`id`, `title`, `slug`, `image_url`, `content`, `html_content`, `buttons`, `bottom_content`, `meta_title`, `meta_description`, `is_published`, `menu_id`, `published_at`, `created_at`, `updated_at`) VALUES ('31', 'Library', 'library', 'https://drive.google.com/file/d/1M8fi1O-D0rY2zaPCKeJ0niIrQ2iHgMWR/view?usp=sharing', 'The Institution has a pally air conditioned modern library with seating arrangement of 100 Students. It is enriched with five thousand books. It is named as “Lt Col Zayed Memorial Library and Information Centre” recognizing his contribution for establishing the library.', NULL, '[]', NULL, NULL, NULL, '1', '58', '2025-12-29 23:24:21', '2025-12-29 23:25:47', '2026-03-26 10:48:36');
INSERT INTO `pages` (`id`, `title`, `slug`, `image_url`, `content`, `html_content`, `buttons`, `bottom_content`, `meta_title`, `meta_description`, `is_published`, `menu_id`, `published_at`, `created_at`, `updated_at`) VALUES ('32', 'Lab', 'lab', 'https://drive.google.com/file/d/1WuKx3JwBkJhxItC2IvWmnSnjuYsHxx77/view?usp=sharing', 'The institution has four laboratories. \nThey are: \n\n\n1.    Physics Lab \n2.    Chemistry Lab \n3.    Biology Lab\n4.    Computer Lab \nAll the labs are newly renovated and are equipped with all necessary instruments and modern amenities. Computer lab is fully air conditioned and is facilitated with internet access students can also avail  \n\nN-Computing system in the Lab. ', NULL, '[]', NULL, NULL, NULL, '1', '59', '2025-12-29 23:25:47', '2025-12-29 23:27:19', '2026-03-26 10:22:27');
INSERT INTO `pages` (`id`, `title`, `slug`, `image_url`, `content`, `html_content`, `buttons`, `bottom_content`, `meta_title`, `meta_description`, `is_published`, `menu_id`, `published_at`, `created_at`, `updated_at`) VALUES ('33', 'Language Club', 'language-club', NULL, '<img src=\"https://drive.google.com/thumbnail?id=1X9KOhq8VAvbQd5pi-F1oeWPJ34UaVT0D&sz=w800\" alt=\"Admission\" class=\"circular-photo\">', NULL, '[]', NULL, NULL, NULL, '1', NULL, '2025-12-29 23:27:19', '2025-12-29 23:31:36', '2025-12-29 23:54:21');
INSERT INTO `pages` (`id`, `title`, `slug`, `image_url`, `content`, `html_content`, `buttons`, `bottom_content`, `meta_title`, `meta_description`, `is_published`, `menu_id`, `published_at`, `created_at`, `updated_at`) VALUES ('34', 'Debate Club', 'debate-club', NULL, '<img src=\"https://drive.google.com/thumbnail?id=1xRRPdVWAmjhGtaqY1RLZbU5x4ypFgJOJ&sz=w800\" alt=\"Admission\" class=\"circular-photo\">', NULL, '[]', NULL, NULL, NULL, '1', NULL, '2025-12-29 23:31:36', '2025-12-29 23:54:21', '2025-12-29 23:56:05');
INSERT INTO `pages` (`id`, `title`, `slug`, `image_url`, `content`, `html_content`, `buttons`, `bottom_content`, `meta_title`, `meta_description`, `is_published`, `menu_id`, `published_at`, `created_at`, `updated_at`) VALUES ('35', 'GK and Current Affairs', 'gk-and-current-affairs', NULL, '<img src=\"https://drive.google.com/thumbnail?id=1PNxRqDCSqRHJ3u7b7HmVpELtIaqiMiDw&sz=w800\" alt=\"Admission\" class=\"circular-photo\">', NULL, '[]', NULL, NULL, NULL, '1', NULL, '2025-12-29 23:54:21', '2025-12-29 23:56:05', '2025-12-30 00:01:24');
INSERT INTO `pages` (`id`, `title`, `slug`, `image_url`, `content`, `html_content`, `buttons`, `bottom_content`, `meta_title`, `meta_description`, `is_published`, `menu_id`, `published_at`, `created_at`, `updated_at`) VALUES ('36', 'Quranic Club', 'quranic-club', NULL, '<img src=\"https://drive.google.com/thumbnail?id=1Yl-BC-_PfdA6amDkspIQfPosIGqaiKbH&sz=w800\" alt=\"Admission\" class=\"circular-photo\">', NULL, '[]', NULL, NULL, NULL, '1', '63', '2025-12-29 23:56:05', '2025-12-30 00:01:24', '2025-12-30 00:03:19');
INSERT INTO `pages` (`id`, `title`, `slug`, `image_url`, `content`, `html_content`, `buttons`, `bottom_content`, `meta_title`, `meta_description`, `is_published`, `menu_id`, `published_at`, `created_at`, `updated_at`) VALUES ('37', 'Calligraphy and arts and crafts Society', 'calligraphy-and-arts-and-crafts-society', NULL, '<img src=\"https://drive.google.com/thumbnail?id=1-XpDK2d61aRZqNg5odOeiT9eV4EG-m5Q&sz=w800\" alt=\"Admission\" class=\"circular-photo\">', NULL, '[]', NULL, NULL, NULL, '1', '64', '2025-12-30 00:01:24', '2025-12-30 00:02:53', '2025-12-30 00:03:33');
INSERT INTO `pages` (`id`, `title`, `slug`, `image_url`, `content`, `html_content`, `buttons`, `bottom_content`, `meta_title`, `meta_description`, `is_published`, `menu_id`, `published_at`, `created_at`, `updated_at`) VALUES ('39', 'Admission Test - 2026', 'admission-test-2026-notice', NULL, '<p>Notice content will be added here.</p>', NULL, NULL, NULL, NULL, NULL, '1', NULL, '2026-03-16 10:00:56', '2026-03-16 10:02:11', '2026-03-16 10:02:11');
INSERT INTO `pages` (`id`, `title`, `slug`, `image_url`, `content`, `html_content`, `buttons`, `bottom_content`, `meta_title`, `meta_description`, `is_published`, `menu_id`, `published_at`, `created_at`, `updated_at`) VALUES ('40', 'Teachers Recruitment Circular - 2026', 'teachers-recruitment-circular-2026-notice', NULL, '<p>Notice content will be added here.</p>', NULL, NULL, NULL, NULL, NULL, '1', NULL, '2026-02-18 10:03:21', '2026-03-16 10:04:23', '2026-03-16 10:04:23');
INSERT INTO `pages` (`id`, `title`, `slug`, `image_url`, `content`, `html_content`, `buttons`, `bottom_content`, `meta_title`, `meta_description`, `is_published`, `menu_id`, `published_at`, `created_at`, `updated_at`) VALUES ('41', 'Final Recruitment Result - 2026', 'final-recruitment-result-2026-notice', NULL, '<p>Notice content will be added here.</p>', NULL, NULL, NULL, NULL, NULL, '1', NULL, '2026-02-10 10:04:23', '2026-03-16 10:06:00', '2026-03-16 10:06:00');
INSERT INTO `pages` (`id`, `title`, `slug`, `image_url`, `content`, `html_content`, `buttons`, `bottom_content`, `meta_title`, `meta_description`, `is_published`, `menu_id`, `published_at`, `created_at`, `updated_at`) VALUES ('42', 'KG - X Seat Plan has been Published', 'kg-x-seat-plan-has-been-published-notice', NULL, '<p>Notice content will be added here.</p>', NULL, NULL, NULL, NULL, NULL, '1', NULL, '2026-01-29 10:06:00', '2026-03-16 10:11:13', '2026-03-16 10:11:13');
INSERT INTO `pages` (`id`, `title`, `slug`, `image_url`, `content`, `html_content`, `buttons`, `bottom_content`, `meta_title`, `meta_description`, `is_published`, `menu_id`, `published_at`, `created_at`, `updated_at`) VALUES ('43', 'Teachers Recruitment Circular', 'teachers-recruitment-circular-notice', NULL, '<p>Notice content will be added here.</p>', NULL, NULL, NULL, NULL, NULL, '1', NULL, '2026-01-19 10:11:13', '2026-03-16 10:13:06', '2026-03-16 10:13:06');
INSERT INTO `pages` (`id`, `title`, `slug`, `image_url`, `content`, `html_content`, `buttons`, `bottom_content`, `meta_title`, `meta_description`, `is_published`, `menu_id`, `published_at`, `created_at`, `updated_at`) VALUES ('44', 'Mission & Vision', 'mission-vision', NULL, '[](https://drive.google.com/file/d/1voEn52WRO9HonH22lKyyXUvzUauSdf3H/view?usp=sharing)\n# Mission & Vision of DCGPSC\n\nDhaka Cantt Girls’ Public School & College seeks to produce academically well-educated young women, with highly developed interpersonal skills and a broad range of interests, who can compete at any level with the brightest and the best, both nationally and internationally.\n\nObjectives\n1. 1.To make each girl as an asset to ensure their participation in various social and cultural activities.\n2. 2.To inspire each student to exhibit honesty, discipline, wisdom, competence, humanity and dedication in their character.\n3. 3.To inculcate dynamic leadership qualities in each student through various co-curricular activities\n4. 4.To enable the students to go ahead and introduce them with the modern technology.\n5. 5.To make a conscious citizen inspired by the feelings of humanity, honesty, patriotism and our liberation war.\n6. 6.To make a promised citizen inspired by the feelings of solidarity, diversity and mutual harmony.', NULL, '[]', NULL, NULL, NULL, '1', '65', '2026-03-23 15:22:57', '2026-03-23 15:23:48', '2026-03-23 15:34:30');


CREATE TABLE `password_reset_tokens` (
  `email` varchar(255) COLLATE utf8mb4_unicode_ci NOT NULL,
  `token` varchar(255) COLLATE utf8mb4_unicode_ci NOT NULL,
  `created_at` timestamp NULL DEFAULT NULL,
  PRIMARY KEY (`email`)
) ENGINE=InnoDB DEFAULT CHARSET=utf8mb4 COLLATE=utf8mb4_unicode_ci;



CREATE TABLE `permissions` (
  `id` bigint unsigned NOT NULL AUTO_INCREMENT,
  `name` varchar(255) COLLATE utf8mb4_unicode_ci NOT NULL,
  `guard_name` varchar(255) COLLATE utf8mb4_unicode_ci NOT NULL,
  `created_at` timestamp NULL DEFAULT NULL,
  `updated_at` timestamp NULL DEFAULT NULL,
  PRIMARY KEY (`id`),
  UNIQUE KEY `permissions_name_guard_name_unique` (`name`,`guard_name`)
) ENGINE=InnoDB AUTO_INCREMENT=166 DEFAULT CHARSET=utf8mb4 COLLATE=utf8mb4_unicode_ci;

INSERT INTO `permissions` (`id`, `name`, `guard_name`, `created_at`, `updated_at`) VALUES ('1', 'view_important::link', 'web', '2025-11-22 21:39:03', '2025-11-22 21:39:03');
INSERT INTO `permissions` (`id`, `name`, `guard_name`, `created_at`, `updated_at`) VALUES ('2', 'view_any_important::link', 'web', '2025-11-22 21:39:03', '2025-11-22 21:39:03');
INSERT INTO `permissions` (`id`, `name`, `guard_name`, `created_at`, `updated_at`) VALUES ('3', 'create_important::link', 'web', '2025-11-22 21:39:03', '2025-11-22 21:39:03');
INSERT INTO `permissions` (`id`, `name`, `guard_name`, `created_at`, `updated_at`) VALUES ('4', 'update_important::link', 'web', '2025-11-22 21:39:03', '2025-11-22 21:39:03');
INSERT INTO `permissions` (`id`, `name`, `guard_name`, `created_at`, `updated_at`) VALUES ('5', 'restore_important::link', 'web', '2025-11-22 21:39:03', '2025-11-22 21:39:03');
INSERT INTO `permissions` (`id`, `name`, `guard_name`, `created_at`, `updated_at`) VALUES ('6', 'restore_any_important::link', 'web', '2025-11-22 21:39:03', '2025-11-22 21:39:03');
INSERT INTO `permissions` (`id`, `name`, `guard_name`, `created_at`, `updated_at`) VALUES ('7', 'replicate_important::link', 'web', '2025-11-22 21:39:03', '2025-11-22 21:39:03');
INSERT INTO `permissions` (`id`, `name`, `guard_name`, `created_at`, `updated_at`) VALUES ('8', 'reorder_important::link', 'web', '2025-11-22 21:39:03', '2025-11-22 21:39:03');
INSERT INTO `permissions` (`id`, `name`, `guard_name`, `created_at`, `updated_at`) VALUES ('9', 'delete_important::link', 'web', '2025-11-22 21:39:03', '2025-11-22 21:39:03');
INSERT INTO `permissions` (`id`, `name`, `guard_name`, `created_at`, `updated_at`) VALUES ('10', 'delete_any_important::link', 'web', '2025-11-22 21:39:03', '2025-11-22 21:39:03');
INSERT INTO `permissions` (`id`, `name`, `guard_name`, `created_at`, `updated_at`) VALUES ('11', 'force_delete_important::link', 'web', '2025-11-22 21:39:03', '2025-11-22 21:39:03');
INSERT INTO `permissions` (`id`, `name`, `guard_name`, `created_at`, `updated_at`) VALUES ('12', 'force_delete_any_important::link', 'web', '2025-11-22 21:39:03', '2025-11-22 21:39:03');
INSERT INTO `permissions` (`id`, `name`, `guard_name`, `created_at`, `updated_at`) VALUES ('13', 'view_location::map', 'web', '2025-11-22 21:39:03', '2025-11-22 21:39:03');
INSERT INTO `permissions` (`id`, `name`, `guard_name`, `created_at`, `updated_at`) VALUES ('14', 'view_any_location::map', 'web', '2025-11-22 21:39:03', '2025-11-22 21:39:03');
INSERT INTO `permissions` (`id`, `name`, `guard_name`, `created_at`, `updated_at`) VALUES ('15', 'create_location::map', 'web', '2025-11-22 21:39:03', '2025-11-22 21:39:03');
INSERT INTO `permissions` (`id`, `name`, `guard_name`, `created_at`, `updated_at`) VALUES ('16', 'update_location::map', 'web', '2025-11-22 21:39:03', '2025-11-22 21:39:03');
INSERT INTO `permissions` (`id`, `name`, `guard_name`, `created_at`, `updated_at`) VALUES ('17', 'restore_location::map', 'web', '2025-11-22 21:39:03', '2025-11-22 21:39:03');
INSERT INTO `permissions` (`id`, `name`, `guard_name`, `created_at`, `updated_at`) VALUES ('18', 'restore_any_location::map', 'web', '2025-11-22 21:39:03', '2025-11-22 21:39:03');
INSERT INTO `permissions` (`id`, `name`, `guard_name`, `created_at`, `updated_at`) VALUES ('19', 'replicate_location::map', 'web', '2025-11-22 21:39:03', '2025-11-22 21:39:03');
INSERT INTO `permissions` (`id`, `name`, `guard_name`, `created_at`, `updated_at`) VALUES ('20', 'reorder_location::map', 'web', '2025-11-22 21:39:03', '2025-11-22 21:39:03');
INSERT INTO `permissions` (`id`, `name`, `guard_name`, `created_at`, `updated_at`) VALUES ('21', 'delete_location::map', 'web', '2025-11-22 21:39:03', '2025-11-22 21:39:03');
INSERT INTO `permissions` (`id`, `name`, `guard_name`, `created_at`, `updated_at`) VALUES ('22', 'delete_any_location::map', 'web', '2025-11-22 21:39:03', '2025-11-22 21:39:03');
INSERT INTO `permissions` (`id`, `name`, `guard_name`, `created_at`, `updated_at`) VALUES ('23', 'force_delete_location::map', 'web', '2025-11-22 21:39:03', '2025-11-22 21:39:03');
INSERT INTO `permissions` (`id`, `name`, `guard_name`, `created_at`, `updated_at`) VALUES ('24', 'force_delete_any_location::map', 'web', '2025-11-22 21:39:03', '2025-11-22 21:39:03');
INSERT INTO `permissions` (`id`, `name`, `guard_name`, `created_at`, `updated_at`) VALUES ('25', 'view_menu', 'web', '2025-11-22 21:39:03', '2025-11-22 21:39:03');
INSERT INTO `permissions` (`id`, `name`, `guard_name`, `created_at`, `updated_at`) VALUES ('26', 'view_any_menu', 'web', '2025-11-22 21:39:03', '2025-11-22 21:39:03');
INSERT INTO `permissions` (`id`, `name`, `guard_name`, `created_at`, `updated_at`) VALUES ('27', 'create_menu', 'web', '2025-11-22 21:39:03', '2025-11-22 21:39:03');
INSERT INTO `permissions` (`id`, `name`, `guard_name`, `created_at`, `updated_at`) VALUES ('28', 'update_menu', 'web', '2025-11-22 21:39:03', '2025-11-22 21:39:03');
INSERT INTO `permissions` (`id`, `name`, `guard_name`, `created_at`, `updated_at`) VALUES ('29', 'restore_menu', 'web', '2025-11-22 21:39:03', '2025-11-22 21:39:03');
INSERT INTO `permissions` (`id`, `name`, `guard_name`, `created_at`, `updated_at`) VALUES ('30', 'restore_any_menu', 'web', '2025-11-22 21:39:03', '2025-11-22 21:39:03');
INSERT INTO `permissions` (`id`, `name`, `guard_name`, `created_at`, `updated_at`) VALUES ('31', 'replicate_menu', 'web', '2025-11-22 21:39:03', '2025-11-22 21:39:03');
INSERT INTO `permissions` (`id`, `name`, `guard_name`, `created_at`, `updated_at`) VALUES ('32', 'reorder_menu', 'web', '2025-11-22 21:39:03', '2025-11-22 21:39:03');
INSERT INTO `permissions` (`id`, `name`, `guard_name`, `created_at`, `updated_at`) VALUES ('33', 'delete_menu', 'web', '2025-11-22 21:39:04', '2025-11-22 21:39:04');
INSERT INTO `permissions` (`id`, `name`, `guard_name`, `created_at`, `updated_at`) VALUES ('34', 'delete_any_menu', 'web', '2025-11-22 21:39:04', '2025-11-22 21:39:04');
INSERT INTO `permissions` (`id`, `name`, `guard_name`, `created_at`, `updated_at`) VALUES ('35', 'force_delete_menu', 'web', '2025-11-22 21:39:04', '2025-11-22 21:39:04');
INSERT INTO `permissions` (`id`, `name`, `guard_name`, `created_at`, `updated_at`) VALUES ('36', 'force_delete_any_menu', 'web', '2025-11-22 21:39:04', '2025-11-22 21:39:04');
INSERT INTO `permissions` (`id`, `name`, `guard_name`, `created_at`, `updated_at`) VALUES ('37', 'view_menu::card', 'web', '2025-11-22 21:39:04', '2025-11-22 21:39:04');
INSERT INTO `permissions` (`id`, `name`, `guard_name`, `created_at`, `updated_at`) VALUES ('38', 'view_any_menu::card', 'web', '2025-11-22 21:39:04', '2025-11-22 21:39:04');
INSERT INTO `permissions` (`id`, `name`, `guard_name`, `created_at`, `updated_at`) VALUES ('39', 'create_menu::card', 'web', '2025-11-22 21:39:04', '2025-11-22 21:39:04');
INSERT INTO `permissions` (`id`, `name`, `guard_name`, `created_at`, `updated_at`) VALUES ('40', 'update_menu::card', 'web', '2025-11-22 21:39:04', '2025-11-22 21:39:04');
INSERT INTO `permissions` (`id`, `name`, `guard_name`, `created_at`, `updated_at`) VALUES ('41', 'restore_menu::card', 'web', '2025-11-22 21:39:04', '2025-11-22 21:39:04');
INSERT INTO `permissions` (`id`, `name`, `guard_name`, `created_at`, `updated_at`) VALUES ('42', 'restore_any_menu::card', 'web', '2025-11-22 21:39:04', '2025-11-22 21:39:04');
INSERT INTO `permissions` (`id`, `name`, `guard_name`, `created_at`, `updated_at`) VALUES ('43', 'replicate_menu::card', 'web', '2025-11-22 21:39:04', '2025-11-22 21:39:04');
INSERT INTO `permissions` (`id`, `name`, `guard_name`, `created_at`, `updated_at`) VALUES ('44', 'reorder_menu::card', 'web', '2025-11-22 21:39:04', '2025-11-22 21:39:04');
INSERT INTO `permissions` (`id`, `name`, `guard_name`, `created_at`, `updated_at`) VALUES ('45', 'delete_menu::card', 'web', '2025-11-22 21:39:04', '2025-11-22 21:39:04');
INSERT INTO `permissions` (`id`, `name`, `guard_name`, `created_at`, `updated_at`) VALUES ('46', 'delete_any_menu::card', 'web', '2025-11-22 21:39:04', '2025-11-22 21:39:04');
INSERT INTO `permissions` (`id`, `name`, `guard_name`, `created_at`, `updated_at`) VALUES ('47', 'force_delete_menu::card', 'web', '2025-11-22 21:39:04', '2025-11-22 21:39:04');
INSERT INTO `permissions` (`id`, `name`, `guard_name`, `created_at`, `updated_at`) VALUES ('48', 'force_delete_any_menu::card', 'web', '2025-11-22 21:39:04', '2025-11-22 21:39:04');
INSERT INTO `permissions` (`id`, `name`, `guard_name`, `created_at`, `updated_at`) VALUES ('49', 'view_message', 'web', '2025-11-22 21:39:04', '2025-11-22 21:39:04');
INSERT INTO `permissions` (`id`, `name`, `guard_name`, `created_at`, `updated_at`) VALUES ('50', 'view_any_message', 'web', '2025-11-22 21:39:04', '2025-11-22 21:39:04');
INSERT INTO `permissions` (`id`, `name`, `guard_name`, `created_at`, `updated_at`) VALUES ('51', 'create_message', 'web', '2025-11-22 21:39:04', '2025-11-22 21:39:04');
INSERT INTO `permissions` (`id`, `name`, `guard_name`, `created_at`, `updated_at`) VALUES ('52', 'update_message', 'web', '2025-11-22 21:39:04', '2025-11-22 21:39:04');
INSERT INTO `permissions` (`id`, `name`, `guard_name`, `created_at`, `updated_at`) VALUES ('53', 'restore_message', 'web', '2025-11-22 21:39:04', '2025-11-22 21:39:04');
INSERT INTO `permissions` (`id`, `name`, `guard_name`, `created_at`, `updated_at`) VALUES ('54', 'restore_any_message', 'web', '2025-11-22 21:39:04', '2025-11-22 21:39:04');
INSERT INTO `permissions` (`id`, `name`, `guard_name`, `created_at`, `updated_at`) VALUES ('55', 'replicate_message', 'web', '2025-11-22 21:39:04', '2025-11-22 21:39:04');
INSERT INTO `permissions` (`id`, `name`, `guard_name`, `created_at`, `updated_at`) VALUES ('56', 'reorder_message', 'web', '2025-11-22 21:39:04', '2025-11-22 21:39:04');
INSERT INTO `permissions` (`id`, `name`, `guard_name`, `created_at`, `updated_at`) VALUES ('57', 'delete_message', 'web', '2025-11-22 21:39:04', '2025-11-22 21:39:04');
INSERT INTO `permissions` (`id`, `name`, `guard_name`, `created_at`, `updated_at`) VALUES ('58', 'delete_any_message', 'web', '2025-11-22 21:39:04', '2025-11-22 21:39:04');
INSERT INTO `permissions` (`id`, `name`, `guard_name`, `created_at`, `updated_at`) VALUES ('59', 'force_delete_message', 'web', '2025-11-22 21:39:04', '2025-11-22 21:39:04');
INSERT INTO `permissions` (`id`, `name`, `guard_name`, `created_at`, `updated_at`) VALUES ('60', 'force_delete_any_message', 'web', '2025-11-22 21:39:04', '2025-11-22 21:39:04');
INSERT INTO `permissions` (`id`, `name`, `guard_name`, `created_at`, `updated_at`) VALUES ('61', 'view_news::event', 'web', '2025-11-22 21:39:04', '2025-11-22 21:39:04');
INSERT INTO `permissions` (`id`, `name`, `guard_name`, `created_at`, `updated_at`) VALUES ('62', 'view_any_news::event', 'web', '2025-11-22 21:39:04', '2025-11-22 21:39:04');
INSERT INTO `permissions` (`id`, `name`, `guard_name`, `created_at`, `updated_at`) VALUES ('63', 'create_news::event', 'web', '2025-11-22 21:39:04', '2025-11-22 21:39:04');
INSERT INTO `permissions` (`id`, `name`, `guard_name`, `created_at`, `updated_at`) VALUES ('64', 'update_news::event', 'web', '2025-11-22 21:39:04', '2025-11-22 21:39:04');
INSERT INTO `permissions` (`id`, `name`, `guard_name`, `created_at`, `updated_at`) VALUES ('65', 'restore_news::event', 'web', '2025-11-22 21:39:04', '2025-11-22 21:39:04');
INSERT INTO `permissions` (`id`, `name`, `guard_name`, `created_at`, `updated_at`) VALUES ('66', 'restore_any_news::event', 'web', '2025-11-22 21:39:04', '2025-11-22 21:39:04');
INSERT INTO `permissions` (`id`, `name`, `guard_name`, `created_at`, `updated_at`) VALUES ('67', 'replicate_news::event', 'web', '2025-11-22 21:39:04', '2025-11-22 21:39:04');
INSERT INTO `permissions` (`id`, `name`, `guard_name`, `created_at`, `updated_at`) VALUES ('68', 'reorder_news::event', 'web', '2025-11-22 21:39:04', '2025-11-22 21:39:04');
INSERT INTO `permissions` (`id`, `name`, `guard_name`, `created_at`, `updated_at`) VALUES ('69', 'delete_news::event', 'web', '2025-11-22 21:39:04', '2025-11-22 21:39:04');
INSERT INTO `permissions` (`id`, `name`, `guard_name`, `created_at`, `updated_at`) VALUES ('70', 'delete_any_news::event', 'web', '2025-11-22 21:39:04', '2025-11-22 21:39:04');
INSERT INTO `permissions` (`id`, `name`, `guard_name`, `created_at`, `updated_at`) VALUES ('71', 'force_delete_news::event', 'web', '2025-11-22 21:39:04', '2025-11-22 21:39:04');
INSERT INTO `permissions` (`id`, `name`, `guard_name`, `created_at`, `updated_at`) VALUES ('72', 'force_delete_any_news::event', 'web', '2025-11-22 21:39:04', '2025-11-22 21:39:04');
INSERT INTO `permissions` (`id`, `name`, `guard_name`, `created_at`, `updated_at`) VALUES ('73', 'view_notice', 'web', '2025-11-22 21:39:04', '2025-11-22 21:39:04');
INSERT INTO `permissions` (`id`, `name`, `guard_name`, `created_at`, `updated_at`) VALUES ('74', 'view_any_notice', 'web', '2025-11-22 21:39:04', '2025-11-22 21:39:04');
INSERT INTO `permissions` (`id`, `name`, `guard_name`, `created_at`, `updated_at`) VALUES ('75', 'create_notice', 'web', '2025-11-22 21:39:04', '2025-11-22 21:39:04');
INSERT INTO `permissions` (`id`, `name`, `guard_name`, `created_at`, `updated_at`) VALUES ('76', 'update_notice', 'web', '2025-11-22 21:39:04', '2025-11-22 21:39:04');
INSERT INTO `permissions` (`id`, `name`, `guard_name`, `created_at`, `updated_at`) VALUES ('77', 'restore_notice', 'web', '2025-11-22 21:39:04', '2025-11-22 21:39:04');
INSERT INTO `permissions` (`id`, `name`, `guard_name`, `created_at`, `updated_at`) VALUES ('78', 'restore_any_notice', 'web', '2025-11-22 21:39:04', '2025-11-22 21:39:04');
INSERT INTO `permissions` (`id`, `name`, `guard_name`, `created_at`, `updated_at`) VALUES ('79', 'replicate_notice', 'web', '2025-11-22 21:39:04', '2025-11-22 21:39:04');
INSERT INTO `permissions` (`id`, `name`, `guard_name`, `created_at`, `updated_at`) VALUES ('80', 'reorder_notice', 'web', '2025-11-22 21:39:04', '2025-11-22 21:39:04');
INSERT INTO `permissions` (`id`, `name`, `guard_name`, `created_at`, `updated_at`) VALUES ('81', 'delete_notice', 'web', '2025-11-22 21:39:04', '2025-11-22 21:39:04');
INSERT INTO `permissions` (`id`, `name`, `guard_name`, `created_at`, `updated_at`) VALUES ('82', 'delete_any_notice', 'web', '2025-11-22 21:39:04', '2025-11-22 21:39:04');
INSERT INTO `permissions` (`id`, `name`, `guard_name`, `created_at`, `updated_at`) VALUES ('83', 'force_delete_notice', 'web', '2025-11-22 21:39:04', '2025-11-22 21:39:04');
INSERT INTO `permissions` (`id`, `name`, `guard_name`, `created_at`, `updated_at`) VALUES ('84', 'force_delete_any_notice', 'web', '2025-11-22 21:39:04', '2025-11-22 21:39:04');
INSERT INTO `permissions` (`id`, `name`, `guard_name`, `created_at`, `updated_at`) VALUES ('85', 'view_page', 'web', '2025-11-22 21:39:04', '2025-11-22 21:39:04');
INSERT INTO `permissions` (`id`, `name`, `guard_name`, `created_at`, `updated_at`) VALUES ('86', 'view_any_page', 'web', '2025-11-22 21:39:04', '2025-11-22 21:39:04');
INSERT INTO `permissions` (`id`, `name`, `guard_name`, `created_at`, `updated_at`) VALUES ('87', 'create_page', 'web', '2025-11-22 21:39:04', '2025-11-22 21:39:04');
INSERT INTO `permissions` (`id`, `name`, `guard_name`, `created_at`, `updated_at`) VALUES ('88', 'update_page', 'web', '2025-11-22 21:39:04', '2025-11-22 21:39:04');
INSERT INTO `permissions` (`id`, `name`, `guard_name`, `created_at`, `updated_at`) VALUES ('89', 'restore_page', 'web', '2025-11-22 21:39:04', '2025-11-22 21:39:04');
INSERT INTO `permissions` (`id`, `name`, `guard_name`, `created_at`, `updated_at`) VALUES ('90', 'restore_any_page', 'web', '2025-11-22 21:39:04', '2025-11-22 21:39:04');
INSERT INTO `permissions` (`id`, `name`, `guard_name`, `created_at`, `updated_at`) VALUES ('91', 'replicate_page', 'web', '2025-11-22 21:39:04', '2025-11-22 21:39:04');
INSERT INTO `permissions` (`id`, `name`, `guard_name`, `created_at`, `updated_at`) VALUES ('92', 'reorder_page', 'web', '2025-11-22 21:39:04', '2025-11-22 21:39:04');
INSERT INTO `permissions` (`id`, `name`, `guard_name`, `created_at`, `updated_at`) VALUES ('93', 'delete_page', 'web', '2025-11-22 21:39:04', '2025-11-22 21:39:04');
INSERT INTO `permissions` (`id`, `name`, `guard_name`, `created_at`, `updated_at`) VALUES ('94', 'delete_any_page', 'web', '2025-11-22 21:39:04', '2025-11-22 21:39:04');
INSERT INTO `permissions` (`id`, `name`, `guard_name`, `created_at`, `updated_at`) VALUES ('95', 'force_delete_page', 'web', '2025-11-22 21:39:04', '2025-11-22 21:39:04');
INSERT INTO `permissions` (`id`, `name`, `guard_name`, `created_at`, `updated_at`) VALUES ('96', 'force_delete_any_page', 'web', '2025-11-22 21:39:04', '2025-11-22 21:39:04');
INSERT INTO `permissions` (`id`, `name`, `guard_name`, `created_at`, `updated_at`) VALUES ('97', 'view_sidebar::widget', 'web', '2025-11-22 21:39:04', '2025-11-22 21:39:04');
INSERT INTO `permissions` (`id`, `name`, `guard_name`, `created_at`, `updated_at`) VALUES ('98', 'view_any_sidebar::widget', 'web', '2025-11-22 21:39:04', '2025-11-22 21:39:04');
INSERT INTO `permissions` (`id`, `name`, `guard_name`, `created_at`, `updated_at`) VALUES ('99', 'create_sidebar::widget', 'web', '2025-11-22 21:39:04', '2025-11-22 21:39:04');
INSERT INTO `permissions` (`id`, `name`, `guard_name`, `created_at`, `updated_at`) VALUES ('100', 'update_sidebar::widget', 'web', '2025-11-22 21:39:04', '2025-11-22 21:39:04');
INSERT INTO `permissions` (`id`, `name`, `guard_name`, `created_at`, `updated_at`) VALUES ('101', 'restore_sidebar::widget', 'web', '2025-11-22 21:39:04', '2025-11-22 21:39:04');
INSERT INTO `permissions` (`id`, `name`, `guard_name`, `created_at`, `updated_at`) VALUES ('102', 'restore_any_sidebar::widget', 'web', '2025-11-22 21:39:04', '2025-11-22 21:39:04');
INSERT INTO `permissions` (`id`, `name`, `guard_name`, `created_at`, `updated_at`) VALUES ('103', 'replicate_sidebar::widget', 'web', '2025-11-22 21:39:04', '2025-11-22 21:39:04');
INSERT INTO `permissions` (`id`, `name`, `guard_name`, `created_at`, `updated_at`) VALUES ('104', 'reorder_sidebar::widget', 'web', '2025-11-22 21:39:04', '2025-11-22 21:39:04');
INSERT INTO `permissions` (`id`, `name`, `guard_name`, `created_at`, `updated_at`) VALUES ('105', 'delete_sidebar::widget', 'web', '2025-11-22 21:39:04', '2025-11-22 21:39:04');
INSERT INTO `permissions` (`id`, `name`, `guard_name`, `created_at`, `updated_at`) VALUES ('106', 'delete_any_sidebar::widget', 'web', '2025-11-22 21:39:04', '2025-11-22 21:39:04');
INSERT INTO `permissions` (`id`, `name`, `guard_name`, `created_at`, `updated_at`) VALUES ('107', 'force_delete_sidebar::widget', 'web', '2025-11-22 21:39:04', '2025-11-22 21:39:04');
INSERT INTO `permissions` (`id`, `name`, `guard_name`, `created_at`, `updated_at`) VALUES ('108', 'force_delete_any_sidebar::widget', 'web', '2025-11-22 21:39:04', '2025-11-22 21:39:04');
INSERT INTO `permissions` (`id`, `name`, `guard_name`, `created_at`, `updated_at`) VALUES ('109', 'view_slider', 'web', '2025-11-22 21:39:04', '2025-11-22 21:39:04');
INSERT INTO `permissions` (`id`, `name`, `guard_name`, `created_at`, `updated_at`) VALUES ('110', 'view_any_slider', 'web', '2025-11-22 21:39:04', '2025-11-22 21:39:04');
INSERT INTO `permissions` (`id`, `name`, `guard_name`, `created_at`, `updated_at`) VALUES ('111', 'create_slider', 'web', '2025-11-22 21:39:04', '2025-11-22 21:39:04');
INSERT INTO `permissions` (`id`, `name`, `guard_name`, `created_at`, `updated_at`) VALUES ('112', 'update_slider', 'web', '2025-11-22 21:39:04', '2025-11-22 21:39:04');
INSERT INTO `permissions` (`id`, `name`, `guard_name`, `created_at`, `updated_at`) VALUES ('113', 'restore_slider', 'web', '2025-11-22 21:39:04', '2025-11-22 21:39:04');
INSERT INTO `permissions` (`id`, `name`, `guard_name`, `created_at`, `updated_at`) VALUES ('114', 'restore_any_slider', 'web', '2025-11-22 21:39:04', '2025-11-22 21:39:04');
INSERT INTO `permissions` (`id`, `name`, `guard_name`, `created_at`, `updated_at`) VALUES ('115', 'replicate_slider', 'web', '2025-11-22 21:39:04', '2025-11-22 21:39:04');
INSERT INTO `permissions` (`id`, `name`, `guard_name`, `created_at`, `updated_at`) VALUES ('116', 'reorder_slider', 'web', '2025-11-22 21:39:04', '2025-11-22 21:39:04');
INSERT INTO `permissions` (`id`, `name`, `guard_name`, `created_at`, `updated_at`) VALUES ('117', 'delete_slider', 'web', '2025-11-22 21:39:04', '2025-11-22 21:39:04');
INSERT INTO `permissions` (`id`, `name`, `guard_name`, `created_at`, `updated_at`) VALUES ('118', 'delete_any_slider', 'web', '2025-11-22 21:39:04', '2025-11-22 21:39:04');
INSERT INTO `permissions` (`id`, `name`, `guard_name`, `created_at`, `updated_at`) VALUES ('119', 'force_delete_slider', 'web', '2025-11-22 21:39:04', '2025-11-22 21:39:04');
INSERT INTO `permissions` (`id`, `name`, `guard_name`, `created_at`, `updated_at`) VALUES ('120', 'force_delete_any_slider', 'web', '2025-11-22 21:39:04', '2025-11-22 21:39:04');
INSERT INTO `permissions` (`id`, `name`, `guard_name`, `created_at`, `updated_at`) VALUES ('121', 'view_user', 'web', '2025-11-22 21:39:04', '2025-11-22 21:39:04');
INSERT INTO `permissions` (`id`, `name`, `guard_name`, `created_at`, `updated_at`) VALUES ('122', 'view_any_user', 'web', '2025-11-22 21:39:04', '2025-11-22 21:39:04');
INSERT INTO `permissions` (`id`, `name`, `guard_name`, `created_at`, `updated_at`) VALUES ('123', 'create_user', 'web', '2025-11-22 21:39:04', '2025-11-22 21:39:04');
INSERT INTO `permissions` (`id`, `name`, `guard_name`, `created_at`, `updated_at`) VALUES ('124', 'update_user', 'web', '2025-11-22 21:39:04', '2025-11-22 21:39:04');
INSERT INTO `permissions` (`id`, `name`, `guard_name`, `created_at`, `updated_at`) VALUES ('125', 'restore_user', 'web', '2025-11-22 21:39:04', '2025-11-22 21:39:04');
INSERT INTO `permissions` (`id`, `name`, `guard_name`, `created_at`, `updated_at`) VALUES ('126', 'restore_any_user', 'web', '2025-11-22 21:39:04', '2025-11-22 21:39:04');
INSERT INTO `permissions` (`id`, `name`, `guard_name`, `created_at`, `updated_at`) VALUES ('127', 'replicate_user', 'web', '2025-11-22 21:39:04', '2025-11-22 21:39:04');
INSERT INTO `permissions` (`id`, `name`, `guard_name`, `created_at`, `updated_at`) VALUES ('128', 'reorder_user', 'web', '2025-11-22 21:39:04', '2025-11-22 21:39:04');
INSERT INTO `permissions` (`id`, `name`, `guard_name`, `created_at`, `updated_at`) VALUES ('129', 'delete_user', 'web', '2025-11-22 21:39:04', '2025-11-22 21:39:04');
INSERT INTO `permissions` (`id`, `name`, `guard_name`, `created_at`, `updated_at`) VALUES ('130', 'delete_any_user', 'web', '2025-11-22 21:39:04', '2025-11-22 21:39:04');
INSERT INTO `permissions` (`id`, `name`, `guard_name`, `created_at`, `updated_at`) VALUES ('131', 'force_delete_user', 'web', '2025-11-22 21:39:04', '2025-11-22 21:39:04');
INSERT INTO `permissions` (`id`, `name`, `guard_name`, `created_at`, `updated_at`) VALUES ('132', 'force_delete_any_user', 'web', '2025-11-22 21:39:04', '2025-11-22 21:39:04');
INSERT INTO `permissions` (`id`, `name`, `guard_name`, `created_at`, `updated_at`) VALUES ('133', 'view_welcome::section', 'web', '2025-11-22 21:39:04', '2025-11-22 21:39:04');
INSERT INTO `permissions` (`id`, `name`, `guard_name`, `created_at`, `updated_at`) VALUES ('134', 'view_any_welcome::section', 'web', '2025-11-22 21:39:04', '2025-11-22 21:39:04');
INSERT INTO `permissions` (`id`, `name`, `guard_name`, `created_at`, `updated_at`) VALUES ('135', 'create_welcome::section', 'web', '2025-11-22 21:39:04', '2025-11-22 21:39:04');
INSERT INTO `permissions` (`id`, `name`, `guard_name`, `created_at`, `updated_at`) VALUES ('136', 'update_welcome::section', 'web', '2025-11-22 21:39:04', '2025-11-22 21:39:04');
INSERT INTO `permissions` (`id`, `name`, `guard_name`, `created_at`, `updated_at`) VALUES ('137', 'restore_welcome::section', 'web', '2025-11-22 21:39:04', '2025-11-22 21:39:04');
INSERT INTO `permissions` (`id`, `name`, `guard_name`, `created_at`, `updated_at`) VALUES ('138', 'restore_any_welcome::section', 'web', '2025-11-22 21:39:04', '2025-11-22 21:39:04');
INSERT INTO `permissions` (`id`, `name`, `guard_name`, `created_at`, `updated_at`) VALUES ('139', 'replicate_welcome::section', 'web', '2025-11-22 21:39:04', '2025-11-22 21:39:04');
INSERT INTO `permissions` (`id`, `name`, `guard_name`, `created_at`, `updated_at`) VALUES ('140', 'reorder_welcome::section', 'web', '2025-11-22 21:39:04', '2025-11-22 21:39:04');
INSERT INTO `permissions` (`id`, `name`, `guard_name`, `created_at`, `updated_at`) VALUES ('141', 'delete_welcome::section', 'web', '2025-11-22 21:39:04', '2025-11-22 21:39:04');
INSERT INTO `permissions` (`id`, `name`, `guard_name`, `created_at`, `updated_at`) VALUES ('142', 'delete_any_welcome::section', 'web', '2025-11-22 21:39:04', '2025-11-22 21:39:04');
INSERT INTO `permissions` (`id`, `name`, `guard_name`, `created_at`, `updated_at`) VALUES ('143', 'force_delete_welcome::section', 'web', '2025-11-22 21:39:04', '2025-11-22 21:39:04');
INSERT INTO `permissions` (`id`, `name`, `guard_name`, `created_at`, `updated_at`) VALUES ('144', 'force_delete_any_welcome::section', 'web', '2025-11-22 21:39:04', '2025-11-22 21:39:04');
INSERT INTO `permissions` (`id`, `name`, `guard_name`, `created_at`, `updated_at`) VALUES ('145', 'page_ManageFooter', 'web', '2025-11-22 21:39:04', '2025-11-22 21:39:04');
INSERT INTO `permissions` (`id`, `name`, `guard_name`, `created_at`, `updated_at`) VALUES ('146', 'page_ManageHeader', 'web', '2025-11-22 21:39:04', '2025-11-22 21:39:04');
INSERT INTO `permissions` (`id`, `name`, `guard_name`, `created_at`, `updated_at`) VALUES ('147', 'page_ManageSidebarDesign', 'web', '2025-11-22 21:39:04', '2025-11-22 21:39:04');
INSERT INTO `permissions` (`id`, `name`, `guard_name`, `created_at`, `updated_at`) VALUES ('148', 'view_role', 'web', '2025-11-22 21:41:42', '2025-11-22 21:41:42');
INSERT INTO `permissions` (`id`, `name`, `guard_name`, `created_at`, `updated_at`) VALUES ('149', 'view_any_role', 'web', '2025-11-22 21:41:42', '2025-11-22 21:41:42');
INSERT INTO `permissions` (`id`, `name`, `guard_name`, `created_at`, `updated_at`) VALUES ('150', 'create_role', 'web', '2025-11-22 21:41:42', '2025-11-22 21:41:42');
INSERT INTO `permissions` (`id`, `name`, `guard_name`, `created_at`, `updated_at`) VALUES ('151', 'update_role', 'web', '2025-11-22 21:41:42', '2025-11-22 21:41:42');
INSERT INTO `permissions` (`id`, `name`, `guard_name`, `created_at`, `updated_at`) VALUES ('152', 'delete_role', 'web', '2025-11-22 21:41:42', '2025-11-22 21:41:42');
INSERT INTO `permissions` (`id`, `name`, `guard_name`, `created_at`, `updated_at`) VALUES ('153', 'delete_any_role', 'web', '2025-11-22 21:41:42', '2025-11-22 21:41:42');
INSERT INTO `permissions` (`id`, `name`, `guard_name`, `created_at`, `updated_at`) VALUES ('154', 'view_setting', 'web', '2025-11-22 21:41:42', '2025-11-22 21:41:42');
INSERT INTO `permissions` (`id`, `name`, `guard_name`, `created_at`, `updated_at`) VALUES ('155', 'view_any_setting', 'web', '2025-11-22 21:41:42', '2025-11-22 21:41:42');
INSERT INTO `permissions` (`id`, `name`, `guard_name`, `created_at`, `updated_at`) VALUES ('156', 'create_setting', 'web', '2025-11-22 21:41:42', '2025-11-22 21:41:42');
INSERT INTO `permissions` (`id`, `name`, `guard_name`, `created_at`, `updated_at`) VALUES ('157', 'update_setting', 'web', '2025-11-22 21:41:42', '2025-11-22 21:41:42');
INSERT INTO `permissions` (`id`, `name`, `guard_name`, `created_at`, `updated_at`) VALUES ('158', 'restore_setting', 'web', '2025-11-22 21:41:42', '2025-11-22 21:41:42');
INSERT INTO `permissions` (`id`, `name`, `guard_name`, `created_at`, `updated_at`) VALUES ('159', 'restore_any_setting', 'web', '2025-11-22 21:41:42', '2025-11-22 21:41:42');
INSERT INTO `permissions` (`id`, `name`, `guard_name`, `created_at`, `updated_at`) VALUES ('160', 'replicate_setting', 'web', '2025-11-22 21:41:42', '2025-11-22 21:41:42');
INSERT INTO `permissions` (`id`, `name`, `guard_name`, `created_at`, `updated_at`) VALUES ('161', 'reorder_setting', 'web', '2025-11-22 21:41:42', '2025-11-22 21:41:42');
INSERT INTO `permissions` (`id`, `name`, `guard_name`, `created_at`, `updated_at`) VALUES ('162', 'delete_setting', 'web', '2025-11-22 21:41:42', '2025-11-22 21:41:42');
INSERT INTO `permissions` (`id`, `name`, `guard_name`, `created_at`, `updated_at`) VALUES ('163', 'delete_any_setting', 'web', '2025-11-22 21:41:42', '2025-11-22 21:41:42');
INSERT INTO `permissions` (`id`, `name`, `guard_name`, `created_at`, `updated_at`) VALUES ('164', 'force_delete_setting', 'web', '2025-11-22 21:41:42', '2025-11-22 21:41:42');
INSERT INTO `permissions` (`id`, `name`, `guard_name`, `created_at`, `updated_at`) VALUES ('165', 'force_delete_any_setting', 'web', '2025-11-22 21:41:42', '2025-11-22 21:41:42');


CREATE TABLE `photo_galleries` (
  `id` bigint unsigned NOT NULL AUTO_INCREMENT,
  `title` varchar(255) COLLATE utf8mb4_unicode_ci NOT NULL,
  `slug` varchar(255) COLLATE utf8mb4_unicode_ci NOT NULL,
  `google_drive_folder_link` varchar(255) COLLATE utf8mb4_unicode_ci DEFAULT NULL,
  `thumbnail_image_id` varchar(255) COLLATE utf8mb4_unicode_ci DEFAULT NULL,
  `manual_thumbnail` varchar(255) COLLATE utf8mb4_unicode_ci DEFAULT NULL,
  `cover_image` varchar(255) COLLATE utf8mb4_unicode_ci DEFAULT NULL,
  `images` longtext CHARACTER SET utf8mb4 COLLATE utf8mb4_bin,
  `is_active` tinyint(1) NOT NULL DEFAULT '1',
  `published_at` date DEFAULT NULL,
  `created_at` timestamp NULL DEFAULT NULL,
  `updated_at` timestamp NULL DEFAULT NULL,
  PRIMARY KEY (`id`),
  UNIQUE KEY `photo_galleries_slug_unique` (`slug`),
  CONSTRAINT `photo_galleries_chk_1` CHECK (json_valid(`images`))
) ENGINE=InnoDB AUTO_INCREMENT=5 DEFAULT CHARSET=utf8mb4 COLLATE=utf8mb4_unicode_ci;

INSERT INTO `photo_galleries` (`id`, `title`, `slug`, `google_drive_folder_link`, `thumbnail_image_id`, `manual_thumbnail`, `cover_image`, `images`, `is_active`, `published_at`, `created_at`, `updated_at`) VALUES ('4', 'Fresher\'s Reception (HSC)-2025', 'freshers-reception-hsc-2025', 'https://drive.google.com/drive/folders/1rB8SRPTpy54fh8joB2WfPCzpwG7mCdmk?usp=sharing', '1R7yT6qASb2S1t2xapnI0KXp307U35rXf', 'galleries/thumbnails/01KDMWA1MNFFTKCR3D3EZK283X.jpg', NULL, NULL, '1', '2025-12-29', '2025-12-29 23:01:18', '2025-12-31 00:24:27');


CREATE TABLE `popups` (
  `id` bigint unsigned NOT NULL AUTO_INCREMENT,
  `title` varchar(255) COLLATE utf8mb4_unicode_ci NOT NULL,
  `content` text COLLATE utf8mb4_unicode_ci,
  `image_url` text COLLATE utf8mb4_unicode_ci,
  `button_text` varchar(255) COLLATE utf8mb4_unicode_ci DEFAULT NULL,
  `button_link` varchar(255) COLLATE utf8mb4_unicode_ci DEFAULT NULL,
  `button_bg_color` varchar(255) COLLATE utf8mb4_unicode_ci NOT NULL DEFAULT '#006a4e',
  `button_text_color` varchar(255) COLLATE utf8mb4_unicode_ci NOT NULL DEFAULT '#ffffff',
  `is_active` tinyint(1) NOT NULL DEFAULT '0',
  `display_on` varchar(255) COLLATE utf8mb4_unicode_ci NOT NULL DEFAULT 'homepage',
  `show_once_per_session` tinyint(1) NOT NULL DEFAULT '1',
  `auto_close_seconds` int DEFAULT NULL,
  `priority` int NOT NULL DEFAULT '0',
  `created_at` timestamp NULL DEFAULT NULL,
  `updated_at` timestamp NULL DEFAULT NULL,
  PRIMARY KEY (`id`)
) ENGINE=InnoDB AUTO_INCREMENT=2 DEFAULT CHARSET=utf8mb4 COLLATE=utf8mb4_unicode_ci;

INSERT INTO `popups` (`id`, `title`, `content`, `image_url`, `button_text`, `button_link`, `button_bg_color`, `button_text_color`, `is_active`, `display_on`, `show_once_per_session`, `auto_close_seconds`, `priority`, `created_at`, `updated_at`) VALUES ('1', '১৬ ডিসেম্বর মহান বিজয় দিবস', NULL, 'https://drive.google.com/file/d/1a2gNWIuk9lZYv1dMwF6aS8lseiFkIl-V/view?usp=sharing', 'Apply Now', 'https://amarschool.co', '#006a4e', '#ffffff', '0', 'homepage', '1', NULL, '1', '2025-12-28 11:37:14', '2025-12-29 17:15:35');


CREATE TABLE `products` (
  `id` bigint unsigned NOT NULL AUTO_INCREMENT,
  `type` varchar(255) COLLATE utf8mb4_unicode_ci NOT NULL,
  `title` varchar(255) COLLATE utf8mb4_unicode_ci NOT NULL,
  `description` text COLLATE utf8mb4_unicode_ci,
  `price` decimal(10,2) NOT NULL,
  `discount_price` decimal(10,2) DEFAULT NULL,
  `image_url` varchar(255) COLLATE utf8mb4_unicode_ci DEFAULT NULL,
  `is_active` tinyint(1) NOT NULL DEFAULT '1',
  `order` int NOT NULL DEFAULT '0',
  `created_at` timestamp NULL DEFAULT NULL,
  `updated_at` timestamp NULL DEFAULT NULL,
  PRIMARY KEY (`id`)
) ENGINE=InnoDB AUTO_INCREMENT=5 DEFAULT CHARSET=utf8mb4 COLLATE=utf8mb4_unicode_ci;

INSERT INTO `products` (`id`, `type`, `title`, `description`, `price`, `discount_price`, `image_url`, `is_active`, `order`, `created_at`, `updated_at`) VALUES ('1', 'course', 'Advanced Mathematics for HSC', '<p>Master the complexities of Advanced Mathematics with our comprehensive HSC course. Including video lectures, PDFs, and practice sets.</p>', '2500.00', '1999.00', 'https://images.unsplash.com/photo-1509228468518-180dd48219d1?ixlib=rb-1.2.1&auto=format&fit=crop&w=400&q=80', '1', '1', '2026-03-11 03:35:28', '2026-03-11 03:35:28');
INSERT INTO `products` (`id`, `type`, `title`, `description`, `price`, `discount_price`, `image_url`, `is_active`, `order`, `created_at`, `updated_at`) VALUES ('2', 'book', 'English Grammar Masterclass', '<p>A complete guide to English grammar for all levels. Perfectly designed for competitive exams.</p>', '450.00', '380.00', 'https://images.unsplash.com/photo-1544947950-fa07a98d237f?ixlib=rb-1.2.1&auto=format&fit=crop&w=400&q=80', '1', '2', '2026-03-11 03:35:28', '2026-03-11 03:35:28');
INSERT INTO `products` (`id`, `type`, `title`, `description`, `price`, `discount_price`, `image_url`, `is_active`, `order`, `created_at`, `updated_at`) VALUES ('3', 'course', 'Physics: Mechanics Deep Dive', '<p>Understanding the fundamental laws of motion and mechanics. 20+ hours of content.</p>', '1500.00', NULL, NULL, '1', '3', '2026-03-11 03:35:28', '2026-03-11 03:35:28');
INSERT INTO `products` (`id`, `type`, `title`, `description`, `price`, `discount_price`, `image_url`, `is_active`, `order`, `created_at`, `updated_at`) VALUES ('4', 'course', 'English Grammer', NULL, '450.00', '400.00', NULL, '1', '0', '2026-03-12 14:57:58', '2026-03-12 14:57:58');


CREATE TABLE `role_has_permissions` (
  `permission_id` bigint unsigned NOT NULL,
  `role_id` bigint unsigned NOT NULL,
  PRIMARY KEY (`permission_id`,`role_id`),
  KEY `role_has_permissions_role_id_foreign` (`role_id`),
  CONSTRAINT `role_has_permissions_permission_id_foreign` FOREIGN KEY (`permission_id`) REFERENCES `permissions` (`id`) ON DELETE CASCADE,
  CONSTRAINT `role_has_permissions_role_id_foreign` FOREIGN KEY (`role_id`) REFERENCES `roles` (`id`) ON DELETE CASCADE
) ENGINE=InnoDB DEFAULT CHARSET=utf8mb4 COLLATE=utf8mb4_unicode_ci;

INSERT INTO `role_has_permissions` (`permission_id`, `role_id`) VALUES ('1', '1');
INSERT INTO `role_has_permissions` (`permission_id`, `role_id`) VALUES ('2', '1');
INSERT INTO `role_has_permissions` (`permission_id`, `role_id`) VALUES ('3', '1');
INSERT INTO `role_has_permissions` (`permission_id`, `role_id`) VALUES ('4', '1');
INSERT INTO `role_has_permissions` (`permission_id`, `role_id`) VALUES ('5', '1');
INSERT INTO `role_has_permissions` (`permission_id`, `role_id`) VALUES ('6', '1');
INSERT INTO `role_has_permissions` (`permission_id`, `role_id`) VALUES ('7', '1');
INSERT INTO `role_has_permissions` (`permission_id`, `role_id`) VALUES ('8', '1');
INSERT INTO `role_has_permissions` (`permission_id`, `role_id`) VALUES ('9', '1');
INSERT INTO `role_has_permissions` (`permission_id`, `role_id`) VALUES ('10', '1');
INSERT INTO `role_has_permissions` (`permission_id`, `role_id`) VALUES ('11', '1');
INSERT INTO `role_has_permissions` (`permission_id`, `role_id`) VALUES ('12', '1');
INSERT INTO `role_has_permissions` (`permission_id`, `role_id`) VALUES ('13', '1');
INSERT INTO `role_has_permissions` (`permission_id`, `role_id`) VALUES ('14', '1');
INSERT INTO `role_has_permissions` (`permission_id`, `role_id`) VALUES ('15', '1');
INSERT INTO `role_has_permissions` (`permission_id`, `role_id`) VALUES ('16', '1');
INSERT INTO `role_has_permissions` (`permission_id`, `role_id`) VALUES ('17', '1');
INSERT INTO `role_has_permissions` (`permission_id`, `role_id`) VALUES ('18', '1');
INSERT INTO `role_has_permissions` (`permission_id`, `role_id`) VALUES ('19', '1');
INSERT INTO `role_has_permissions` (`permission_id`, `role_id`) VALUES ('20', '1');
INSERT INTO `role_has_permissions` (`permission_id`, `role_id`) VALUES ('21', '1');
INSERT INTO `role_has_permissions` (`permission_id`, `role_id`) VALUES ('22', '1');
INSERT INTO `role_has_permissions` (`permission_id`, `role_id`) VALUES ('23', '1');
INSERT INTO `role_has_permissions` (`permission_id`, `role_id`) VALUES ('24', '1');
INSERT INTO `role_has_permissions` (`permission_id`, `role_id`) VALUES ('25', '1');
INSERT INTO `role_has_permissions` (`permission_id`, `role_id`) VALUES ('26', '1');
INSERT INTO `role_has_permissions` (`permission_id`, `role_id`) VALUES ('27', '1');
INSERT INTO `role_has_permissions` (`permission_id`, `role_id`) VALUES ('28', '1');
INSERT INTO `role_has_permissions` (`permission_id`, `role_id`) VALUES ('29', '1');
INSERT INTO `role_has_permissions` (`permission_id`, `role_id`) VALUES ('30', '1');
INSERT INTO `role_has_permissions` (`permission_id`, `role_id`) VALUES ('31', '1');
INSERT INTO `role_has_permissions` (`permission_id`, `role_id`) VALUES ('32', '1');
INSERT INTO `role_has_permissions` (`permission_id`, `role_id`) VALUES ('33', '1');
INSERT INTO `role_has_permissions` (`permission_id`, `role_id`) VALUES ('34', '1');
INSERT INTO `role_has_permissions` (`permission_id`, `role_id`) VALUES ('35', '1');
INSERT INTO `role_has_permissions` (`permission_id`, `role_id`) VALUES ('36', '1');
INSERT INTO `role_has_permissions` (`permission_id`, `role_id`) VALUES ('37', '1');
INSERT INTO `role_has_permissions` (`permission_id`, `role_id`) VALUES ('38', '1');
INSERT INTO `role_has_permissions` (`permission_id`, `role_id`) VALUES ('39', '1');
INSERT INTO `role_has_permissions` (`permission_id`, `role_id`) VALUES ('40', '1');
INSERT INTO `role_has_permissions` (`permission_id`, `role_id`) VALUES ('41', '1');
INSERT INTO `role_has_permissions` (`permission_id`, `role_id`) VALUES ('42', '1');
INSERT INTO `role_has_permissions` (`permission_id`, `role_id`) VALUES ('43', '1');
INSERT INTO `role_has_permissions` (`permission_id`, `role_id`) VALUES ('44', '1');
INSERT INTO `role_has_permissions` (`permission_id`, `role_id`) VALUES ('45', '1');
INSERT INTO `role_has_permissions` (`permission_id`, `role_id`) VALUES ('46', '1');
INSERT INTO `role_has_permissions` (`permission_id`, `role_id`) VALUES ('47', '1');
INSERT INTO `role_has_permissions` (`permission_id`, `role_id`) VALUES ('48', '1');
INSERT INTO `role_has_permissions` (`permission_id`, `role_id`) VALUES ('49', '1');
INSERT INTO `role_has_permissions` (`permission_id`, `role_id`) VALUES ('50', '1');
INSERT INTO `role_has_permissions` (`permission_id`, `role_id`) VALUES ('51', '1');
INSERT INTO `role_has_permissions` (`permission_id`, `role_id`) VALUES ('52', '1');
INSERT INTO `role_has_permissions` (`permission_id`, `role_id`) VALUES ('53', '1');
INSERT INTO `role_has_permissions` (`permission_id`, `role_id`) VALUES ('54', '1');
INSERT INTO `role_has_permissions` (`permission_id`, `role_id`) VALUES ('55', '1');
INSERT INTO `role_has_permissions` (`permission_id`, `role_id`) VALUES ('56', '1');
INSERT INTO `role_has_permissions` (`permission_id`, `role_id`) VALUES ('57', '1');
INSERT INTO `role_has_permissions` (`permission_id`, `role_id`) VALUES ('58', '1');
INSERT INTO `role_has_permissions` (`permission_id`, `role_id`) VALUES ('59', '1');
INSERT INTO `role_has_permissions` (`permission_id`, `role_id`) VALUES ('60', '1');
INSERT INTO `role_has_permissions` (`permission_id`, `role_id`) VALUES ('61', '1');
INSERT INTO `role_has_permissions` (`permission_id`, `role_id`) VALUES ('62', '1');
INSERT INTO `role_has_permissions` (`permission_id`, `role_id`) VALUES ('63', '1');
INSERT INTO `role_has_permissions` (`permission_id`, `role_id`) VALUES ('64', '1');
INSERT INTO `role_has_permissions` (`permission_id`, `role_id`) VALUES ('65', '1');
INSERT INTO `role_has_permissions` (`permission_id`, `role_id`) VALUES ('66', '1');
INSERT INTO `role_has_permissions` (`permission_id`, `role_id`) VALUES ('67', '1');
INSERT INTO `role_has_permissions` (`permission_id`, `role_id`) VALUES ('68', '1');
INSERT INTO `role_has_permissions` (`permission_id`, `role_id`) VALUES ('69', '1');
INSERT INTO `role_has_permissions` (`permission_id`, `role_id`) VALUES ('70', '1');
INSERT INTO `role_has_permissions` (`permission_id`, `role_id`) VALUES ('71', '1');
INSERT INTO `role_has_permissions` (`permission_id`, `role_id`) VALUES ('72', '1');
INSERT INTO `role_has_permissions` (`permission_id`, `role_id`) VALUES ('73', '1');
INSERT INTO `role_has_permissions` (`permission_id`, `role_id`) VALUES ('74', '1');
INSERT INTO `role_has_permissions` (`permission_id`, `role_id`) VALUES ('75', '1');
INSERT INTO `role_has_permissions` (`permission_id`, `role_id`) VALUES ('76', '1');
INSERT INTO `role_has_permissions` (`permission_id`, `role_id`) VALUES ('77', '1');
INSERT INTO `role_has_permissions` (`permission_id`, `role_id`) VALUES ('78', '1');
INSERT INTO `role_has_permissions` (`permission_id`, `role_id`) VALUES ('79', '1');
INSERT INTO `role_has_permissions` (`permission_id`, `role_id`) VALUES ('80', '1');
INSERT INTO `role_has_permissions` (`permission_id`, `role_id`) VALUES ('81', '1');
INSERT INTO `role_has_permissions` (`permission_id`, `role_id`) VALUES ('82', '1');
INSERT INTO `role_has_permissions` (`permission_id`, `role_id`) VALUES ('83', '1');
INSERT INTO `role_has_permissions` (`permission_id`, `role_id`) VALUES ('84', '1');
INSERT INTO `role_has_permissions` (`permission_id`, `role_id`) VALUES ('85', '1');
INSERT INTO `role_has_permissions` (`permission_id`, `role_id`) VALUES ('86', '1');
INSERT INTO `role_has_permissions` (`permission_id`, `role_id`) VALUES ('87', '1');
INSERT INTO `role_has_permissions` (`permission_id`, `role_id`) VALUES ('88', '1');
INSERT INTO `role_has_permissions` (`permission_id`, `role_id`) VALUES ('89', '1');
INSERT INTO `role_has_permissions` (`permission_id`, `role_id`) VALUES ('90', '1');
INSERT INTO `role_has_permissions` (`permission_id`, `role_id`) VALUES ('91', '1');
INSERT INTO `role_has_permissions` (`permission_id`, `role_id`) VALUES ('92', '1');
INSERT INTO `role_has_permissions` (`permission_id`, `role_id`) VALUES ('93', '1');
INSERT INTO `role_has_permissions` (`permission_id`, `role_id`) VALUES ('94', '1');
INSERT INTO `role_has_permissions` (`permission_id`, `role_id`) VALUES ('95', '1');
INSERT INTO `role_has_permissions` (`permission_id`, `role_id`) VALUES ('96', '1');
INSERT INTO `role_has_permissions` (`permission_id`, `role_id`) VALUES ('97', '1');
INSERT INTO `role_has_permissions` (`permission_id`, `role_id`) VALUES ('98', '1');
INSERT INTO `role_has_permissions` (`permission_id`, `role_id`) VALUES ('99', '1');
INSERT INTO `role_has_permissions` (`permission_id`, `role_id`) VALUES ('100', '1');
INSERT INTO `role_has_permissions` (`permission_id`, `role_id`) VALUES ('101', '1');
INSERT INTO `role_has_permissions` (`permission_id`, `role_id`) VALUES ('102', '1');
INSERT INTO `role_has_permissions` (`permission_id`, `role_id`) VALUES ('103', '1');
INSERT INTO `role_has_permissions` (`permission_id`, `role_id`) VALUES ('104', '1');
INSERT INTO `role_has_permissions` (`permission_id`, `role_id`) VALUES ('105', '1');
INSERT INTO `role_has_permissions` (`permission_id`, `role_id`) VALUES ('106', '1');
INSERT INTO `role_has_permissions` (`permission_id`, `role_id`) VALUES ('107', '1');
INSERT INTO `role_has_permissions` (`permission_id`, `role_id`) VALUES ('108', '1');
INSERT INTO `role_has_permissions` (`permission_id`, `role_id`) VALUES ('109', '1');
INSERT INTO `role_has_permissions` (`permission_id`, `role_id`) VALUES ('110', '1');
INSERT INTO `role_has_permissions` (`permission_id`, `role_id`) VALUES ('111', '1');
INSERT INTO `role_has_permissions` (`permission_id`, `role_id`) VALUES ('112', '1');
INSERT INTO `role_has_permissions` (`permission_id`, `role_id`) VALUES ('113', '1');
INSERT INTO `role_has_permissions` (`permission_id`, `role_id`) VALUES ('114', '1');
INSERT INTO `role_has_permissions` (`permission_id`, `role_id`) VALUES ('115', '1');
INSERT INTO `role_has_permissions` (`permission_id`, `role_id`) VALUES ('116', '1');
INSERT INTO `role_has_permissions` (`permission_id`, `role_id`) VALUES ('117', '1');
INSERT INTO `role_has_permissions` (`permission_id`, `role_id`) VALUES ('118', '1');
INSERT INTO `role_has_permissions` (`permission_id`, `role_id`) VALUES ('119', '1');
INSERT INTO `role_has_permissions` (`permission_id`, `role_id`) VALUES ('120', '1');
INSERT INTO `role_has_permissions` (`permission_id`, `role_id`) VALUES ('121', '1');
INSERT INTO `role_has_permissions` (`permission_id`, `role_id`) VALUES ('122', '1');
INSERT INTO `role_has_permissions` (`permission_id`, `role_id`) VALUES ('123', '1');
INSERT INTO `role_has_permissions` (`permission_id`, `role_id`) VALUES ('124', '1');
INSERT INTO `role_has_permissions` (`permission_id`, `role_id`) VALUES ('125', '1');
INSERT INTO `role_has_permissions` (`permission_id`, `role_id`) VALUES ('126', '1');
INSERT INTO `role_has_permissions` (`permission_id`, `role_id`) VALUES ('127', '1');
INSERT INTO `role_has_permissions` (`permission_id`, `role_id`) VALUES ('128', '1');
INSERT INTO `role_has_permissions` (`permission_id`, `role_id`) VALUES ('129', '1');
INSERT INTO `role_has_permissions` (`permission_id`, `role_id`) VALUES ('130', '1');
INSERT INTO `role_has_permissions` (`permission_id`, `role_id`) VALUES ('131', '1');
INSERT INTO `role_has_permissions` (`permission_id`, `role_id`) VALUES ('132', '1');
INSERT INTO `role_has_permissions` (`permission_id`, `role_id`) VALUES ('133', '1');
INSERT INTO `role_has_permissions` (`permission_id`, `role_id`) VALUES ('134', '1');
INSERT INTO `role_has_permissions` (`permission_id`, `role_id`) VALUES ('135', '1');
INSERT INTO `role_has_permissions` (`permission_id`, `role_id`) VALUES ('136', '1');
INSERT INTO `role_has_permissions` (`permission_id`, `role_id`) VALUES ('137', '1');
INSERT INTO `role_has_permissions` (`permission_id`, `role_id`) VALUES ('138', '1');
INSERT INTO `role_has_permissions` (`permission_id`, `role_id`) VALUES ('139', '1');
INSERT INTO `role_has_permissions` (`permission_id`, `role_id`) VALUES ('140', '1');
INSERT INTO `role_has_permissions` (`permission_id`, `role_id`) VALUES ('141', '1');
INSERT INTO `role_has_permissions` (`permission_id`, `role_id`) VALUES ('142', '1');
INSERT INTO `role_has_permissions` (`permission_id`, `role_id`) VALUES ('143', '1');
INSERT INTO `role_has_permissions` (`permission_id`, `role_id`) VALUES ('144', '1');
INSERT INTO `role_has_permissions` (`permission_id`, `role_id`) VALUES ('145', '1');
INSERT INTO `role_has_permissions` (`permission_id`, `role_id`) VALUES ('146', '1');
INSERT INTO `role_has_permissions` (`permission_id`, `role_id`) VALUES ('147', '1');
INSERT INTO `role_has_permissions` (`permission_id`, `role_id`) VALUES ('148', '1');
INSERT INTO `role_has_permissions` (`permission_id`, `role_id`) VALUES ('149', '1');
INSERT INTO `role_has_permissions` (`permission_id`, `role_id`) VALUES ('150', '1');
INSERT INTO `role_has_permissions` (`permission_id`, `role_id`) VALUES ('151', '1');
INSERT INTO `role_has_permissions` (`permission_id`, `role_id`) VALUES ('152', '1');
INSERT INTO `role_has_permissions` (`permission_id`, `role_id`) VALUES ('153', '1');
INSERT INTO `role_has_permissions` (`permission_id`, `role_id`) VALUES ('154', '1');
INSERT INTO `role_has_permissions` (`permission_id`, `role_id`) VALUES ('155', '1');
INSERT INTO `role_has_permissions` (`permission_id`, `role_id`) VALUES ('156', '1');
INSERT INTO `role_has_permissions` (`permission_id`, `role_id`) VALUES ('157', '1');
INSERT INTO `role_has_permissions` (`permission_id`, `role_id`) VALUES ('158', '1');
INSERT INTO `role_has_permissions` (`permission_id`, `role_id`) VALUES ('159', '1');
INSERT INTO `role_has_permissions` (`permission_id`, `role_id`) VALUES ('160', '1');
INSERT INTO `role_has_permissions` (`permission_id`, `role_id`) VALUES ('161', '1');
INSERT INTO `role_has_permissions` (`permission_id`, `role_id`) VALUES ('162', '1');
INSERT INTO `role_has_permissions` (`permission_id`, `role_id`) VALUES ('163', '1');
INSERT INTO `role_has_permissions` (`permission_id`, `role_id`) VALUES ('164', '1');
INSERT INTO `role_has_permissions` (`permission_id`, `role_id`) VALUES ('165', '1');
INSERT INTO `role_has_permissions` (`permission_id`, `role_id`) VALUES ('1', '2');
INSERT INTO `role_has_permissions` (`permission_id`, `role_id`) VALUES ('2', '2');
INSERT INTO `role_has_permissions` (`permission_id`, `role_id`) VALUES ('3', '2');
INSERT INTO `role_has_permissions` (`permission_id`, `role_id`) VALUES ('4', '2');
INSERT INTO `role_has_permissions` (`permission_id`, `role_id`) VALUES ('5', '2');
INSERT INTO `role_has_permissions` (`permission_id`, `role_id`) VALUES ('6', '2');
INSERT INTO `role_has_permissions` (`permission_id`, `role_id`) VALUES ('7', '2');
INSERT INTO `role_has_permissions` (`permission_id`, `role_id`) VALUES ('8', '2');
INSERT INTO `role_has_permissions` (`permission_id`, `role_id`) VALUES ('9', '2');
INSERT INTO `role_has_permissions` (`permission_id`, `role_id`) VALUES ('10', '2');
INSERT INTO `role_has_permissions` (`permission_id`, `role_id`) VALUES ('11', '2');
INSERT INTO `role_has_permissions` (`permission_id`, `role_id`) VALUES ('12', '2');
INSERT INTO `role_has_permissions` (`permission_id`, `role_id`) VALUES ('13', '2');
INSERT INTO `role_has_permissions` (`permission_id`, `role_id`) VALUES ('14', '2');
INSERT INTO `role_has_permissions` (`permission_id`, `role_id`) VALUES ('15', '2');
INSERT INTO `role_has_permissions` (`permission_id`, `role_id`) VALUES ('16', '2');
INSERT INTO `role_has_permissions` (`permission_id`, `role_id`) VALUES ('17', '2');
INSERT INTO `role_has_permissions` (`permission_id`, `role_id`) VALUES ('18', '2');
INSERT INTO `role_has_permissions` (`permission_id`, `role_id`) VALUES ('19', '2');
INSERT INTO `role_has_permissions` (`permission_id`, `role_id`) VALUES ('20', '2');
INSERT INTO `role_has_permissions` (`permission_id`, `role_id`) VALUES ('21', '2');
INSERT INTO `role_has_permissions` (`permission_id`, `role_id`) VALUES ('22', '2');
INSERT INTO `role_has_permissions` (`permission_id`, `role_id`) VALUES ('23', '2');
INSERT INTO `role_has_permissions` (`permission_id`, `role_id`) VALUES ('24', '2');
INSERT INTO `role_has_permissions` (`permission_id`, `role_id`) VALUES ('25', '2');
INSERT INTO `role_has_permissions` (`permission_id`, `role_id`) VALUES ('26', '2');
INSERT INTO `role_has_permissions` (`permission_id`, `role_id`) VALUES ('27', '2');
INSERT INTO `role_has_permissions` (`permission_id`, `role_id`) VALUES ('28', '2');
INSERT INTO `role_has_permissions` (`permission_id`, `role_id`) VALUES ('29', '2');
INSERT INTO `role_has_permissions` (`permission_id`, `role_id`) VALUES ('30', '2');
INSERT INTO `role_has_permissions` (`permission_id`, `role_id`) VALUES ('31', '2');
INSERT INTO `role_has_permissions` (`permission_id`, `role_id`) VALUES ('32', '2');
INSERT INTO `role_has_permissions` (`permission_id`, `role_id`) VALUES ('33', '2');
INSERT INTO `role_has_permissions` (`permission_id`, `role_id`) VALUES ('34', '2');
INSERT INTO `role_has_permissions` (`permission_id`, `role_id`) VALUES ('35', '2');
INSERT INTO `role_has_permissions` (`permission_id`, `role_id`) VALUES ('36', '2');
INSERT INTO `role_has_permissions` (`permission_id`, `role_id`) VALUES ('37', '2');
INSERT INTO `role_has_permissions` (`permission_id`, `role_id`) VALUES ('38', '2');
INSERT INTO `role_has_permissions` (`permission_id`, `role_id`) VALUES ('39', '2');
INSERT INTO `role_has_permissions` (`permission_id`, `role_id`) VALUES ('40', '2');
INSERT INTO `role_has_permissions` (`permission_id`, `role_id`) VALUES ('41', '2');
INSERT INTO `role_has_permissions` (`permission_id`, `role_id`) VALUES ('42', '2');
INSERT INTO `role_has_permissions` (`permission_id`, `role_id`) VALUES ('43', '2');
INSERT INTO `role_has_permissions` (`permission_id`, `role_id`) VALUES ('44', '2');
INSERT INTO `role_has_permissions` (`permission_id`, `role_id`) VALUES ('45', '2');
INSERT INTO `role_has_permissions` (`permission_id`, `role_id`) VALUES ('46', '2');
INSERT INTO `role_has_permissions` (`permission_id`, `role_id`) VALUES ('47', '2');
INSERT INTO `role_has_permissions` (`permission_id`, `role_id`) VALUES ('48', '2');
INSERT INTO `role_has_permissions` (`permission_id`, `role_id`) VALUES ('49', '2');
INSERT INTO `role_has_permissions` (`permission_id`, `role_id`) VALUES ('50', '2');
INSERT INTO `role_has_permissions` (`permission_id`, `role_id`) VALUES ('51', '2');
INSERT INTO `role_has_permissions` (`permission_id`, `role_id`) VALUES ('52', '2');
INSERT INTO `role_has_permissions` (`permission_id`, `role_id`) VALUES ('53', '2');
INSERT INTO `role_has_permissions` (`permission_id`, `role_id`) VALUES ('54', '2');
INSERT INTO `role_has_permissions` (`permission_id`, `role_id`) VALUES ('55', '2');
INSERT INTO `role_has_permissions` (`permission_id`, `role_id`) VALUES ('56', '2');
INSERT INTO `role_has_permissions` (`permission_id`, `role_id`) VALUES ('57', '2');
INSERT INTO `role_has_permissions` (`permission_id`, `role_id`) VALUES ('58', '2');
INSERT INTO `role_has_permissions` (`permission_id`, `role_id`) VALUES ('59', '2');
INSERT INTO `role_has_permissions` (`permission_id`, `role_id`) VALUES ('60', '2');
INSERT INTO `role_has_permissions` (`permission_id`, `role_id`) VALUES ('61', '2');
INSERT INTO `role_has_permissions` (`permission_id`, `role_id`) VALUES ('62', '2');
INSERT INTO `role_has_permissions` (`permission_id`, `role_id`) VALUES ('63', '2');
INSERT INTO `role_has_permissions` (`permission_id`, `role_id`) VALUES ('64', '2');
INSERT INTO `role_has_permissions` (`permission_id`, `role_id`) VALUES ('65', '2');
INSERT INTO `role_has_permissions` (`permission_id`, `role_id`) VALUES ('66', '2');
INSERT INTO `role_has_permissions` (`permission_id`, `role_id`) VALUES ('67', '2');
INSERT INTO `role_has_permissions` (`permission_id`, `role_id`) VALUES ('68', '2');
INSERT INTO `role_has_permissions` (`permission_id`, `role_id`) VALUES ('69', '2');
INSERT INTO `role_has_permissions` (`permission_id`, `role_id`) VALUES ('70', '2');
INSERT INTO `role_has_permissions` (`permission_id`, `role_id`) VALUES ('71', '2');
INSERT INTO `role_has_permissions` (`permission_id`, `role_id`) VALUES ('72', '2');
INSERT INTO `role_has_permissions` (`permission_id`, `role_id`) VALUES ('73', '2');
INSERT INTO `role_has_permissions` (`permission_id`, `role_id`) VALUES ('74', '2');
INSERT INTO `role_has_permissions` (`permission_id`, `role_id`) VALUES ('75', '2');
INSERT INTO `role_has_permissions` (`permission_id`, `role_id`) VALUES ('76', '2');
INSERT INTO `role_has_permissions` (`permission_id`, `role_id`) VALUES ('77', '2');
INSERT INTO `role_has_permissions` (`permission_id`, `role_id`) VALUES ('78', '2');
INSERT INTO `role_has_permissions` (`permission_id`, `role_id`) VALUES ('79', '2');
INSERT INTO `role_has_permissions` (`permission_id`, `role_id`) VALUES ('80', '2');
INSERT INTO `role_has_permissions` (`permission_id`, `role_id`) VALUES ('81', '2');
INSERT INTO `role_has_permissions` (`permission_id`, `role_id`) VALUES ('82', '2');
INSERT INTO `role_has_permissions` (`permission_id`, `role_id`) VALUES ('83', '2');
INSERT INTO `role_has_permissions` (`permission_id`, `role_id`) VALUES ('84', '2');
INSERT INTO `role_has_permissions` (`permission_id`, `role_id`) VALUES ('85', '2');
INSERT INTO `role_has_permissions` (`permission_id`, `role_id`) VALUES ('86', '2');
INSERT INTO `role_has_permissions` (`permission_id`, `role_id`) VALUES ('87', '2');
INSERT INTO `role_has_permissions` (`permission_id`, `role_id`) VALUES ('88', '2');
INSERT INTO `role_has_permissions` (`permission_id`, `role_id`) VALUES ('89', '2');
INSERT INTO `role_has_permissions` (`permission_id`, `role_id`) VALUES ('90', '2');
INSERT INTO `role_has_permissions` (`permission_id`, `role_id`) VALUES ('91', '2');
INSERT INTO `role_has_permissions` (`permission_id`, `role_id`) VALUES ('92', '2');
INSERT INTO `role_has_permissions` (`permission_id`, `role_id`) VALUES ('93', '2');
INSERT INTO `role_has_permissions` (`permission_id`, `role_id`) VALUES ('94', '2');
INSERT INTO `role_has_permissions` (`permission_id`, `role_id`) VALUES ('95', '2');
INSERT INTO `role_has_permissions` (`permission_id`, `role_id`) VALUES ('96', '2');
INSERT INTO `role_has_permissions` (`permission_id`, `role_id`) VALUES ('97', '2');
INSERT INTO `role_has_permissions` (`permission_id`, `role_id`) VALUES ('98', '2');
INSERT INTO `role_has_permissions` (`permission_id`, `role_id`) VALUES ('99', '2');
INSERT INTO `role_has_permissions` (`permission_id`, `role_id`) VALUES ('100', '2');
INSERT INTO `role_has_permissions` (`permission_id`, `role_id`) VALUES ('101', '2');
INSERT INTO `role_has_permissions` (`permission_id`, `role_id`) VALUES ('102', '2');
INSERT INTO `role_has_permissions` (`permission_id`, `role_id`) VALUES ('103', '2');
INSERT INTO `role_has_permissions` (`permission_id`, `role_id`) VALUES ('104', '2');
INSERT INTO `role_has_permissions` (`permission_id`, `role_id`) VALUES ('105', '2');
INSERT INTO `role_has_permissions` (`permission_id`, `role_id`) VALUES ('106', '2');
INSERT INTO `role_has_permissions` (`permission_id`, `role_id`) VALUES ('107', '2');
INSERT INTO `role_has_permissions` (`permission_id`, `role_id`) VALUES ('108', '2');
INSERT INTO `role_has_permissions` (`permission_id`, `role_id`) VALUES ('109', '2');
INSERT INTO `role_has_permissions` (`permission_id`, `role_id`) VALUES ('110', '2');
INSERT INTO `role_has_permissions` (`permission_id`, `role_id`) VALUES ('111', '2');
INSERT INTO `role_has_permissions` (`permission_id`, `role_id`) VALUES ('112', '2');
INSERT INTO `role_has_permissions` (`permission_id`, `role_id`) VALUES ('113', '2');
INSERT INTO `role_has_permissions` (`permission_id`, `role_id`) VALUES ('114', '2');
INSERT INTO `role_has_permissions` (`permission_id`, `role_id`) VALUES ('115', '2');
INSERT INTO `role_has_permissions` (`permission_id`, `role_id`) VALUES ('116', '2');
INSERT INTO `role_has_permissions` (`permission_id`, `role_id`) VALUES ('117', '2');
INSERT INTO `role_has_permissions` (`permission_id`, `role_id`) VALUES ('118', '2');
INSERT INTO `role_has_permissions` (`permission_id`, `role_id`) VALUES ('119', '2');
INSERT INTO `role_has_permissions` (`permission_id`, `role_id`) VALUES ('120', '2');
INSERT INTO `role_has_permissions` (`permission_id`, `role_id`) VALUES ('121', '2');
INSERT INTO `role_has_permissions` (`permission_id`, `role_id`) VALUES ('122', '2');
INSERT INTO `role_has_permissions` (`permission_id`, `role_id`) VALUES ('123', '2');
INSERT INTO `role_has_permissions` (`permission_id`, `role_id`) VALUES ('124', '2');
INSERT INTO `role_has_permissions` (`permission_id`, `role_id`) VALUES ('125', '2');
INSERT INTO `role_has_permissions` (`permission_id`, `role_id`) VALUES ('126', '2');
INSERT INTO `role_has_permissions` (`permission_id`, `role_id`) VALUES ('127', '2');
INSERT INTO `role_has_permissions` (`permission_id`, `role_id`) VALUES ('128', '2');
INSERT INTO `role_has_permissions` (`permission_id`, `role_id`) VALUES ('129', '2');
INSERT INTO `role_has_permissions` (`permission_id`, `role_id`) VALUES ('130', '2');
INSERT INTO `role_has_permissions` (`permission_id`, `role_id`) VALUES ('131', '2');
INSERT INTO `role_has_permissions` (`permission_id`, `role_id`) VALUES ('132', '2');
INSERT INTO `role_has_permissions` (`permission_id`, `role_id`) VALUES ('133', '2');
INSERT INTO `role_has_permissions` (`permission_id`, `role_id`) VALUES ('134', '2');
INSERT INTO `role_has_permissions` (`permission_id`, `role_id`) VALUES ('135', '2');
INSERT INTO `role_has_permissions` (`permission_id`, `role_id`) VALUES ('136', '2');
INSERT INTO `role_has_permissions` (`permission_id`, `role_id`) VALUES ('137', '2');
INSERT INTO `role_has_permissions` (`permission_id`, `role_id`) VALUES ('138', '2');
INSERT INTO `role_has_permissions` (`permission_id`, `role_id`) VALUES ('139', '2');
INSERT INTO `role_has_permissions` (`permission_id`, `role_id`) VALUES ('140', '2');
INSERT INTO `role_has_permissions` (`permission_id`, `role_id`) VALUES ('141', '2');
INSERT INTO `role_has_permissions` (`permission_id`, `role_id`) VALUES ('142', '2');
INSERT INTO `role_has_permissions` (`permission_id`, `role_id`) VALUES ('143', '2');
INSERT INTO `role_has_permissions` (`permission_id`, `role_id`) VALUES ('144', '2');
INSERT INTO `role_has_permissions` (`permission_id`, `role_id`) VALUES ('145', '2');
INSERT INTO `role_has_permissions` (`permission_id`, `role_id`) VALUES ('146', '2');
INSERT INTO `role_has_permissions` (`permission_id`, `role_id`) VALUES ('147', '2');
INSERT INTO `role_has_permissions` (`permission_id`, `role_id`) VALUES ('1', '3');
INSERT INTO `role_has_permissions` (`permission_id`, `role_id`) VALUES ('2', '3');
INSERT INTO `role_has_permissions` (`permission_id`, `role_id`) VALUES ('3', '3');
INSERT INTO `role_has_permissions` (`permission_id`, `role_id`) VALUES ('4', '3');
INSERT INTO `role_has_permissions` (`permission_id`, `role_id`) VALUES ('5', '3');
INSERT INTO `role_has_permissions` (`permission_id`, `role_id`) VALUES ('6', '3');
INSERT INTO `role_has_permissions` (`permission_id`, `role_id`) VALUES ('7', '3');
INSERT INTO `role_has_permissions` (`permission_id`, `role_id`) VALUES ('8', '3');
INSERT INTO `role_has_permissions` (`permission_id`, `role_id`) VALUES ('9', '3');
INSERT INTO `role_has_permissions` (`permission_id`, `role_id`) VALUES ('10', '3');
INSERT INTO `role_has_permissions` (`permission_id`, `role_id`) VALUES ('11', '3');
INSERT INTO `role_has_permissions` (`permission_id`, `role_id`) VALUES ('12', '3');
INSERT INTO `role_has_permissions` (`permission_id`, `role_id`) VALUES ('25', '3');
INSERT INTO `role_has_permissions` (`permission_id`, `role_id`) VALUES ('26', '3');
INSERT INTO `role_has_permissions` (`permission_id`, `role_id`) VALUES ('27', '3');
INSERT INTO `role_has_permissions` (`permission_id`, `role_id`) VALUES ('28', '3');
INSERT INTO `role_has_permissions` (`permission_id`, `role_id`) VALUES ('29', '3');
INSERT INTO `role_has_permissions` (`permission_id`, `role_id`) VALUES ('30', '3');
INSERT INTO `role_has_permissions` (`permission_id`, `role_id`) VALUES ('31', '3');
INSERT INTO `role_has_permissions` (`permission_id`, `role_id`) VALUES ('32', '3');
INSERT INTO `role_has_permissions` (`permission_id`, `role_id`) VALUES ('33', '3');
INSERT INTO `role_has_permissions` (`permission_id`, `role_id`) VALUES ('34', '3');
INSERT INTO `role_has_permissions` (`permission_id`, `role_id`) VALUES ('35', '3');
INSERT INTO `role_has_permissions` (`permission_id`, `role_id`) VALUES ('36', '3');
INSERT INTO `role_has_permissions` (`permission_id`, `role_id`) VALUES ('37', '3');
INSERT INTO `role_has_permissions` (`permission_id`, `role_id`) VALUES ('38', '3');
INSERT INTO `role_has_permissions` (`permission_id`, `role_id`) VALUES ('39', '3');
INSERT INTO `role_has_permissions` (`permission_id`, `role_id`) VALUES ('40', '3');
INSERT INTO `role_has_permissions` (`permission_id`, `role_id`) VALUES ('41', '3');
INSERT INTO `role_has_permissions` (`permission_id`, `role_id`) VALUES ('42', '3');
INSERT INTO `role_has_permissions` (`permission_id`, `role_id`) VALUES ('43', '3');
INSERT INTO `role_has_permissions` (`permission_id`, `role_id`) VALUES ('44', '3');
INSERT INTO `role_has_permissions` (`permission_id`, `role_id`) VALUES ('45', '3');
INSERT INTO `role_has_permissions` (`permission_id`, `role_id`) VALUES ('46', '3');
INSERT INTO `role_has_permissions` (`permission_id`, `role_id`) VALUES ('47', '3');
INSERT INTO `role_has_permissions` (`permission_id`, `role_id`) VALUES ('48', '3');
INSERT INTO `role_has_permissions` (`permission_id`, `role_id`) VALUES ('49', '3');
INSERT INTO `role_has_permissions` (`permission_id`, `role_id`) VALUES ('50', '3');
INSERT INTO `role_has_permissions` (`permission_id`, `role_id`) VALUES ('51', '3');
INSERT INTO `role_has_permissions` (`permission_id`, `role_id`) VALUES ('52', '3');
INSERT INTO `role_has_permissions` (`permission_id`, `role_id`) VALUES ('53', '3');
INSERT INTO `role_has_permissions` (`permission_id`, `role_id`) VALUES ('54', '3');
INSERT INTO `role_has_permissions` (`permission_id`, `role_id`) VALUES ('55', '3');
INSERT INTO `role_has_permissions` (`permission_id`, `role_id`) VALUES ('56', '3');
INSERT INTO `role_has_permissions` (`permission_id`, `role_id`) VALUES ('57', '3');
INSERT INTO `role_has_permissions` (`permission_id`, `role_id`) VALUES ('58', '3');
INSERT INTO `role_has_permissions` (`permission_id`, `role_id`) VALUES ('59', '3');
INSERT INTO `role_has_permissions` (`permission_id`, `role_id`) VALUES ('60', '3');
INSERT INTO `role_has_permissions` (`permission_id`, `role_id`) VALUES ('61', '3');
INSERT INTO `role_has_permissions` (`permission_id`, `role_id`) VALUES ('62', '3');
INSERT INTO `role_has_permissions` (`permission_id`, `role_id`) VALUES ('63', '3');
INSERT INTO `role_has_permissions` (`permission_id`, `role_id`) VALUES ('64', '3');
INSERT INTO `role_has_permissions` (`permission_id`, `role_id`) VALUES ('65', '3');
INSERT INTO `role_has_permissions` (`permission_id`, `role_id`) VALUES ('66', '3');
INSERT INTO `role_has_permissions` (`permission_id`, `role_id`) VALUES ('67', '3');
INSERT INTO `role_has_permissions` (`permission_id`, `role_id`) VALUES ('68', '3');
INSERT INTO `role_has_permissions` (`permission_id`, `role_id`) VALUES ('69', '3');
INSERT INTO `role_has_permissions` (`permission_id`, `role_id`) VALUES ('70', '3');
INSERT INTO `role_has_permissions` (`permission_id`, `role_id`) VALUES ('71', '3');
INSERT INTO `role_has_permissions` (`permission_id`, `role_id`) VALUES ('72', '3');
INSERT INTO `role_has_permissions` (`permission_id`, `role_id`) VALUES ('73', '3');
INSERT INTO `role_has_permissions` (`permission_id`, `role_id`) VALUES ('74', '3');
INSERT INTO `role_has_permissions` (`permission_id`, `role_id`) VALUES ('75', '3');
INSERT INTO `role_has_permissions` (`permission_id`, `role_id`) VALUES ('76', '3');
INSERT INTO `role_has_permissions` (`permission_id`, `role_id`) VALUES ('77', '3');
INSERT INTO `role_has_permissions` (`permission_id`, `role_id`) VALUES ('78', '3');
INSERT INTO `role_has_permissions` (`permission_id`, `role_id`) VALUES ('79', '3');
INSERT INTO `role_has_permissions` (`permission_id`, `role_id`) VALUES ('80', '3');
INSERT INTO `role_has_permissions` (`permission_id`, `role_id`) VALUES ('81', '3');
INSERT INTO `role_has_permissions` (`permission_id`, `role_id`) VALUES ('82', '3');
INSERT INTO `role_has_permissions` (`permission_id`, `role_id`) VALUES ('83', '3');
INSERT INTO `role_has_permissions` (`permission_id`, `role_id`) VALUES ('84', '3');
INSERT INTO `role_has_permissions` (`permission_id`, `role_id`) VALUES ('85', '3');
INSERT INTO `role_has_permissions` (`permission_id`, `role_id`) VALUES ('86', '3');
INSERT INTO `role_has_permissions` (`permission_id`, `role_id`) VALUES ('87', '3');
INSERT INTO `role_has_permissions` (`permission_id`, `role_id`) VALUES ('88', '3');
INSERT INTO `role_has_permissions` (`permission_id`, `role_id`) VALUES ('89', '3');
INSERT INTO `role_has_permissions` (`permission_id`, `role_id`) VALUES ('90', '3');
INSERT INTO `role_has_permissions` (`permission_id`, `role_id`) VALUES ('91', '3');
INSERT INTO `role_has_permissions` (`permission_id`, `role_id`) VALUES ('92', '3');
INSERT INTO `role_has_permissions` (`permission_id`, `role_id`) VALUES ('93', '3');
INSERT INTO `role_has_permissions` (`permission_id`, `role_id`) VALUES ('94', '3');
INSERT INTO `role_has_permissions` (`permission_id`, `role_id`) VALUES ('95', '3');
INSERT INTO `role_has_permissions` (`permission_id`, `role_id`) VALUES ('96', '3');
INSERT INTO `role_has_permissions` (`permission_id`, `role_id`) VALUES ('97', '3');
INSERT INTO `role_has_permissions` (`permission_id`, `role_id`) VALUES ('98', '3');
INSERT INTO `role_has_permissions` (`permission_id`, `role_id`) VALUES ('99', '3');
INSERT INTO `role_has_permissions` (`permission_id`, `role_id`) VALUES ('100', '3');
INSERT INTO `role_has_permissions` (`permission_id`, `role_id`) VALUES ('101', '3');
INSERT INTO `role_has_permissions` (`permission_id`, `role_id`) VALUES ('102', '3');
INSERT INTO `role_has_permissions` (`permission_id`, `role_id`) VALUES ('103', '3');
INSERT INTO `role_has_permissions` (`permission_id`, `role_id`) VALUES ('104', '3');
INSERT INTO `role_has_permissions` (`permission_id`, `role_id`) VALUES ('105', '3');
INSERT INTO `role_has_permissions` (`permission_id`, `role_id`) VALUES ('106', '3');
INSERT INTO `role_has_permissions` (`permission_id`, `role_id`) VALUES ('107', '3');
INSERT INTO `role_has_permissions` (`permission_id`, `role_id`) VALUES ('108', '3');
INSERT INTO `role_has_permissions` (`permission_id`, `role_id`) VALUES ('109', '3');
INSERT INTO `role_has_permissions` (`permission_id`, `role_id`) VALUES ('110', '3');
INSERT INTO `role_has_permissions` (`permission_id`, `role_id`) VALUES ('111', '3');
INSERT INTO `role_has_permissions` (`permission_id`, `role_id`) VALUES ('112', '3');
INSERT INTO `role_has_permissions` (`permission_id`, `role_id`) VALUES ('113', '3');
INSERT INTO `role_has_permissions` (`permission_id`, `role_id`) VALUES ('114', '3');
INSERT INTO `role_has_permissions` (`permission_id`, `role_id`) VALUES ('115', '3');
INSERT INTO `role_has_permissions` (`permission_id`, `role_id`) VALUES ('116', '3');
INSERT INTO `role_has_permissions` (`permission_id`, `role_id`) VALUES ('117', '3');
INSERT INTO `role_has_permissions` (`permission_id`, `role_id`) VALUES ('118', '3');
INSERT INTO `role_has_permissions` (`permission_id`, `role_id`) VALUES ('119', '3');
INSERT INTO `role_has_permissions` (`permission_id`, `role_id`) VALUES ('120', '3');
INSERT INTO `role_has_permissions` (`permission_id`, `role_id`) VALUES ('133', '3');
INSERT INTO `role_has_permissions` (`permission_id`, `role_id`) VALUES ('134', '3');
INSERT INTO `role_has_permissions` (`permission_id`, `role_id`) VALUES ('135', '3');
INSERT INTO `role_has_permissions` (`permission_id`, `role_id`) VALUES ('136', '3');
INSERT INTO `role_has_permissions` (`permission_id`, `role_id`) VALUES ('137', '3');
INSERT INTO `role_has_permissions` (`permission_id`, `role_id`) VALUES ('138', '3');
INSERT INTO `role_has_permissions` (`permission_id`, `role_id`) VALUES ('139', '3');
INSERT INTO `role_has_permissions` (`permission_id`, `role_id`) VALUES ('140', '3');
INSERT INTO `role_has_permissions` (`permission_id`, `role_id`) VALUES ('141', '3');
INSERT INTO `role_has_permissions` (`permission_id`, `role_id`) VALUES ('142', '3');
INSERT INTO `role_has_permissions` (`permission_id`, `role_id`) VALUES ('143', '3');
INSERT INTO `role_has_permissions` (`permission_id`, `role_id`) VALUES ('144', '3');


CREATE TABLE `roles` (
  `id` bigint unsigned NOT NULL AUTO_INCREMENT,
  `name` varchar(255) COLLATE utf8mb4_unicode_ci NOT NULL,
  `guard_name` varchar(255) COLLATE utf8mb4_unicode_ci NOT NULL,
  `created_at` timestamp NULL DEFAULT NULL,
  `updated_at` timestamp NULL DEFAULT NULL,
  PRIMARY KEY (`id`),
  UNIQUE KEY `roles_name_guard_name_unique` (`name`,`guard_name`)
) ENGINE=InnoDB AUTO_INCREMENT=4 DEFAULT CHARSET=utf8mb4 COLLATE=utf8mb4_unicode_ci;

INSERT INTO `roles` (`id`, `name`, `guard_name`, `created_at`, `updated_at`) VALUES ('1', 'super_admin', 'web', '2025-11-22 21:32:11', '2025-11-22 21:32:11');
INSERT INTO `roles` (`id`, `name`, `guard_name`, `created_at`, `updated_at`) VALUES ('2', 'admin', 'web', '2025-11-22 21:36:24', '2025-11-22 21:36:24');
INSERT INTO `roles` (`id`, `name`, `guard_name`, `created_at`, `updated_at`) VALUES ('3', 'panel_user', 'web', '2025-11-22 21:36:24', '2025-11-22 21:36:24');


CREATE TABLE `sessions` (
  `id` varchar(255) COLLATE utf8mb4_unicode_ci NOT NULL,
  `user_id` bigint unsigned DEFAULT NULL,
  `ip_address` varchar(45) COLLATE utf8mb4_unicode_ci DEFAULT NULL,
  `user_agent` text COLLATE utf8mb4_unicode_ci,
  `payload` longtext COLLATE utf8mb4_unicode_ci NOT NULL,
  `last_activity` int NOT NULL,
  PRIMARY KEY (`id`),
  KEY `sessions_user_id_index` (`user_id`),
  KEY `sessions_last_activity_index` (`last_activity`)
) ENGINE=InnoDB DEFAULT CHARSET=utf8mb4 COLLATE=utf8mb4_unicode_ci;

INSERT INTO `sessions` (`id`, `user_id`, `ip_address`, `user_agent`, `payload`, `last_activity`) VALUES ('BdQESxZA9zCpkfA6zRergVjKNWJJjg2pnTNOKmPV', NULL, '127.0.0.1', 'Mozilla/5.0 (Windows NT 10.0; Win64; x64) AppleWebKit/537.36 (KHTML, like Gecko) Chrome/146.0.0.0 Safari/537.36', 'YTozOntzOjY6Il90b2tlbiI7czo0MDoiZXVrZFFnVkp3SkVNNTBxSlVMWndOcVkzQVE0cWhLQjVzbXhkWWxNTCI7czo5OiJfcHJldmlvdXMiO2E6Mjp7czozOiJ1cmwiO3M6MTc6Imh0dHA6Ly9oYWplZS50ZXN0IjtzOjU6InJvdXRlIjtzOjQ6ImhvbWUiO31zOjY6Il9mbGFzaCI7YToyOntzOjM6Im9sZCI7YTowOnt9czozOiJuZXciO2E6MDp7fX19', '1774662949');
INSERT INTO `sessions` (`id`, `user_id`, `ip_address`, `user_agent`, `payload`, `last_activity`) VALUES ('eodRKV3r2Xcru3P8Xl4Y0RubYN1PH0i7pDng5fPt', '1', '127.0.0.1', 'Mozilla/5.0 (Windows NT 10.0; Win64; x64) AppleWebKit/537.36 (KHTML, like Gecko) Chrome/146.0.0.0 Safari/537.36', 'YTo1OntzOjY6Il90b2tlbiI7czo0MDoiUERxVUVlSFRGM0c2YmNWTkpqTWZZNkhlaEF0cW1iVFBFWVg2NXhjVSI7czo5OiJfcHJldmlvdXMiO2E6Mjp7czozOiJ1cmwiO3M6Mzg6Imh0dHA6Ly9oYWplZS50ZXN0L2FkbWluL3NsaWRlcnMvY3JlYXRlIjtzOjU6InJvdXRlIjtzOjM5OiJmaWxhbWVudC5hZG1pbi5yZXNvdXJjZXMuc2xpZGVycy5jcmVhdGUiO31zOjY6Il9mbGFzaCI7YToyOntzOjM6Im9sZCI7YTowOnt9czozOiJuZXciO2E6MDp7fX1zOjUwOiJsb2dpbl93ZWJfNTliYTM2YWRkYzJiMmY5NDAxNTgwZjAxNGM3ZjU4ZWE0ZTMwOTg5ZCI7aToxO3M6MTc6InBhc3N3b3JkX2hhc2hfd2ViIjtzOjYwOiIkMnkkMTIkN1lpLmoyTEl0NzMzQ2NManFLdVJkZURjanhSOU1HUlVNT0ZPaFVndW9hQ3NEL1ZaS05PLjIiO30=', '1774541665');
INSERT INTO `sessions` (`id`, `user_id`, `ip_address`, `user_agent`, `payload`, `last_activity`) VALUES ('h3XjaMwzWN0D8YHyXIlQZQ85m5ZWiNwS1SZw4vJZ', NULL, '127.0.0.1', 'Mozilla/5.0 (Windows NT 10.0; Win64; x64) AppleWebKit/537.36 (KHTML, like Gecko) Chrome/146.0.0.0 Safari/537.36', 'YTozOntzOjY6Il90b2tlbiI7czo0MDoiTkRvSng2TkpEejNGc1NYbW1ZYlZzT04ybkxHcWpuVFd6akxvRm9oeSI7czo5OiJfcHJldmlvdXMiO2E6Mjp7czozOiJ1cmwiO3M6MTc6Imh0dHA6Ly9oYWplZS50ZXN0IjtzOjU6InJvdXRlIjtzOjQ6ImhvbWUiO31zOjY6Il9mbGFzaCI7YToyOntzOjM6Im9sZCI7YTowOnt9czozOiJuZXciO2E6MDp7fX19', '1774662949');


CREATE TABLE `settings` (
  `id` bigint unsigned NOT NULL AUTO_INCREMENT,
  `key` varchar(255) COLLATE utf8mb4_unicode_ci NOT NULL,
  `value` text COLLATE utf8mb4_unicode_ci,
  `created_at` timestamp NULL DEFAULT NULL,
  `updated_at` timestamp NULL DEFAULT NULL,
  PRIMARY KEY (`id`),
  UNIQUE KEY `settings_key_unique` (`key`)
) ENGINE=InnoDB AUTO_INCREMENT=41 DEFAULT CHARSET=utf8mb4 COLLATE=utf8mb4_unicode_ci;

INSERT INTO `settings` (`id`, `key`, `value`, `created_at`, `updated_at`) VALUES ('1', 'site_name', 'RAMU CANTONMENT ENGLISH SCHOOL & COLLEGE', '2025-11-22 10:42:45', '2025-12-18 23:03:06');
INSERT INTO `settings` (`id`, `key`, `value`, `created_at`, `updated_at`) VALUES ('2', 'site_tagline', 'Discipline, Knowledge, Morality', '2025-11-22 10:42:45', '2025-11-22 10:42:45');
INSERT INTO `settings` (`id`, `key`, `value`, `created_at`, `updated_at`) VALUES ('3', 'phone', '+8801769026044', '2025-11-22 10:42:45', '2025-11-22 10:42:45');
INSERT INTO `settings` (`id`, `key`, `value`, `created_at`, `updated_at`) VALUES ('4', 'email', 'info@bacpsc.edu.bd', '2025-11-22 10:42:45', '2025-11-22 10:42:45');
INSERT INTO `settings` (`id`, `key`, `value`, `created_at`, `updated_at`) VALUES ('5', 'address', 'Barishal Cantonment, Barishal', '2025-11-22 10:42:45', '2025-11-22 10:42:45');
INSERT INTO `settings` (`id`, `key`, `value`, `created_at`, `updated_at`) VALUES ('6', 'facebook', '#', '2025-11-22 10:42:45', '2025-11-22 10:42:45');
INSERT INTO `settings` (`id`, `key`, `value`, `created_at`, `updated_at`) VALUES ('7', 'youtube', '#', '2025-11-22 10:42:45', '2025-11-22 10:42:45');
INSERT INTO `settings` (`id`, `key`, `value`, `created_at`, `updated_at`) VALUES ('8', 'logo', 'https://bacpsc.edu.bd/wp-content/uploads/2024/10/barisal-logo.png', '2025-11-22 10:42:45', '2025-11-22 12:35:19');
INSERT INTO `settings` (`id`, `key`, `value`, `created_at`, `updated_at`) VALUES ('9', 'site_name_bangla', 'বরিশাল ক্যান্টনমেন্ট পাবলিক স্কুল ও কলেজ', '2025-11-22 12:33:18', '2025-11-22 12:33:18');
INSERT INTO `settings` (`id`, `key`, `value`, `created_at`, `updated_at`) VALUES ('10', 'eiin', 'Barishal Cantonment, EIIN:136998', '2025-11-22 12:33:19', '2025-11-22 12:33:19');
INSERT INTO `settings` (`id`, `key`, `value`, `created_at`, `updated_at`) VALUES ('11', 'erecruitment_url', 'https://admission.trusteduerp.xyz/job/apply?insId=1006', '2025-11-22 12:33:19', '2025-11-22 12:38:06');
INSERT INTO `settings` (`id`, `key`, `value`, `created_at`, `updated_at`) VALUES ('12', 'online_admission_url', 'https://bacpsc.edu.bd/online-admission/', '2025-11-22 12:33:19', '2025-11-22 12:39:16');
INSERT INTO `settings` (`id`, `key`, `value`, `created_at`, `updated_at`) VALUES ('13', 'online_fee_url', 'https://s2.trusteduerp.xyz/st/login?insId=1006', '2025-11-22 12:33:19', '2025-11-22 12:39:42');
INSERT INTO `settings` (`id`, `key`, `value`, `created_at`, `updated_at`) VALUES ('14', 'sidebar_header_bg', '#0f3d3e', '2025-11-22 16:23:17', '2025-11-22 16:23:17');
INSERT INTO `settings` (`id`, `key`, `value`, `created_at`, `updated_at`) VALUES ('15', 'sidebar_body_bg', '#1a4d2e', '2025-11-22 16:23:17', '2025-11-22 16:23:17');
INSERT INTO `settings` (`id`, `key`, `value`, `created_at`, `updated_at`) VALUES ('16', 'sidebar_title_color', '#ffc107', '2025-11-22 16:23:17', '2025-11-22 16:23:17');
INSERT INTO `settings` (`id`, `key`, `value`, `created_at`, `updated_at`) VALUES ('17', 'sidebar_text_color', '#ffffff', '2025-11-22 16:23:17', '2025-11-22 16:23:17');
INSERT INTO `settings` (`id`, `key`, `value`, `created_at`, `updated_at`) VALUES ('18', 'sidebar_btn_bg', '#28a745', '2025-11-22 16:23:17', '2025-11-22 16:23:17');
INSERT INTO `settings` (`id`, `key`, `value`, `created_at`, `updated_at`) VALUES ('19', 'sidebar_btn_text_color', '#0d9100', '2025-11-22 16:23:17', '2025-12-18 20:52:16');
INSERT INTO `settings` (`id`, `key`, `value`, `created_at`, `updated_at`) VALUES ('20', 'sidebar_aspect_ratio', '3/4', '2025-11-22 16:23:17', '2025-11-22 16:23:17');
INSERT INTO `settings` (`id`, `key`, `value`, `created_at`, `updated_at`) VALUES ('21', 'sidebar_image_width', '70', '2025-11-22 16:23:17', '2025-11-22 16:25:04');
INSERT INTO `settings` (`id`, `key`, `value`, `created_at`, `updated_at`) VALUES ('22', 'sidebar_image_position', 'top center', '2025-11-22 16:23:17', '2025-11-22 16:23:17');
INSERT INTO `settings` (`id`, `key`, `value`, `created_at`, `updated_at`) VALUES ('23', 'sidebar_image_fit', 'cover', '2025-11-22 16:23:17', '2025-11-22 16:23:17');
INSERT INTO `settings` (`id`, `key`, `value`, `created_at`, `updated_at`) VALUES ('24', 'sidebar_border_radius', '20px', '2025-11-22 16:23:17', '2025-11-22 16:24:27');
INSERT INTO `settings` (`id`, `key`, `value`, `created_at`, `updated_at`) VALUES ('25', 'sidebar_border_width', '5px', '2025-11-22 16:23:17', '2025-11-22 16:25:04');
INSERT INTO `settings` (`id`, `key`, `value`, `created_at`, `updated_at`) VALUES ('26', 'sidebar_border_color', '#ffffff', '2025-11-22 16:23:17', '2025-11-22 16:23:17');
INSERT INTO `settings` (`id`, `key`, `value`, `created_at`, `updated_at`) VALUES ('27', 'sidebar_title_font_size', '1.1rem', '2025-11-22 16:23:17', '2025-11-22 16:23:17');
INSERT INTO `settings` (`id`, `key`, `value`, `created_at`, `updated_at`) VALUES ('28', 'sidebar_desig_font_size', '0.875rem', '2025-11-22 16:23:17', '2025-11-22 16:23:17');
INSERT INTO `settings` (`id`, `key`, `value`, `created_at`, `updated_at`) VALUES ('29', 'sidebar_card_padding', '1rem', '2025-11-22 16:23:17', '2025-11-22 16:23:17');
INSERT INTO `settings` (`id`, `key`, `value`, `created_at`, `updated_at`) VALUES ('30', 'menu_card_template', 'template_2', '2025-12-14 20:12:43', '2025-12-31 12:13:30');
INSERT INTO `settings` (`id`, `key`, `value`, `created_at`, `updated_at`) VALUES ('31', 'info_header_bg', '#0f3d3e', '2025-12-18 19:29:17', '2025-12-18 19:29:17');
INSERT INTO `settings` (`id`, `key`, `value`, `created_at`, `updated_at`) VALUES ('32', 'info_body_bg', '#1a4d2e', '2025-12-18 19:29:17', '2025-12-18 19:29:17');
INSERT INTO `settings` (`id`, `key`, `value`, `created_at`, `updated_at`) VALUES ('33', 'info_text_color', '#ffc107', '2025-12-18 19:29:17', '2025-12-18 19:29:17');
INSERT INTO `settings` (`id`, `key`, `value`, `created_at`, `updated_at`) VALUES ('34', 'info_icon_color', '#ffc107', '2025-12-18 19:29:17', '2025-12-18 19:29:17');
INSERT INTO `settings` (`id`, `key`, `value`, `created_at`, `updated_at`) VALUES ('35', 'info_border_color', 'rgba(255, 193, 7, 0.3)', '2025-12-18 19:29:17', '2025-12-18 19:29:17');
INSERT INTO `settings` (`id`, `key`, `value`, `created_at`, `updated_at`) VALUES ('36', 'notice_header_bg', '#0f3d3e', '2025-12-18 19:29:17', '2025-12-18 19:29:17');
INSERT INTO `settings` (`id`, `key`, `value`, `created_at`, `updated_at`) VALUES ('37', 'notice_body_bg', '#f0f8f0', '2025-12-18 19:29:17', '2025-12-18 19:29:17');
INSERT INTO `settings` (`id`, `key`, `value`, `created_at`, `updated_at`) VALUES ('38', 'notice_title_color', '#0066cc', '2025-12-18 19:29:17', '2025-12-18 19:29:17');
INSERT INTO `settings` (`id`, `key`, `value`, `created_at`, `updated_at`) VALUES ('39', 'notice_date_color', '#dc3545', '2025-12-18 19:29:17', '2025-12-18 19:29:17');
INSERT INTO `settings` (`id`, `key`, `value`, `created_at`, `updated_at`) VALUES ('40', 'admin_tutorial_link', 'https://www.youtube.com/watch?v=NNwgrHdrseM&t=24s', '2025-12-31 12:48:37', '2025-12-31 12:48:37');


CREATE TABLE `sidebar_widgets` (
  `id` bigint unsigned NOT NULL AUTO_INCREMENT,
  `title` varchar(255) COLLATE utf8mb4_unicode_ci NOT NULL,
  `type` varchar(255) COLLATE utf8mb4_unicode_ci NOT NULL DEFAULT 'image_link',
  `content` text COLLATE utf8mb4_unicode_ci,
  `image_url` text COLLATE utf8mb4_unicode_ci,
  `link` varchar(255) COLLATE utf8mb4_unicode_ci DEFAULT NULL,
  `order` int NOT NULL DEFAULT '0',
  `is_active` tinyint(1) NOT NULL DEFAULT '1',
  `created_at` timestamp NULL DEFAULT NULL,
  `updated_at` timestamp NULL DEFAULT NULL,
  PRIMARY KEY (`id`)
) ENGINE=InnoDB AUTO_INCREMENT=6 DEFAULT CHARSET=utf8mb4 COLLATE=utf8mb4_unicode_ci;

INSERT INTO `sidebar_widgets` (`id`, `title`, `type`, `content`, `image_url`, `link`, `order`, `is_active`, `created_at`, `updated_at`) VALUES ('1', 'Academic Calendar', 'calendar', NULL, NULL, NULL, '1', '1', '2025-11-22 16:28:43', '2025-11-22 16:28:43');
INSERT INTO `sidebar_widgets` (`id`, `title`, `type`, `content`, `image_url`, `link`, `order`, `is_active`, `created_at`, `updated_at`) VALUES ('2', 'Video', 'video', 'https://youtu.be/_vfTzbVWAoE', NULL, NULL, '2', '1', '2025-11-22 16:29:45', '2025-12-29 21:41:03');
INSERT INTO `sidebar_widgets` (`id`, `title`, `type`, `content`, `image_url`, `link`, `order`, `is_active`, `created_at`, `updated_at`) VALUES ('3', 'How to Pay Tuition Fees Using TAP', 'video', 'https://youtu.be/Bocc6ZMHbOo', NULL, NULL, '3', '0', '2025-11-22 16:34:43', '2025-12-29 21:41:24');
INSERT INTO `sidebar_widgets` (`id`, `title`, `type`, `content`, `image_url`, `link`, `order`, `is_active`, `created_at`, `updated_at`) VALUES ('4', 'Publisher Corner', 'link', 'ম্যাগাজিন', NULL, 'https://drive.google.com/file/d/1ZfBTcXcY2nizJ7YlD-lRgTVzJVGkj6Sd/view', '4', '1', '2025-11-22 16:35:59', '2025-11-22 16:44:01');
INSERT INTO `sidebar_widgets` (`id`, `title`, `type`, `content`, `image_url`, `link`, `order`, `is_active`, `created_at`, `updated_at`) VALUES ('5', 'Help Line', 'image_link', NULL, 'https://drive.google.com/file/d/1A3zT4tH3ht3VerOcS2xHruHjIdA4fxmH/view?usp=sharing', NULL, '5', '1', '2025-11-22 16:37:49', '2025-11-22 16:37:49');


CREATE TABLE `sliders` (
  `id` bigint unsigned NOT NULL AUTO_INCREMENT,
  `title` varchar(255) COLLATE utf8mb4_unicode_ci DEFAULT NULL,
  `image_url` text COLLATE utf8mb4_unicode_ci,
  `link` varchar(255) COLLATE utf8mb4_unicode_ci DEFAULT NULL,
  `image_position` varchar(255) COLLATE utf8mb4_unicode_ci NOT NULL DEFAULT 'center',
  `image_fit` varchar(255) COLLATE utf8mb4_unicode_ci NOT NULL DEFAULT 'contain',
  `order` int NOT NULL DEFAULT '0',
  `is_active` tinyint(1) NOT NULL DEFAULT '1',
  `created_at` timestamp NULL DEFAULT NULL,
  `updated_at` timestamp NULL DEFAULT NULL,
  PRIMARY KEY (`id`)
) ENGINE=InnoDB AUTO_INCREMENT=7 DEFAULT CHARSET=utf8mb4 COLLATE=utf8mb4_unicode_ci;

INSERT INTO `sliders` (`id`, `title`, `image_url`, `link`, `image_position`, `image_fit`, `order`, `is_active`, `created_at`, `updated_at`) VALUES ('1', 'College Campus', 'https://drive.google.com/file/d/1Zg2u57qunWNrkt5yAi03qYjGfZGFkqUe/view?usp=sharing', NULL, 'center', 'cover', '1', '1', '2025-11-22 10:42:45', '2026-03-16 09:54:50');
INSERT INTO `sliders` (`id`, `title`, `image_url`, `link`, `image_position`, `image_fit`, `order`, `is_active`, `created_at`, `updated_at`) VALUES ('5', 'Science Fair', 'https://drive.google.com/file/d/1sE946CA5ZTaF4Ojqflxbt4_zPn-W62mk/view?usp=sharing', NULL, 'center', 'contain', '0', '1', '2026-03-10 06:36:21', '2026-03-16 09:54:04');
INSERT INTO `sliders` (`id`, `title`, `image_url`, `link`, `image_position`, `image_fit`, `order`, `is_active`, `created_at`, `updated_at`) VALUES ('6', 'Champion House', 'https://drive.google.com/file/d/1hFZVM943jlIX2zxetLTEYeSvhnOOUPsQ/view?usp=sharing', NULL, 'center', 'contain', '0', '1', '2026-03-16 09:55:49', '2026-03-16 09:55:49');


CREATE TABLE `theme_settings` (
  `id` bigint unsigned NOT NULL AUTO_INCREMENT,
  `homepage_template` varchar(255) COLLATE utf8mb4_unicode_ci NOT NULL DEFAULT 'template_1',
  `sidebar_title` varchar(100) COLLATE utf8mb4_unicode_ci NOT NULL DEFAULT 'BCPSC INFORMATION',
  `news_events_title` varchar(100) COLLATE utf8mb4_unicode_ci NOT NULL DEFAULT 'NEWS AND EVENTS',
  `achievements_title` varchar(100) COLLATE utf8mb4_unicode_ci NOT NULL DEFAULT 'ACHIEVEMENTS',
  `all_notices_title` varchar(100) COLLATE utf8mb4_unicode_ci NOT NULL DEFAULT 'ALL PUBLISHED NOTICE',
  `primary_color` varchar(255) COLLATE utf8mb4_unicode_ci NOT NULL DEFAULT '#006a4e',
  `secondary_color` varchar(255) COLLATE utf8mb4_unicode_ci NOT NULL DEFAULT '#f42a41',
  `accent_color` varchar(255) COLLATE utf8mb4_unicode_ci NOT NULL DEFAULT '#f8f9fa',
  `text_color` varchar(255) COLLATE utf8mb4_unicode_ci NOT NULL DEFAULT '#333333',
  `link_color` varchar(255) COLLATE utf8mb4_unicode_ci NOT NULL DEFAULT '#006a4e',
  `topbar_bg_color` varchar(255) COLLATE utf8mb4_unicode_ci NOT NULL DEFAULT '#5a9a7a',
  `header_bg_color` varchar(255) COLLATE utf8mb4_unicode_ci NOT NULL DEFAULT '#2d6a4f',
  `navbar_bg_color` varchar(255) COLLATE utf8mb4_unicode_ci NOT NULL DEFAULT '#1e5540',
  `navbar_hover_color` varchar(255) COLLATE utf8mb4_unicode_ci NOT NULL DEFAULT 'rgba(255,255,255,0.15)',
  `footer_bg_color` varchar(255) COLLATE utf8mb4_unicode_ci NOT NULL DEFAULT '#2c3e50',
  `footer_bottom_bg_color` varchar(255) COLLATE utf8mb4_unicode_ci NOT NULL DEFAULT '#1a252f',
  `body_bg_color` varchar(255) COLLATE utf8mb4_unicode_ci NOT NULL DEFAULT '#f4f6f9',
  `ticker_bg_color` varchar(255) COLLATE utf8mb4_unicode_ci NOT NULL DEFAULT '#006a4e',
  `ticker_text_color` varchar(255) COLLATE utf8mb4_unicode_ci NOT NULL DEFAULT '#ffffff',
  `message_card_design` varchar(255) COLLATE utf8mb4_unicode_ci NOT NULL DEFAULT 'solid',
  `message_card_bg_image` varchar(255) COLLATE utf8mb4_unicode_ci DEFAULT NULL,
  `message_card_bg_image_gdrive` text COLLATE utf8mb4_unicode_ci,
  `card_header_color` varchar(255) COLLATE utf8mb4_unicode_ci NOT NULL DEFAULT '#134B50',
  `card_name_text_color` varchar(255) COLLATE utf8mb4_unicode_ci NOT NULL DEFAULT '#e8f5e9',
  `card_designation_text_color` varchar(255) COLLATE utf8mb4_unicode_ci NOT NULL DEFAULT '#ffffff',
  `card_image_border_color` varchar(255) COLLATE utf8mb4_unicode_ci NOT NULL DEFAULT '#ffffff',
  `card_button_bg_color` varchar(255) COLLATE utf8mb4_unicode_ci NOT NULL DEFAULT '#134B50',
  `card_button_text_color` varchar(255) COLLATE utf8mb4_unicode_ci NOT NULL DEFAULT '#ffffff',
  `created_at` timestamp NULL DEFAULT NULL,
  `updated_at` timestamp NULL DEFAULT NULL,
  PRIMARY KEY (`id`)
) ENGINE=InnoDB AUTO_INCREMENT=3 DEFAULT CHARSET=utf8mb4 COLLATE=utf8mb4_unicode_ci;

INSERT INTO `theme_settings` (`id`, `homepage_template`, `sidebar_title`, `news_events_title`, `achievements_title`, `all_notices_title`, `primary_color`, `secondary_color`, `accent_color`, `text_color`, `link_color`, `topbar_bg_color`, `header_bg_color`, `navbar_bg_color`, `navbar_hover_color`, `footer_bg_color`, `footer_bottom_bg_color`, `body_bg_color`, `ticker_bg_color`, `ticker_text_color`, `message_card_design`, `message_card_bg_image`, `message_card_bg_image_gdrive`, `card_header_color`, `card_name_text_color`, `card_designation_text_color`, `card_image_border_color`, `card_button_bg_color`, `card_button_text_color`, `created_at`, `updated_at`) VALUES ('1', 'template_1', 'তথ্য সমূহ', 'News & Events', 'Our Achievements', 'Notice', '#134B50', '#008776', '#e8f5e9', '#212121', '#00a883', '#00707d', '#003440', '#144D53', 'rgba(255,255,255,0.15)', '#003440', '#00707d', '#e8f5e9', '#1A3C40', '#f7dd12', 'solid', 'message-cards/01KD8FEV6Y7DCAAY4GG2B1YKQD.png', 'https://drive.google.com/file/d/188f3e1cMyQWEzyduweYY5OY-mAEjEGy6/view?usp=sharing', '#056b00', '#006108', '#013003', '#044001', '#00b89a', '#ffffff', '2025-11-22 23:45:32', '2026-03-25 05:34:37');
INSERT INTO `theme_settings` (`id`, `homepage_template`, `sidebar_title`, `news_events_title`, `achievements_title`, `all_notices_title`, `primary_color`, `secondary_color`, `accent_color`, `text_color`, `link_color`, `topbar_bg_color`, `header_bg_color`, `navbar_bg_color`, `navbar_hover_color`, `footer_bg_color`, `footer_bottom_bg_color`, `body_bg_color`, `ticker_bg_color`, `ticker_text_color`, `message_card_design`, `message_card_bg_image`, `message_card_bg_image_gdrive`, `card_header_color`, `card_name_text_color`, `card_designation_text_color`, `card_image_border_color`, `card_button_bg_color`, `card_button_text_color`, `created_at`, `updated_at`) VALUES ('2', 'template_1', 'BCPSC INFORMATION', 'NEWS AND EVENTS', 'ACHIEVEMENTS', 'ALL PUBLISHED NOTICE', '#006a4e', '#f42a41', '#f8f9fa', '#333333', '#006a4e', '#5a9a7a', '#2d6a4f', '#1e5540', 'rgba(255,255,255,0.15)', '#2c3e50', '#1a252f', '#f4f6f9', '#006a4e', '#ffffff', 'solid', NULL, NULL, '#134B50', '#e8f5e9', '#ffffff', '#ffffff', '#134B50', '#ffffff', '2025-11-23 00:00:06', '2025-11-23 00:00:06');


CREATE TABLE `theme_showcases` (
  `id` bigint unsigned NOT NULL AUTO_INCREMENT,
  `name` varchar(255) COLLATE utf8mb4_unicode_ci NOT NULL,
  `theme_key` varchar(255) COLLATE utf8mb4_unicode_ci DEFAULT NULL,
  `image` text COLLATE utf8mb4_unicode_ci,
  `url` varchar(255) COLLATE utf8mb4_unicode_ci DEFAULT NULL,
  `is_active` tinyint(1) NOT NULL DEFAULT '1',
  `sort_order` int NOT NULL DEFAULT '0',
  `created_at` timestamp NULL DEFAULT NULL,
  `updated_at` timestamp NULL DEFAULT NULL,
  PRIMARY KEY (`id`)
) ENGINE=InnoDB AUTO_INCREMENT=7 DEFAULT CHARSET=utf8mb4 COLLATE=utf8mb4_unicode_ci;

INSERT INTO `theme_showcases` (`id`, `name`, `theme_key`, `image`, `url`, `is_active`, `sort_order`, `created_at`, `updated_at`) VALUES ('2', 'Template 1 - Default Layout (Current Design)', 'template_1', 'https://drive.google.com/file/d/1rC93lcH8ZC8dWfnFvZC6LmWq8U2oDNSp/view?usp=sharing', NULL, '1', '1', '2025-12-31 14:10:59', '2026-03-14 15:39:35');
INSERT INTO `theme_showcases` (`id`, `name`, `theme_key`, `image`, `url`, `is_active`, `sort_order`, `created_at`, `updated_at`) VALUES ('3', 'Template 2 - Modern Grid Layout', 'template_2', 'https://drive.google.com/file/d/1rP39NBgtGKDTi7eaYbySoywNUZu_LiIU/view?usp=sharing', NULL, '1', '2', '2025-12-31 14:10:59', '2025-12-31 14:43:59');
INSERT INTO `theme_showcases` (`id`, `name`, `theme_key`, `image`, `url`, `is_active`, `sort_order`, `created_at`, `updated_at`) VALUES ('4', 'Template 3 - Minimal Clean Layout', 'template_3', 'https://drive.google.com/file/d/1TJXeVzrK7oxytZgmcotNcd-j5It4Mj4p/view?usp=sharing', NULL, '1', '3', '2025-12-31 14:10:59', '2025-12-31 14:26:17');
INSERT INTO `theme_showcases` (`id`, `name`, `theme_key`, `image`, `url`, `is_active`, `sort_order`, `created_at`, `updated_at`) VALUES ('5', 'Template 4 - Full Width Magazine Style', 'template_4', NULL, NULL, '0', '4', '2025-12-31 14:10:59', '2025-12-31 14:20:44');
INSERT INTO `theme_showcases` (`id`, `name`, `theme_key`, `image`, `url`, `is_active`, `sort_order`, `created_at`, `updated_at`) VALUES ('6', 'Template 5 - Card-Based Modern Layout', 'template_5', NULL, NULL, '0', '5', '2025-12-31 14:10:59', '2025-12-31 14:20:48');


CREATE TABLE `users` (
  `id` bigint unsigned NOT NULL AUTO_INCREMENT,
  `name` varchar(255) COLLATE utf8mb4_unicode_ci NOT NULL,
  `email` varchar(255) COLLATE utf8mb4_unicode_ci NOT NULL,
  `email_verified_at` timestamp NULL DEFAULT NULL,
  `password` varchar(255) COLLATE utf8mb4_unicode_ci NOT NULL,
  `remember_token` varchar(100) COLLATE utf8mb4_unicode_ci DEFAULT NULL,
  `created_at` timestamp NULL DEFAULT NULL,
  `updated_at` timestamp NULL DEFAULT NULL,
  PRIMARY KEY (`id`),
  UNIQUE KEY `users_email_unique` (`email`)
) ENGINE=InnoDB AUTO_INCREMENT=9 DEFAULT CHARSET=utf8mb4 COLLATE=utf8mb4_unicode_ci;

INSERT INTO `users` (`id`, `name`, `email`, `email_verified_at`, `password`, `remember_token`, `created_at`, `updated_at`) VALUES ('1', 'Admin', 'admin@bacpsc.edu.bd', '2025-12-17 15:20:44', '$2y$12$7Yi.j2LIt733CcLjqKuRdeDcjxR9MGRUMOFOhUguoaCsD/VZKNO.2', 'YAIXT4YOVRcfcokcaa627DUesh6oG0Uuu40Td5SFJOZ5fwns3TfVjVkyWu1C', '2025-11-22 12:11:21', '2025-12-17 15:20:44');
INSERT INTO `users` (`id`, `name`, `email`, `email_verified_at`, `password`, `remember_token`, `created_at`, `updated_at`) VALUES ('3', 'zahid', 'zahid@bacpsc.edu.bd', NULL, '$2y$12$t0q4sY.xXXN39gZQZr1kiu9Fmp5Ek/bPiXyU2mxdJ5rqdJbV77K7y', NULL, '2025-11-22 21:25:56', '2025-11-22 21:25:56');
INSERT INTO `users` (`id`, `name`, `email`, `email_verified_at`, `password`, `remember_token`, `created_at`, `updated_at`) VALUES ('4', 'Sumon', 'sumon@bacpsc.edu.bd', NULL, '$2y$12$ovQeIopk1Pq5cnmXvcOTZuA8S/gu7ei4MDAZJoa/efmB.N2F6ML8q', NULL, '2025-11-22 21:40:05', '2025-11-22 21:43:53');
INSERT INTO `users` (`id`, `name`, `email`, `email_verified_at`, `password`, `remember_token`, `created_at`, `updated_at`) VALUES ('5', 'Super Admin', 'admin@admin.com', '2025-12-17 15:16:55', '$2y$12$IICjR6LmvWDRezRqkM0..uu20lpjTvyO4RKuNIe1sTI/MZT9ttihm', NULL, '2025-12-17 15:16:55', '2025-12-17 15:16:55');
INSERT INTO `users` (`id`, `name`, `email`, `email_verified_at`, `password`, `remember_token`, `created_at`, `updated_at`) VALUES ('6', 'Shimul (Super Admin)', 'shimul.amarschool@gmail.com', NULL, '$2y$12$mwnwiEzvmH4yAK1UNpdJau.72AEfy9PIT0aIppIMA6AT7crSeMDD.', NULL, '2025-12-22 18:51:24', '2025-12-22 18:54:49');
INSERT INTO `users` (`id`, `name`, `email`, `email_verified_at`, `password`, `remember_token`, `created_at`, `updated_at`) VALUES ('7', 'Regular User', 'user@test.com', NULL, '$2y$12$5PazZvIKHPFDsSzh1747R.oGNkQxbYFk.OOk6lTLYC0Gh1tz5FVRm', NULL, '2025-12-22 18:51:25', '2025-12-22 18:51:25');
INSERT INTO `users` (`id`, `name`, `email`, `email_verified_at`, `password`, `remember_token`, `created_at`, `updated_at`) VALUES ('8', 'Shimul Hossain', 'shimulvisa@gmail.com', NULL, '$2y$12$LnMNgqqhgf902QVmmgMbWeRhD1z76jGPr9bizXkIQ/04qKe9Dw2zC', NULL, '2025-12-23 10:32:15', '2025-12-23 10:32:15');


CREATE TABLE `video_galleries` (
  `id` bigint unsigned NOT NULL AUTO_INCREMENT,
  `title` varchar(255) COLLATE utf8mb4_unicode_ci NOT NULL,
  `slug` varchar(255) COLLATE utf8mb4_unicode_ci NOT NULL,
  `created_by` bigint unsigned DEFAULT NULL,
  `videos` longtext CHARACTER SET utf8mb4 COLLATE utf8mb4_bin,
  `is_active` tinyint(1) NOT NULL DEFAULT '1',
  `published_at` date DEFAULT NULL,
  `created_at` timestamp NULL DEFAULT NULL,
  `updated_at` timestamp NULL DEFAULT NULL,
  PRIMARY KEY (`id`),
  UNIQUE KEY `video_galleries_slug_unique` (`slug`),
  KEY `video_galleries_created_by_foreign` (`created_by`),
  CONSTRAINT `video_galleries_created_by_foreign` FOREIGN KEY (`created_by`) REFERENCES `users` (`id`) ON DELETE SET NULL,
  CONSTRAINT `video_galleries_chk_1` CHECK (json_valid(`videos`))
) ENGINE=InnoDB AUTO_INCREMENT=3 DEFAULT CHARSET=utf8mb4 COLLATE=utf8mb4_unicode_ci;

INSERT INTO `video_galleries` (`id`, `title`, `slug`, `created_by`, `videos`, `is_active`, `published_at`, `created_at`, `updated_at`) VALUES ('2', 'এসো বাংলা শিখি', 'eso-bangla-sikhi-hzebqx', '1', '[{\"info\": null, \"title\": \"এসো বাংলা শিখি\", \"youtube_url\": \"https://youtu.be/XfvEBZT--LY\"}]', '1', NULL, '2025-12-17 13:38:30', '2025-12-17 13:38:30');


CREATE TABLE `welcome_sections` (
  `id` bigint unsigned NOT NULL AUTO_INCREMENT,
  `title` varchar(255) COLLATE utf8mb4_unicode_ci NOT NULL DEFAULT 'Welcome To BCPSC',
  `content` text COLLATE utf8mb4_unicode_ci NOT NULL,
  `image_url` text COLLATE utf8mb4_unicode_ci,
  `button_text` varchar(255) COLLATE utf8mb4_unicode_ci DEFAULT NULL,
  `button_url` varchar(255) COLLATE utf8mb4_unicode_ci DEFAULT NULL,
  `is_active` tinyint(1) NOT NULL DEFAULT '1',
  `created_at` timestamp NULL DEFAULT NULL,
  `updated_at` timestamp NULL DEFAULT NULL,
  PRIMARY KEY (`id`)
) ENGINE=InnoDB AUTO_INCREMENT=2 DEFAULT CHARSET=utf8mb4 COLLATE=utf8mb4_unicode_ci;

INSERT INTO `welcome_sections` (`id`, `title`, `content`, `image_url`, `button_text`, `button_url`, `is_active`, `created_at`, `updated_at`) VALUES ('1', 'Welcome to Dhaka Cantt Girls\' Public School & College', 'Welcome to the website of Dhaka Cantonment Girls’ Public School and College. Our institution is dedicated to nurturing academically accomplished young women with highly developed interpersonal skills and a broad range of interests. We aim to equip our students to compete at the highest levels, both nationally and internationally, alongside the brightest and the best.\nWe are committed to providing excellent teaching and a dynamic program of extracurricular opportunities in a happy, vibrant atmosphere where every girl is encouraged to achieve her full potential. We value your feedback on our development and welcome any ideas for improvement. If you have suggestions, please email us and let us know.\n\nDhaka Cantonment Girls’ Public School & College is one of the most reputed institutions in Dhaka Cantonment. Nestled in a serene and picturesque environment, away from the hustle and bustle of the city, the college embarked on its journey in mid-2005.\nThe college offers both Bangla and English versions of study, allowing students to choose between Science and Business Studies. Each version has its own spacious building, including the pre-primary, school, and college sections. All classrooms are equipped with multimedia projectors and audio systems. Recently, a central public address system was installed for important announcements to students and teachers. Additionally, a large LED display has been installed in the college auditorium for conducting classes, presentations, and cultural programs.\nIn addition to ample classrooms, the college boasts four science laboratories and a well-stocked library. The two computer labs are fully air-conditioned and equipped with modern computers.\n\nThe institution supports extracurricular activities through its 14 clubs, including the Debate Club, English Language Club, Bangla Language and Literature Club, Arabic Language Club, Cultural Club, Sports Club, Science Club, Business Club, Math Olympiad Club, Nature Study Club, ICT Club, Art Club, Taekwondo Club, and Bangladesh National Cadet Corps club. Students are divided into four houses—Taramon Bibi House, Jahanara Imam House, Begum Rokeya House, and Begum Sufia Kamal House—for both academic and extracurricular activities. The institution has achieved remarkable success in a short span of time.', 'https://drive.google.com/file/d/1Zg2u57qunWNrkt5yAi03qYjGfZGFkqUe/view?usp=sharing', 'Details ', 'https://bacpsc.edu.bd/details', '1', '2025-11-22 19:33:10', '2026-03-16 10:25:55');


SET FOREIGN_KEY_CHECKS=1;